track_name,artist(s)_name,artist_count,released_year,released_month,released_day,in_spotify_playlists,in_spotify_charts,streams,in_apple_playlists,in_apple_charts,in_deezer_playlists,in_deezer_charts,in_shazam_charts,bpm,key,mode,danceability_%,valence_%,energy_%,acousticness_%,instrumentalness_%,liveness_%,speechiness_%,released_date,cluster
Seven (feat. Latto) (Explicit Ver.),"Latto, Jung Kook",2,2023,7,14,553,147,141381703,43,263,45,10,826,125.0,B,Major,80.0,89.0,83.0,31.0,0.0,8.0,4.0,2023-07-14,0
LALA,Myke Towers,1,2023,3,23,1474,48,133716286,48,126,58,14,382,92.0,C#,Major,71.0,61.0,74.0,7.0,0.0,10.0,4.0,2023-03-23,0
vampire,Olivia Rodrigo,1,2023,6,30,1397,113,140003974,94,207,91,14,949,138.0,F,Major,51.0,32.0,53.0,17.0,0.0,31.0,6.0,2023-06-30,0
Cruel Summer,Taylor Swift,1,2019,8,23,7858,100,800840817,116,207,125,12,548,170.0,A,Major,55.0,58.0,72.0,11.0,0.0,11.0,15.0,2019-08-23,0
WHERE SHE GOES,Bad Bunny,1,2023,5,18,3133,50,303236322,84,133,87,15,425,144.0,A,Minor,65.0,23.0,80.0,14.0,63.0,11.0,6.0,2023-05-18,1
Sprinter,"Dave, Central Cee",2,2023,6,1,2186,91,183706234,67,213,88,17,946,141.0,C#,Major,92.0,66.0,58.0,19.0,0.0,8.0,24.0,2023-06-01,0
Ella Baila Sola,"Eslabon Armado, Peso Pluma",2,2023,3,16,3090,50,725980112,34,222,43,13,418,148.0,F,Minor,67.0,83.0,76.0,48.0,0.0,8.0,3.0,2023-03-16,1
Columbia,Quevedo,1,2023,7,7,714,43,58149378,25,89,30,13,194,100.0,F,Major,67.0,26.0,71.0,37.0,0.0,11.0,4.0,2023-07-07,0
fukumean,Gunna,1,2023,5,15,1096,83,95217315,60,210,48,11,953,130.0,C#,Minor,85.0,22.0,62.0,12.0,0.0,28.0,9.0,2023-05-15,1
La Bebe - Remix,"Peso Pluma, Yng Lvcas",2,2023,3,17,2953,44,553634067,49,110,66,13,339,170.0,D,Minor,81.0,56.0,48.0,21.0,0.0,8.0,33.0,2023-03-17,1
un x100to,"Bad Bunny, Grupo Frontera",2,2023,4,17,2876,40,505671438,41,205,54,12,251,83.0,F#,Minor,57.0,56.0,72.0,23.0,0.0,27.0,5.0,2023-04-17,1
Super Shy,NewJeans,1,2023,7,7,422,55,58255150,37,202,21,5,168,150.0,F,Minor,78.0,52.0,82.0,18.0,0.0,15.0,7.0,2023-07-07,1
Flowers,Miley Cyrus,1,2023,1,12,12211,115,1316855716,300,215,745,58,1021,118.0,Unknown,Major,71.0,65.0,68.0,6.0,0.0,3.0,7.0,2023-01-12,0
Daylight,David Kushner,1,2023,4,14,3528,98,387570742,80,156,182,24,1281,130.0,D,Minor,51.0,32.0,43.0,83.0,0.0,9.0,3.0,2023-04-14,1
As It Was,Harry Styles,1,2022,3,31,23575,130,2513188493,403,198,863,46,0,174.0,F#,Minor,52.0,66.0,73.0,34.0,0.0,31.0,6.0,2022-03-31,1
Kill Bill,SZA,1,2022,12,8,8109,77,1163093654,183,162,161,12,187,89.0,G#,Major,64.0,43.0,73.0,5.0,17.0,16.0,4.0,2022-12-08,0
Cupid - Twin Ver.,Fifty Fifty,1,2023,2,24,2942,77,496795686,91,212,78,6,0,120.0,B,Minor,78.0,76.0,59.0,43.0,0.0,34.0,3.0,2023-02-24,1
"What Was I Made For? [From The Motion Picture ""Barbie""]",Billie Eilish,1,2023,7,13,873,104,30546883,80,227,95,24,1173,78.0,Unknown,Major,44.0,14.0,9.0,96.0,0.0,10.0,3.0,2023-07-13,0
Classy 101,"Feid, Young Miko",2,2023,3,31,2610,40,335222234,43,100,54,14,187,100.0,B,Major,86.0,67.0,66.0,14.0,0.0,12.0,16.0,2023-03-31,0
Like Crazy,Jimin,1,2023,3,24,596,68,363369738,8,104,23,2,29,120.0,G,Major,63.0,36.0,73.0,0.0,0.0,36.0,4.0,2023-03-24,0
LADY GAGA,"Gabito Ballesteros, Junior H, Peso Pluma",3,2023,6,22,332,26,86444842,11,163,10,4,0,140.0,F,Minor,65.0,87.0,74.0,22.0,0.0,42.0,4.0,2023-06-22,1
I Can See You (Taylorï¿½ï¿½ï¿½s Version) (From The ,Taylor Swift,1,2023,7,7,516,38,52135248,73,119,42,1,150,123.0,F#,Major,69.0,82.0,76.0,6.0,0.0,6.0,3.0,2023-07-07,0
I Wanna Be Yours,Arctic Monkeys,1,2013,1,1,12859,110,1297026226,24,98,582,2,73,135.0,Unknown,Minor,48.0,44.0,42.0,12.0,2.0,11.0,3.0,2013-01-01,1
"Peso Pluma: Bzrp Music Sessions, Vol. 55","Bizarrap, Peso Pluma",2,2023,5,31,1313,40,200647221,17,152,32,11,139,133.0,F,Minor,85.0,81.0,67.0,26.0,0.0,12.0,5.0,2023-05-31,1
Popular (with Playboi Carti & Madonna) - The Idol Vol. 1 (Music from the HBO Original Series),"The Weeknd, Madonna, Playboi Carti",3,2023,6,2,1945,87,115364561,74,182,87,14,1093,99.0,C#,Major,85.0,83.0,68.0,7.0,0.0,36.0,20.0,2023-06-02,0
SABOR FRESA,Fuerza Regida,1,2023,6,22,250,26,78300654,16,149,10,5,168,130.0,G,Minor,79.0,96.0,86.0,9.0,0.0,9.0,9.0,2023-06-22,1
Calm Down (with Selena Gomez),"Rï¿½ï¿½ma, Selena G",2,2022,3,25,7112,77,899183384,202,119,318,38,96,107.0,B,Major,80.0,82.0,80.0,43.0,0.0,14.0,4.0,2022-03-25,0
MOJABI GHOST,"Tainy, Bad Bunny",2,2023,6,29,859,40,61245289,35,109,41,14,211,122.0,F#,Minor,81.0,74.0,71.0,14.0,0.0,56.0,4.0,2023-06-29,1
Last Night,Morgan Wallen,1,2023,1,31,2420,19,429829812,52,107,15,1,325,204.0,F#,Major,52.0,52.0,68.0,46.0,0.0,15.0,4.0,2023-01-31,0
Dance The Night (From Barbie The Album),Dua Lipa,1,2023,5,25,2988,101,127408954,0,0,143,38,0,110.0,B,Minor,67.0,78.0,85.0,2.0,0.0,33.0,5.0,2023-05-25,1
Rush,Troye Sivan,1,2023,7,13,864,78,22581161,71,135,50,1,294,126.0,F,Minor,74.0,35.0,84.0,0.0,0.0,11.0,6.0,2023-07-13,1
TULUM,"Peso Pluma, Grupo Frontera",2,2023,6,28,266,34,52294266,20,185,13,8,197,168.0,F#,Major,56.0,63.0,87.0,39.0,0.0,11.0,5.0,2023-06-28,0
Creepin',"The Weeknd, 21 Savage, Metro Boomin",3,2022,12,2,6036,88,843957510,113,149,245,23,27,98.0,C#,Minor,71.0,17.0,61.0,36.0,0.0,8.0,5.0,2022-12-02,1
Anti-Hero,Taylor Swift,1,2022,10,21,9082,56,999748277,242,142,165,9,310,97.0,E,Major,64.0,51.0,63.0,12.0,0.0,19.0,5.0,2022-10-21,0
TQG,"Karol G, Shakira",2,2023,2,23,4284,49,618990393,115,123,184,18,354,180.0,E,Minor,72.0,61.0,63.0,67.0,0.0,9.0,28.0,2023-02-23,1
Los del Espacio,"Big One, Duki, Lit Killah, Maria Becerra, FMK, Rusherking, Emilia, Tiago pzk",8,2023,6,1,1150,31,123122413,22,33,34,7,184,120.0,Unknown,Major,81.0,63.0,68.0,11.0,0.0,11.0,4.0,2023-06-01,0
Frï¿½ï¿½gil (feat. Grupo Front,"Yahritza Y Su Esencia, Grupo Frontera",2,2023,4,7,672,34,188933502,19,108,24,9,212,150.0,F#,Major,61.0,39.0,73.0,37.0,0.0,11.0,3.0,2023-04-07,0
Blank Space,Taylor Swift,1,2014,1,1,11434,53,1355959075,154,123,410,2,81,96.0,F,Major,75.0,57.0,68.0,9.0,0.0,13.0,6.0,2014-01-01,0
Style,Taylor Swift,1,2014,1,1,7830,42,786181836,94,111,151,4,82,95.0,D,Major,60.0,48.0,79.0,0.0,0.0,12.0,4.0,2014-01-01,0
TQM,Fuerza Regida,1,2023,5,19,584,28,176553476,16,159,15,6,100,125.0,F,Minor,79.0,96.0,85.0,27.0,0.0,11.0,6.0,2023-05-19,1
El Azul,"Junior H, Peso Pluma",2,2023,2,10,692,25,354495408,10,107,6,3,62,144.0,A,Minor,56.0,84.0,65.0,23.0,0.0,10.0,6.0,2023-02-10,1
Sunflower - Spider-Man: Into the Spider-Verse,"Post Malone, Swae Lee",2,2018,10,9,24094,78,2808096550,372,117,843,4,69,90.0,D,Major,76.0,91.0,50.0,54.0,0.0,7.0,5.0,2018-10-09,0
I'm Good (Blue),"Bebe Rexha, David Guetta",2,2022,8,26,12482,80,1109433169,291,184,537,45,727,128.0,G,Minor,56.0,38.0,97.0,4.0,0.0,35.0,4.0,2022-08-26,1
See You Again,"Tyler, The Creator, Kali Uchis",3,2017,7,21,13387,64,1047101291,77,58,247,1,311,79.0,F#,Major,56.0,58.0,56.0,37.0,0.0,11.0,10.0,2017-07-21,0
Barbie World (with Aqua) [From Barbie The Album],"Nicki Minaj, Aqua, Ice Spice",3,2023,6,23,1117,80,65156199,82,145,65,16,1133,144.0,Unknown,Major,77.0,75.0,58.0,52.0,0.0,23.0,25.0,2023-06-23,0
Angels Like You,Miley Cyrus,1,2020,11,27,3372,19,570515054,65,48,138,1,102,122.0,F,Major,67.0,49.0,64.0,10.0,0.0,10.0,3.0,2020-11-27,0
I Ain't Worried,OneRepublic,1,2022,5,13,8431,76,1085685420,241,127,458,37,332,140.0,Unknown,Major,71.0,82.0,81.0,11.0,0.0,6.0,5.0,2022-05-13,0
Die For You,The Weeknd,1,2016,11,24,2483,59,1647990401,68,21,24,0,259,134.0,C#,Minor,59.0,51.0,52.0,9.0,0.0,15.0,7.0,2016-11-24,1
Starboy,"The Weeknd, Daft Punk",2,2016,9,21,29536,79,2565529693,281,137,2445,1,140,186.0,G,Major,68.0,49.0,59.0,16.0,0.0,13.0,28.0,2016-09-21,0
Die For You - Remix,"Ariana Grande, The Weeknd",2,2023,2,24,3408,47,518745108,87,86,74,1,16,67.0,C#,Minor,53.0,50.0,53.0,23.0,0.0,44.0,7.0,2023-02-24,1
El Cielo,"Feid, Myke Towers, Sky Rompiendo",3,2023,6,2,1298,38,107753850,44,64,57,10,110,106.0,A#,Minor,72.0,17.0,64.0,7.0,0.0,10.0,5.0,2023-06-02,1
Baby Don't Hurt Me,"David Guetta, Anne-Marie, Coi Leray",3,2023,4,6,4277,66,177740666,145,111,213,11,810,128.0,G,Major,60.0,23.0,91.0,0.0,0.0,12.0,3.0,2023-04-06,0
AMARGURA,Karol G,1,2023,2,24,1133,39,153372011,14,71,23,10,176,107.0,F#,Minor,92.0,55.0,70.0,18.0,0.0,15.0,7.0,2023-02-24,1
(It Goes Like) Nanana - Edit,Peggy Gou,1,2023,6,15,2259,59,57876440,0,0,109,17,0,130.0,G,Minor,67.0,96.0,88.0,12.0,19.0,8.0,4.0,2023-06-15,1
Another Love,Tom Odell,1,2012,10,15,18371,83,1813673666,250,122,3394,19,0,123.0,E,Minor,45.0,13.0,54.0,70.0,0.0,9.0,4.0,2012-10-15,1
Blinding Lights,The Weeknd,1,2019,11,29,43899,69,3703895074,672,199,3421,20,0,171.0,C#,Major,50.0,38.0,80.0,0.0,0.0,9.0,7.0,2019-11-29,0
Moonlight,Kali Uchis,1,2023,2,24,2649,42,256483385,67,79,57,1,615,137.0,G,Minor,64.0,88.0,72.0,51.0,0.0,17.0,5.0,2023-02-24,1
La Bachata,Manuel Turizo,1,2022,5,26,6804,45,1214083358,139,111,161,15,210,125.0,G,Minor,84.0,85.0,68.0,58.0,0.0,22.0,4.0,2022-05-26,1
S91,Karol G,1,2023,7,14,525,41,16011326,34,115,39,6,216,128.0,Unknown,Minor,86.0,42.0,72.0,59.0,0.0,9.0,19.0,2023-07-14,1
cardigan,Taylor Swift,1,2020,7,24,7923,29,812019557,106,112,142,4,215,130.0,Unknown,Minor,61.0,53.0,58.0,55.0,0.0,27.0,4.0,2020-07-24,1
Tï¿½ï¿,"dennis, MC Kevin o Chris",2,2023,5,4,731,15,111947664,27,17,73,4,167,130.0,B,Major,86.0,59.0,96.0,50.0,1.0,9.0,5.0,2023-05-04,0
Boy's a liar Pt. 2,"PinkPantheress, Ice Spice",2,2023,2,3,5184,41,156338624,154,84,102,14,37,133.0,F,Major,70.0,86.0,81.0,25.0,0.0,25.0,5.0,2023-02-03,0
Left and Right (Feat. Jung Kook of BTS),"Charlie Puth, BTS, Jung Kook",3,2022,6,24,3107,39,720434240,38,0,4,0,0,101.0,D,Major,88.0,72.0,59.0,62.0,0.0,9.0,3.0,2022-06-24,0
BESO,"Rauw Alejandro, ROSALï¿½",2,2023,3,24,4053,50,357925728,82,121,182,12,171,95.0,F,Minor,77.0,53.0,64.0,74.0,0.0,17.0,14.0,2023-03-24,1
Hey Mor,"Ozuna, Feid",2,2022,10,6,4637,38,674072710,63,79,89,11,16,98.0,C#,Minor,90.0,40.0,59.0,0.0,0.0,10.0,29.0,2022-10-06,1
Yellow,Chris Molitor,1,1999,1,1,31358,43,1755214421,196,2,4053,5,0,173.0,B,Major,43.0,28.0,66.0,0.0,0.0,23.0,3.0,1999-01-01,0
Karma,Taylor Swift,1,2022,10,21,3818,23,404562836,37,55,32,0,272,90.0,G#,Major,64.0,10.0,62.0,7.0,0.0,48.0,7.0,2022-10-21,0
People,Libianca,1,2022,12,2,3506,56,373199958,105,64,169,8,529,198.0,A#,Minor,59.0,71.0,42.0,55.0,0.0,10.0,7.0,2022-12-02,1
Overdrive,Post Malone,1,2023,7,14,410,36,14780425,36,32,31,1,26,140.0,C#,Major,56.0,48.0,73.0,0.0,0.0,35.0,4.0,2023-07-14,0
Enchanted (Taylor's Version),Taylor Swift,1,2023,7,7,148,24,39578178,32,93,8,2,5,82.0,G#,Major,51.0,22.0,53.0,1.0,0.0,15.0,3.0,2023-07-07,0
BABY HELLO,"Rauw Alejandro, Bizarrap",2,2023,6,23,1004,35,54266102,42,80,58,3,169,130.0,C#,Minor,77.0,84.0,89.0,17.0,0.0,43.0,5.0,2023-06-23,1
Heat Waves,Glass Animals,1,2020,6,28,22543,63,2557975762,386,144,707,28,0,81.0,B,Major,76.0,53.0,53.0,44.0,0.0,9.0,9.0,2020-06-28,0
golden hour,JVKE,1,2022,7,15,4511,36,751134527,70,58,109,18,230,94.0,C#,Minor,51.0,14.0,59.0,65.0,18.0,25.0,3.0,2022-07-15,1
Sweater Weather,The Neighbourhood,1,2012,5,14,16413,61,2282771485,166,87,1056,1,0,124.0,A#,Major,61.0,41.0,81.0,5.0,2.0,10.0,3.0,2012-05-14,0
"Quevedo: Bzrp Music Sessions, Vol. 52","Bizarrap, Quevedo",2,2022,7,6,8506,45,1356565093,94,65,164,14,176,128.0,D,Major,62.0,55.0,78.0,1.0,3.0,23.0,4.0,2022-07-06,0
Viva La Vida,Coldplay,1,2008,1,1,33898,62,1592909789,233,0,4095,9,0,138.0,F,Minor,49.0,42.0,62.0,9.0,0.0,11.0,3.0,2008-01-01,1
Here With Me,d4vd,1,2022,7,17,3246,23,635412045,94,85,68,1,84,132.0,E,Major,58.0,27.0,48.0,50.0,0.0,12.0,3.0,2022-07-17,0
Unholy (feat. Kim Petras),"Sam Smith, Kim Petras",2,2022,9,22,8576,42,1230675890,216,108,331,26,154,131.0,D,Major,71.0,24.0,47.0,1.0,0.0,27.0,9.0,2022-09-22,0
Yandel 150,"Yandel, Feid",2,2022,12,20,3618,38,585695368,47,74,80,14,194,168.0,F#,Minor,78.0,58.0,73.0,5.0,0.0,10.0,7.0,2022-12-20,1
CORAZï¿½ï¿½N VA,Maria Becerra,1,2023,6,22,370,20,43857627,12,16,18,4,93,98.0,C#,Major,68.0,40.0,79.0,33.0,0.0,30.0,6.0,2023-06-22,0
Riptide,Vance Joy,1,1975,1,1,31123,55,2009094673,300,65,1003,1,0,102.0,C#,Major,48.0,50.0,73.0,43.0,0.0,15.0,4.0,1975-01-01,0
Until I Found You (with Em Beihold) - Em Beihold Version,"Em Beihold, Stephen Sanchez",2,2022,4,22,2790,30,600976848,60,96,71,0,115,101.0,A#,Major,34.0,32.0,57.0,78.0,0.0,20.0,3.0,2022-04-22,0
Novidade na ï¿½ï¿,"Mc Livinho, DJ Matt D",2,2023,6,23,267,9,39709092,9,6,25,2,72,130.0,F,Major,63.0,36.0,34.0,76.0,0.0,35.0,9.0,2023-06-23,0
Back To December (Taylor's Version),Taylor Swift,1,2023,7,7,139,17,39228929,16,72,5,0,8,142.0,D,Major,50.0,20.0,64.0,1.0,0.0,12.0,3.0,2023-07-07,0
STAY (with Justin Bieber),"Justin Bieber, The Kid Laroi",2,2021,7,9,17050,36,2665343922,492,99,798,31,0,170.0,C#,Major,59.0,48.0,76.0,4.0,0.0,10.0,5.0,2021-07-09,0
El Merengue,"Marshmello, Manuel Turizo",2,2023,3,3,2114,44,223633238,80,75,110,11,323,124.0,G#,Minor,78.0,70.0,68.0,3.0,1.0,11.0,4.0,2023-03-03,1
Someone You Loved,Lewis Capaldi,1,2018,11,8,17836,53,2887241814,440,125,1800,0,0,110.0,C#,Major,50.0,45.0,41.0,75.0,0.0,11.0,3.0,2018-11-08,0
Me Porto Bonito,"Chencho Corleone, Bad Bunny",2,2022,5,6,8870,43,1440757818,104,120,141,26,49,92.0,C#,Minor,91.0,43.0,71.0,9.0,0.0,9.0,8.0,2022-05-06,1
Makeba,Jain,1,2015,6,22,6060,53,165484133,150,148,2703,22,1451,116.0,D,Major,82.0,40.0,66.0,39.0,51.0,25.0,7.0,2015-06-22,0
MONTAGEM - FR PUNK,"Ayparia, unxbected",2,2012,6,20,641,50,58054811,1,52,8,0,1170,129.0,A,Major,63.0,84.0,82.0,70.0,8.0,9.0,7.0,2012-06-20,0
Fast Car,Luke Combs,1,2023,3,24,1446,12,157058870,57,97,35,0,429,98.0,G#,Major,71.0,67.0,60.0,19.0,0.0,12.0,3.0,2023-03-24,0
What It Is (Solo Version),Doechii,1,2023,3,17,804,25,95131998,29,76,24,0,162,172.0,C#,Minor,74.0,76.0,76.0,6.0,0.0,10.0,9.0,2023-03-17,1
Coco Chanel,"Bad Bunny, Eladio Carrion",2,2023,3,17,1962,38,250305248,28,89,29,5,82,150.0,D,Major,68.0,14.0,76.0,4.0,0.0,10.0,4.0,2023-03-17,0
Donï¿½ï¿½ï¿½t Bl,Taylor Swift,1,2017,11,8,4875,23,685032533,19,45,0,0,10,136.0,A,Minor,62.0,19.0,53.0,11.0,0.0,6.0,4.0,2017-11-08,1
Still With You,Jung Kook,1,2020,6,5,31,39,38411956,2,107,8,0,0,88.0,C#,Minor,53.0,34.0,47.0,9.0,0.0,83.0,4.0,2020-06-05,1
All My Life (feat. J. Cole),"J. Cole, Lil Durk",2,2023,5,12,2175,23,144565150,69,145,69,2,478,143.0,D#,Major,83.0,69.0,44.0,15.0,0.0,10.0,33.0,2023-05-12,0
Say Yes To Heaven,Lana Del Rey,1,2023,3,17,2000,46,127567540,49,105,63,1,0,100.0,F#,Minor,49.0,17.0,35.0,71.0,9.0,11.0,3.0,2023-03-17,1
Snooze,SZA,1,2022,12,9,2839,25,399686758,58,156,42,1,236,143.0,F,Major,56.0,39.0,55.0,14.0,0.0,11.0,13.0,2022-12-09,0
Summertime Sadness,Lana Del Rey,1,2011,1,1,20333,52,983637508,89,143,1632,3,200,112.0,C#,Minor,56.0,24.0,66.0,7.0,0.0,12.0,3.0,2011-01-01,1
Take Two,BTS,1,2023,6,9,674,47,118482347,20,106,25,4,78,93.0,G,Major,62.0,57.0,59.0,3.0,0.0,38.0,3.0,2023-06-09,0
Lover,Taylor Swift,1,2012,1,1,8448,23,882831184,160,110,163,0,5,206.0,G,Major,43.0,50.0,55.0,50.0,0.0,15.0,10.0,2012-01-01,0
Too Many Nights (feat. Don Toliver & with Future),"Future, Metro Boomin, Don Toliver",3,2022,12,2,2110,58,286400165,17,119,19,2,266,88.0,G,Minor,68.0,17.0,71.0,15.0,0.0,11.0,5.0,2022-12-02,1
Chemical,Post Malone,1,2023,4,14,2528,39,172825906,56,91,59,3,486,170.0,D,Major,50.0,37.0,90.0,0.0,0.0,12.0,5.0,2023-04-14,0
Mockingbird,Eminem,1,2004,1,1,12985,61,1241559043,49,98,2394,5,204,84.0,E,Minor,62.0,24.0,67.0,21.0,0.0,13.0,28.0,2004-01-01,1
New Jeans,NewJeans,1,2023,7,7,77,35,29562220,8,166,4,4,34,134.0,E,Minor,81.0,53.0,72.0,51.0,0.0,12.0,5.0,2023-07-07,1
Primera Cita,Carin Leon,1,2022,4,20,266,27,77309611,6,40,6,6,202,158.0,A#,Major,54.0,50.0,40.0,61.0,0.0,10.0,6.0,2022-04-20,0
Cold Heart - PNAU Remix,"Dua Lipa, Elton John, Pnau",3,2017,11,10,21097,52,1605224506,384,135,1034,37,312,116.0,C#,Major,80.0,92.0,80.0,4.0,0.0,10.0,3.0,2017-11-10,0
Dandelions,Ruth B.,1,2017,4,28,3423,21,1116995633,41,100,59,1,32,117.0,C#,Major,61.0,45.0,69.0,2.0,0.0,9.0,3.0,2017-04-28,0
Bones,Imagine Dragons,1,2021,3,11,4198,44,838079900,98,108,327,17,153,114.0,F,Minor,77.0,65.0,72.0,2.0,0.0,7.0,5.0,2021-03-11,1
Set Fire to the Rain,Adele,1,2011,1,1,14739,43,1163620694,88,112,2163,5,519,108.0,D,Minor,61.0,47.0,68.0,0.0,0.0,13.0,3.0,2011-01-01,1
Money Trees,"Kendrick Lamar, Jay Rock",2,2012,1,1,26792,32,1093605526,69,113,695,0,458,144.0,E,Minor,74.0,37.0,53.0,7.0,0.0,21.0,10.0,2012-01-01,1
Tak Segampang Itu,Anggi Marito,1,2022,12,2,213,6,179659294,7,6,0,0,48,130.0,F,Major,51.0,18.0,44.0,76.0,0.0,11.0,3.0,2022-12-02,0
LAGUNAS,"Jasiel Nuï¿½ï¿½ez, Peso P",2,2023,6,22,58,18,39058561,2,106,4,2,184,116.0,B,Major,77.0,79.0,62.0,33.0,1.0,15.0,3.0,2023-06-22,0
Mine (Taylor's Version),Taylor Swift,1,2023,7,7,99,15,36912123,21,52,6,1,0,121.0,G,Major,65.0,49.0,78.0,0.0,0.0,17.0,4.0,2023-07-07,0
Everybody Wants To Rule The World,Tears For Fears,1,1985,2,17,41751,25,1205951614,101,32,2655,0,666,112.0,G,Major,64.0,54.0,81.0,36.0,0.0,11.0,6.0,1985-02-17,0
No Role Modelz,J. Cole,1,2014,12,9,21164,36,1791000570,80,65,476,0,14,100.0,A#,Minor,70.0,47.0,52.0,30.0,0.0,6.0,33.0,2014-12-09,1
Tattoo,Loreen,1,2023,2,25,2988,59,201660859,74,102,145,18,925,150.0,D#,Minor,55.0,30.0,78.0,24.0,0.0,12.0,8.0,2023-02-25,1
Rara Vez,"Taiu, Milo j",2,2023,2,8,893,38,248088961,19,23,24,3,88,120.0,F,Minor,84.0,96.0,71.0,18.0,0.0,34.0,17.0,2023-02-08,1
VAGABUNDO,"Sebastian Yatra, Manuel Turizo, Beï¿½ï",3,2023,5,12,1094,34,90839753,40,58,47,8,203,127.0,B,Minor,82.0,89.0,85.0,4.0,0.0,23.0,6.0,2023-05-12,1
august,Taylor Swift,1,2020,7,24,7324,22,607123776,25,81,61,1,44,90.0,F,Major,51.0,42.0,61.0,53.0,0.0,9.0,3.0,2020-07-24,0
LUNA,"Junior H, Peso Pluma",2,2023,6,22,201,11,55842345,19,117,8,1,74,128.0,A,Minor,75.0,79.0,63.0,33.0,0.0,15.0,4.0,2023-06-22,1
Miracle (with Ellie Goulding),"Calvin Harris, Ellie Goulding",2,2023,3,10,5120,48,211050784,161,115,246,9,638,143.0,A,Major,64.0,31.0,87.0,4.0,4.0,8.0,4.0,2023-03-10,0
Nonsense,Sabrina Carpenter,1,2022,7,15,2346,27,342897938,69,12,38,8,64,139.0,G#,Major,74.0,68.0,68.0,3.0,0.0,26.0,4.0,2022-07-15,0
Que Vuelvas,"Carin Leon, Grupo Frontera",2,2022,12,9,763,26,2762,21,110,21,9,71,162.0,A#,Major,49.0,78.0,64.0,19.0,0.0,11.0,4.0,2022-12-09,0
Por las Noches,Peso Pluma,1,2021,6,11,457,24,330346424,8,116,4,3,2,92.0,Unknown,Major,81.0,39.0,60.0,31.0,0.0,7.0,3.0,2021-06-11,0
Feliz Cumpleaï¿½ï¿½os Fe,Feid,1,2022,8,19,3430,38,601863821,45,69,52,4,3,95.0,F,Major,87.0,57.0,55.0,10.0,0.0,29.0,7.0,2022-08-19,0
Can't Hold Us (feat. Ray Dalton),"Ray Dalton, Ryan Lewis, Macklemore",3,2011,8,16,6074,52,1953533826,201,44,6551,2,0,146.0,D,Major,63.0,88.0,93.0,3.0,0.0,10.0,8.0,2011-08-16,0
Watermelon Sugar,Harry Styles,1,2019,11,17,21915,34,2322580122,437,115,1212,12,0,95.0,Unknown,Major,55.0,56.0,82.0,12.0,0.0,34.0,5.0,2019-11-17,0
lovely - Bonus Track,"Billie Eilish, Khalid",2,2017,8,11,15032,30,2355719893,221,96,1078,2,136,115.0,E,Minor,35.0,12.0,30.0,93.0,0.0,10.0,3.0,2017-08-11,1
"Rauw Alejandro: Bzrp Music Sessions, Vol. 56","Rauw Alejandro, Bizarrap",2,2023,6,21,871,32,66902503,25,59,32,5,88,128.0,B,Major,78.0,59.0,65.0,10.0,0.0,26.0,5.0,2023-06-21,0
Queencard,(G)I-DLE,1,2023,5,15,451,33,96273746,10,126,7,0,148,130.0,E,Minor,82.0,69.0,83.0,3.0,0.0,27.0,5.0,2023-05-15,1
OMG,NewJeans,1,2023,1,2,1783,27,430977451,26,124,15,1,22,127.0,A,Minor,80.0,74.0,77.0,36.0,0.0,11.0,4.0,2023-01-02,1
Radio,Lana Del Rey,1,2011,1,1,9389,46,284819874,24,122,282,3,368,150.0,D,Major,42.0,20.0,86.0,21.0,0.0,9.0,9.0,2011-01-01,0
"Shakira: Bzrp Music Sessions, Vol. 53","Shakira, Bizarrap",2,2023,1,11,5724,44,721975598,119,108,254,29,22,122.0,D,Minor,78.0,50.0,63.0,27.0,0.0,9.0,5.0,2023-01-11,1
505,Arctic Monkeys,1,2007,4,20,13985,25,1217120710,30,80,588,1,1,140.0,Unknown,Major,52.0,20.0,85.0,0.0,0.0,7.0,5.0,2007-04-20,0
"Calling (Spider-Man: Across the Spider-Verse) (Metro Boomin & Swae Lee, NAV, feat. A Boogie Wit da Hoodie)","Swae Lee, A Boogie Wit da Hoodie, Metro Boomin, NAV",4,2023,6,2,1051,16,109276132,31,37,31,0,189,140.0,Unknown,Major,63.0,22.0,54.0,46.0,0.0,12.0,8.0,2023-06-02,0
Trance (with Travis Scott & Young Thug),"Travis Scott, Young Thug, Metro Boomin",3,2022,12,2,1682,46,276259178,24,90,30,1,176,119.0,C#,Minor,75.0,48.0,53.0,18.0,0.0,18.0,34.0,2022-12-02,1
"Tere Vaaste (From ""Zara Hatke Zara Bachke"")","Sachin-Jigar, Shadab Faridi, Altamash Faridi, Amitabh Bhattacharya, Varun Jain",5,2023,5,22,182,8,54225632,3,88,1,0,52,110.0,G,Minor,76.0,96.0,72.0,32.0,0.0,9.0,4.0,2023-05-22,1
Perfect,Ed Sheeran,1,2017,1,1,16596,13,2559529074,7,0,2094,0,0,95.0,G#,Major,60.0,17.0,45.0,16.0,0.0,11.0,2.0,2017-01-01,0
Romantic Homicide,d4vd,1,2022,7,20,2335,23,681583126,82,55,50,0,9,132.0,F#,Major,56.0,20.0,55.0,45.0,1.0,32.0,3.0,2022-07-20,0
Believer,Imagine Dragons,1,2017,1,31,18986,23,2594040133,250,121,2969,10,31,125.0,A#,Minor,77.0,74.0,78.0,4.0,0.0,23.0,11.0,2017-01-31,1
Novo Balanï¿½,"Veigh, Bvga Beatz, Supernova Ent, Prod Malax",4,2023,5,19,283,7,81102253,6,9,26,1,66,124.0,D#,Minor,84.0,65.0,50.0,67.0,0.0,13.0,6.0,2023-05-19,1
"Gol Bolinha, Gol Quadrado 2","Mc Pedrinho, DJ 900",2,2023,6,1,293,8,11956641,5,2,30,2,66,133.0,B,Minor,93.0,68.0,65.0,42.0,0.0,12.0,25.0,2023-06-01,1
Without Me,Eminem,1,2002,1,1,21081,43,1687664027,98,76,3889,5,0,112.0,G,Major,92.0,67.0,66.0,0.0,0.0,36.0,9.0,2002-01-01,0
QUEMA,"Sog, Ryan Castro, Peso Pluma",3,2023,7,13,437,31,11599388,17,29,26,3,208,97.0,Unknown,Major,79.0,92.0,89.0,5.0,0.0,6.0,5.0,2023-07-13,0
Stargirl Interlude,"The Weeknd, Lana Del Rey",2,2016,11,24,1275,32,611700552,13,8,5,0,1,90.0,F,Minor,59.0,52.0,48.0,38.0,5.0,10.0,11.0,2016-11-24,1
Ojitos Lindos,"Bomba Estï¿½ï¿½reo, Bad B",2,2022,5,6,6135,38,1133865788,71,113,99,13,28,80.0,D#,Minor,65.0,27.0,69.0,8.0,0.0,53.0,4.0,2022-05-06,1
Somewhere Only We Know,Keane,1,2004,1,1,20015,16,1089402494,107,69,5239,0,558,172.0,A,Major,45.0,33.0,59.0,6.0,0.0,8.0,3.0,2004-01-01,0
Those Eyes,New West,1,2019,5,10,1507,14,411747614,24,71,44,1,195,120.0,E,Major,60.0,24.0,35.0,73.0,0.0,31.0,3.0,2019-05-10,0
El Gordo Trae El Mando,Chino Pacas,1,2023,1,27,539,21,255932395,7,71,4,2,13,140.0,G,Minor,74.0,96.0,80.0,18.0,0.0,5.0,5.0,2023-01-27,1
Mi Bello Angel,Natanael Cano,1,2023,6,30,86,8,31873544,7,76,3,1,93,128.0,A,Minor,81.0,90.0,77.0,1.0,0.0,9.0,5.0,2023-06-30,1
Bye,Peso Pluma,1,2023,5,26,324,14,95053634,13,110,8,2,60,122.0,Unknown,Major,78.0,70.0,81.0,57.0,0.0,10.0,5.0,2023-05-26,0
Danza Kuduro,"Don Omar, Lucenzo",2,2010,1,1,17138,37,1279434863,119,81,974,1,503,130.0,Unknown,Major,47.0,86.0,92.0,8.0,0.0,5.0,24.0,2010-01-01,0
Nosso Quadro,"Ana Castela, AgroPlay",2,2023,2,2,894,9,233801632,14,88,66,3,72,160.0,A,Major,69.0,61.0,71.0,33.0,0.0,31.0,20.0,2023-02-02,0
Locked Out Of Heaven,Bruno Mars,1,2012,12,5,1622,9,1481349984,0,0,356,0,0,144.0,F,Major,73.0,87.0,70.0,6.0,0.0,28.0,5.0,2012-12-05,0
Un Finde | CROSSOVER #2,"Big One, FMK, Ke personajes",3,2023,4,4,561,14,142095275,4,14,12,5,56,192.0,B,Major,50.0,85.0,52.0,11.0,0.0,28.0,6.0,2023-04-04,0
Jimmy Cooks (feat. 21 Savage),"Drake, 21 Savage",2,2022,6,17,5871,27,618885532,81,121,58,1,34,163.0,Unknown,Major,54.0,40.0,67.0,0.0,0.0,9.0,17.0,2022-06-17,0
Counting Stars,OneRepublic,1,2013,1,1,29215,43,2011464183,179,97,3394,11,153,122.0,C#,Minor,66.0,48.0,71.0,6.0,0.0,12.0,4.0,2013-01-01,1
Ghost,Justin Bieber,1,2021,3,19,5866,24,1167330737,107,38,95,0,0,154.0,D,Major,61.0,41.0,74.0,21.0,0.0,40.0,6.0,2021-03-19,0
Under The Influence,Chris Brown,1,2019,10,4,3859,26,929964809,133,181,3,0,0,117.0,A,Minor,73.0,31.0,69.0,6.0,0.0,11.0,4.0,2019-10-04,1
PRC,"Natanael Cano, Peso Pluma",2,2023,1,23,961,26,436027885,19,143,10,6,15,138.0,G,Minor,78.0,89.0,83.0,10.0,0.0,12.0,5.0,2023-01-23,1
Gasolina,Daddy Yankee,1,2004,7,13,6457,18,657723613,98,95,453,0,454,96.0,Unknown,Major,86.0,74.0,80.0,33.0,0.0,8.0,6.0,2004-07-13,0
One Dance,"Drake, WizKid, Kyla",3,2016,4,4,43257,24,2713922350,433,107,3631,0,26,104.0,C#,Major,77.0,36.0,63.0,1.0,0.0,36.0,5.0,2016-04-04,0
Enchanted,Taylor Swift,1,2010,1,1,4564,16,621660989,24,101,113,0,40,164.0,G#,Major,45.0,24.0,62.0,8.0,0.0,16.0,3.0,2010-01-01,0
Save Your Tears,The Weeknd,1,2020,3,20,12688,13,1591223784,197,115,112,0,200,118.0,Unknown,Major,68.0,61.0,82.0,2.0,0.0,50.0,3.0,2020-03-20,0
Sure Thing,Miguel,1,2010,5,25,13801,19,950906471,137,125,435,6,285,81.0,B,Minor,68.0,51.0,60.0,3.0,0.0,19.0,10.0,2010-05-25,1
Every Breath You Take - Remastered 2003,The Police,1,1983,1,6,22439,19,1593270737,211,74,929,0,129,117.0,C#,Major,82.0,73.0,45.0,54.0,0.0,7.0,3.0,1983-01-06,0
The Night We Met,Lord Huron,1,2015,2,2,18515,35,1410088830,70,82,939,1,162,174.0,D,Major,45.0,10.0,37.0,97.0,25.0,64.0,4.0,2015-02-02,0
We Found Love,"Rihanna, Calvin Harris",2,2011,1,1,36843,21,1235005533,321,91,4607,1,58,128.0,C#,Major,73.0,60.0,77.0,3.0,0.0,11.0,4.0,2011-01-01,0
When I Was Your Man,Bruno Mars,1,2012,12,5,2420,11,1661187319,0,0,806,0,0,145.0,Unknown,Major,60.0,43.0,27.0,94.0,0.0,14.0,4.0,2012-12-05,0
Let Me Down Slowly,Alec Benjamin,1,2018,5,25,5897,19,1374581173,0,0,885,0,0,150.0,C#,Minor,65.0,51.0,55.0,73.0,0.0,14.0,3.0,2018-05-25,1
"Am I Dreaming (Metro Boomin & A$AP Rocky, Roisee)","A$AP Rocky, Metro Boomin, Roisee",3,2023,6,2,727,16,94186466,17,60,28,1,44,90.0,A,Minor,60.0,13.0,53.0,4.0,0.0,21.0,4.0,2023-06-02,1
Do I Wanna Know?,Arctic Monkeys,1,2013,1,1,33783,26,1788326445,133,92,2733,1,26,85.0,F,Major,55.0,42.0,53.0,17.0,0.0,22.0,3.0,2013-01-01,0
Demons,Imagine Dragons,1,2012,1,1,26694,13,1840364617,65,82,3425,4,13,180.0,D#,Major,33.0,38.0,71.0,20.0,0.0,28.0,5.0,2012-01-01,0
ýýýýýýýýýýýý,YOASOBI,1,2023,4,12,356,16,143573775,35,102,8,1,117,166.0,C#,Major,57.0,84.0,94.0,11.0,0.0,37.0,9.0,2023-04-12,0
Reminder,The Weeknd,1,2016,11,25,6518,17,684675814,45,85,238,1,47,160.0,G#,Major,71.0,40.0,50.0,16.0,0.0,16.0,22.0,2016-11-25,0
Shake It Off,Taylor Swift,1,2014,1,1,21335,13,1113838873,328,70,1378,9,20,160.0,G,Major,65.0,95.0,80.0,5.0,0.0,41.0,16.0,2014-01-01,0
Why'd You Only Call Me When You're High?,Arctic Monkeys,1,2013,1,1,23389,29,1267333350,54,70,1089,2,1,92.0,D,Major,70.0,81.0,63.0,4.0,0.0,8.0,4.0,2013-01-01,0
SNAP,Rosa Linn,1,2022,3,19,3202,18,726307468,148,80,226,24,0,170.0,Unknown,Major,56.0,53.0,64.0,11.0,0.0,45.0,6.0,2022-03-19,0
Shape of You,Ed Sheeran,1,2017,1,6,32181,10,3562543890,33,0,6808,7,0,96.0,C#,Minor,83.0,93.0,65.0,58.0,0.0,9.0,8.0,2017-01-06,1
Night Changes,One Direction,1,2014,11,17,7124,18,1131090940,60,20,2,0,0,120.0,G#,Major,67.0,40.0,52.0,86.0,0.0,12.0,4.0,2014-11-17,0
Fin de Semana,"Oscar Maydon, Junior H",2,2023,1,13,592,14,307370144,11,84,6,1,30,98.0,Unknown,Major,70.0,37.0,54.0,6.0,0.0,9.0,8.0,2023-01-13,0
Creep,Radiohead,1,1992,9,21,36724,7,1271293243,146,72,6807,5,80,92.0,G,Major,53.0,12.0,34.0,1.0,0.0,12.0,4.0,1992-09-21,0
Car's Outside,James Arthur,1,2019,10,18,794,10,265882712,38,25,61,0,263,150.0,A,Major,34.0,24.0,56.0,4.0,0.0,11.0,3.0,2019-10-18,0
Apocalypse,Cigarettes After Sex,1,2017,3,21,13091,17,841749534,61,96,790,2,116,94.0,F,Major,37.0,17.0,47.0,2.0,46.0,11.0,3.0,2017-03-21,0
Cheques,Shubh,1,2023,5,19,67,8,47956378,7,10,0,0,57,90.0,E,Minor,74.0,36.0,63.0,26.0,0.0,27.0,5.0,2023-05-19,1
Pink + White,Frank Ocean,1,2016,8,20,21574,30,806397070,112,68,266,1,39,160.0,A,Major,54.0,54.0,55.0,67.0,0.0,42.0,11.0,2016-08-20,0
Circles,Post Malone,1,2019,8,30,19664,16,2132335812,391,73,633,3,37,120.0,Unknown,Major,70.0,59.0,75.0,24.0,0.0,9.0,4.0,2019-08-30,0
Just The Way You Are,Bruno Mars,1,2010,1,1,21106,13,1641426668,82,0,2946,0,0,109.0,F,Major,63.0,46.0,85.0,1.0,0.0,9.0,5.0,2010-01-01,0
Take Me To Church,Hozier,1,2013,9,13,23804,31,2135158446,187,99,4623,1,0,129.0,E,Minor,57.0,41.0,66.0,63.0,0.0,12.0,5.0,2013-09-13,1
Bebe Dame,"Fuerza Regida, Grupo Frontera",2,2022,12,16,849,22,367316268,27,129,21,7,111,157.0,G,Major,54.0,75.0,60.0,30.0,0.0,7.0,5.0,2022-12-16,0
You Belong With Me (Taylorï¿½ï¿½ï¿½s Ve,Taylor Swift,1,2021,4,9,2619,12,350381515,47,90,1,0,7,130.0,F#,Major,63.0,49.0,73.0,5.0,0.0,9.0,3.0,2021-04-09,0
Titi Me Preguntï¿,Bad Bunny,1,2022,5,6,9037,42,1264310836,124,133,139,14,166,107.0,F,Minor,65.0,19.0,72.0,10.0,0.0,13.0,25.0,2022-05-06,1
Better Than Revenge (Taylor's Version),Taylor Swift,1,2023,7,7,86,11,30343206,3,33,3,0,1,146.0,B,Minor,50.0,67.0,89.0,0.0,0.0,19.0,8.0,2023-07-07,1
Shut up My Moms Calling,Hotel Ugly,1,2020,2,10,1788,14,405136812,1,50,19,0,19,139.0,A,Minor,48.0,37.0,41.0,32.0,0.0,10.0,10.0,2020-02-10,1
Have You Ever Seen The Rain?,Creedence Clearwater Revival,1,1968,7,1,15890,14,1145727611,71,37,653,0,167,116.0,Unknown,Major,74.0,76.0,70.0,7.0,0.0,13.0,3.0,1968-07-01,0
Es un Secreto,Plan B,1,2010,7,20,492,36,540654286,4,3,19,0,0,95.0,F#,Minor,84.0,52.0,77.0,12.0,0.0,7.0,4.0,2010-07-20,1
POLARIS - Remix,"Feid, Mora, Saiko, Quevedo",4,2023,6,8,773,33,57312735,20,46,21,8,99,170.0,G#,Minor,62.0,55.0,80.0,15.0,0.0,37.0,7.0,2023-06-08,1
Ditto,NewJeans,1,2022,12,19,1154,22,397582059,28,125,11,1,51,134.0,F#,Minor,81.0,18.0,64.0,3.0,0.0,10.0,11.0,2022-12-19,1
Take On Me,a-ha,1,1984,10,19,44927,17,1479115056,34,0,5108,6,0,84.0,F#,Minor,57.0,86.0,90.0,2.0,0.0,9.0,5.0,1984-10-19,1
"Annihilate (Spider-Man: Across the Spider-Verse) (Metro Boomin & Swae Lee, Lil Wayne, Offset)","Swae Lee, Lil Wayne, Offset, Metro Boomin",4,2023,6,2,551,4,86773632,13,46,20,1,10,146.0,B,Minor,61.0,20.0,48.0,21.0,0.0,12.0,6.0,2023-06-02,1
"Angel Pt 1 (feat. Jimin of BTS, JVKE & Muni Long)","Kodak Black, NLE Choppa, Muni Long, JVKE, Jimin",5,2023,5,1,577,14,133753727,22,18,15,1,0,74.0,A#,Minor,53.0,24.0,67.0,11.0,0.0,10.0,28.0,2023-05-01,1
Acrï¿½ï¿½s,Shakira,1,2023,5,11,955,29,123124076,37,50,79,11,31,144.0,B,Major,75.0,35.0,48.0,84.0,0.0,10.0,12.0,2023-05-11,0
AMG,"Natanael Cano, Gabito Ballesteros, Peso Pluma",3,2022,11,24,995,19,463564958,12,117,9,5,3,136.0,B,Minor,77.0,79.0,73.0,15.0,0.0,27.0,10.0,2022-11-24,1
"Phir Aur Kya Chahiye (From ""Zara Hatke Zara Bachke"")","Arijit Singh, Sachin-Jigar, Amitabha Bhattacharya",3,2023,5,15,178,6,64533040,6,71,1,0,31,100.0,E,Major,56.0,53.0,55.0,53.0,0.0,12.0,4.0,2023-05-15,0
S-Class,Stray Kids,1,2023,6,2,290,19,65496046,9,101,5,0,73,105.0,F,Minor,89.0,67.0,78.0,9.0,0.0,7.0,33.0,2023-06-02,1
Hits Different,Taylor Swift,1,2023,5,26,547,0,68616963,15,15,6,0,0,106.0,F,Major,67.0,24.0,78.0,15.0,0.0,30.0,4.0,2023-05-26,0
Chanel,"Becky G, Peso Pluma",2,2023,3,30,681,10,161460990,15,92,21,2,26,132.0,D,Major,85.0,53.0,68.0,40.0,0.0,9.0,4.0,2023-03-30,0
Self Love (Spider-Man: Across the Spider-Verse) (Metro Boomin & Coi Leray),"Metro Boomin, Coi Leray",2,2023,6,2,332,5,70106975,18,41,5,0,19,120.0,A,Major,78.0,5.0,30.0,21.0,0.0,13.0,5.0,2023-06-02,0
Area Codes,"Kaliii, Kaliii",2,2023,3,17,1197,13,113509496,44,34,25,1,171,155.0,C#,Major,82.0,51.0,39.0,2.0,0.0,9.0,49.0,2023-03-17,0
Abcdario,"Junior H, Eden Muï¿½ï",2,2023,5,13,262,5,89933133,8,60,4,1,109,129.0,G#,Major,70.0,42.0,43.0,78.0,0.0,11.0,3.0,2023-05-13,0
Obsessed,"Abhijay Sharma, Riar Saab",2,2022,9,29,161,6,71007139,10,79,2,0,42,135.0,F,Minor,80.0,85.0,74.0,62.0,0.0,8.0,9.0,2022-09-29,1
Piï¿½ï¿½man Deï¿,"Semicenk, Doï¿½ï¿½u ",2,2023,6,2,185,3,43522589,5,6,4,1,33,98.0,A#,Minor,73.0,45.0,62.0,28.0,0.0,13.0,13.0,2023-06-02,1
FLOWER,JISOO,1,2023,3,31,839,18,232896922,20,110,20,0,69,124.0,A,Minor,84.0,64.0,39.0,3.0,0.0,11.0,4.0,2023-03-31,1
"All The Way Live (Spider-Man: Across the Spider-Verse) (Metro Boomin & Future, Lil Uzi Vert)","Future, Lil Uzi Vert, Metro Boomin",3,2023,6,2,259,0,37126685,5,17,5,0,0,135.0,A,Minor,77.0,28.0,55.0,18.0,0.0,22.0,15.0,2023-06-02,1
Eyes Closed,Ed Sheeran,1,2023,3,23,2915,30,195576623,116,69,107,3,675,107.0,D,Major,78.0,39.0,53.0,30.0,0.0,11.0,6.0,2023-03-23,0
Escapism.,"RAYE, 070 Shake",2,2022,10,12,5129,25,532336353,116,84,114,18,348,96.0,D,Major,54.0,25.0,74.0,14.0,0.0,9.0,11.0,2022-10-12,0
La Jumpa,"Arcangel, Bad Bunny",2,2022,11,30,3794,34,538115192,47,77,53,10,8,123.0,G#,Major,71.0,58.0,70.0,30.0,0.0,32.0,19.0,2022-11-30,0
Karma (feat. Ice Spice),"Taylor Swift, Ice Spice",2,2023,5,26,588,0,46142772,23,21,31,0,0,90.0,G#,Major,62.0,7.0,62.0,6.0,0.0,58.0,6.0,2023-05-26,0
Superhero (Heroes & Villains) [with Future & Chris Brown],"Future, Chris Brown, Metro Boomin",3,2022,12,2,2959,16,401036314,41,69,38,0,36,117.0,F,Minor,72.0,45.0,59.0,14.0,0.0,20.0,21.0,2022-12-02,1
Las Morras,"BLESSD, Peso Pluma",2,2023,4,4,291,8,127026613,8,78,4,1,1,133.0,A,Minor,78.0,90.0,84.0,31.0,0.0,7.0,4.0,2023-04-04,1
CHORRITO PA LAS ANIMAS,Feid,1,2022,12,2,2321,36,345031710,29,65,34,5,3,96.0,G#,Minor,74.0,61.0,83.0,11.0,0.0,35.0,6.0,2022-12-02,1
Ch y la Pizza,"Fuerza Regida, Natanael Cano",2,2022,12,1,536,10,288101651,10,72,8,3,14,149.0,G#,Major,66.0,85.0,60.0,40.0,0.0,14.0,13.0,2022-12-01,0
Snow On The Beach (feat. More Lana Del Rey),"Lana Del Rey, Taylor Swift",2,2023,5,26,359,2,60350538,1,0,9,0,0,110.0,F#,Minor,66.0,32.0,40.0,81.0,0.0,11.0,3.0,2023-05-26,1
Players,Coi Leray,1,2022,11,30,4096,6,335074782,118,48,143,0,240,105.0,F#,Major,95.0,62.0,52.0,3.0,0.0,5.0,16.0,2022-11-30,0
Bite Me,ENHYPEN,1,2023,5,22,349,69,76767396,8,96,5,0,56,105.0,C#,Major,80.0,69.0,78.0,28.0,0.0,11.0,14.0,2023-05-22,0
Stand By Me (feat. Morgan Wallen),"Lil Durk, Morgan Wallen",2,2023,5,26,381,5,46065667,23,82,6,0,113,134.0,B,Major,76.0,61.0,58.0,6.0,0.0,16.0,3.0,2023-05-26,0
Normal,Feid,1,2022,7,8,2461,36,459276435,47,66,45,5,6,170.0,E,Minor,71.0,59.0,56.0,4.0,0.0,27.0,12.0,2022-07-08,1
Hummingbird (Metro Boomin & James Blake),"James Blake, Metro Boomin",2,2023,6,2,277,1,39666245,1,20,5,0,1,81.0,F#,Major,59.0,26.0,60.0,46.0,1.0,25.0,13.0,2023-06-02,0
Seu Brilho Sumiu - Ao Vivo,"Israel & Rodolffo, Mari Fernandez",2,2023,3,1,967,5,138517666,7,29,51,1,29,154.0,F#,Major,63.0,75.0,92.0,31.0,0.0,91.0,5.0,2023-03-01,0
Bad Habit,Steve Lacy,1,2022,6,29,8186,12,822633917,155,72,131,16,29,169.0,C#,Major,69.0,69.0,51.0,63.0,0.0,38.0,4.0,2022-06-29,0
CUFF IT,Beyoncï¿,1,2022,7,29,7842,10,595900742,215,88,330,26,23,115.0,G,Major,78.0,64.0,69.0,4.0,0.0,7.0,14.0,2022-07-29,0
Lilith (feat. SUGA of BTS) (Diablo IV Anthem),"Halsey, Suga",2,2023,6,5,215,6,51985779,6,14,8,2,4,84.0,A,Minor,43.0,14.0,74.0,1.0,0.0,19.0,8.0,2023-06-05,1
69,"Nicky Jam, Feid",2,2023,5,18,1134,22,57945987,39,14,48,2,3,93.0,G#,Major,79.0,58.0,62.0,11.0,0.0,11.0,23.0,2023-05-18,0
Niï¿½ï¿½a Bo,"Sean Paul, Feid",2,2023,4,21,1305,34,115010040,29,26,43,5,44,91.0,G,Major,82.0,47.0,62.0,10.0,0.0,10.0,15.0,2023-04-21,0
Search & Rescue,Drake,1,2023,4,7,2066,6,175097833,58,70,43,0,182,142.0,A#,Minor,82.0,54.0,44.0,6.0,0.0,33.0,7.0,2023-04-07,1
AMERICA HAS A PROBLEM (feat. Kendrick Lamar),"Kendrick Lamar, Beyoncï¿",2,2023,5,19,896,0,57089066,34,2,33,0,1,126.0,C#,Major,78.0,20.0,70.0,1.0,0.0,16.0,4.0,2023-05-19,0
Lavender Haze,Taylor Swift,1,2022,10,21,3763,8,488386797,51,43,38,10,1,97.0,A#,Major,73.0,10.0,44.0,26.0,0.0,16.0,8.0,2022-10-21,0
"Link Up (Metro Boomin & Don Toliver, Wizkid feat. BEAM & Toian) - Spider-Verse Remix (Spider-Man: Across the Spider-Verse )","WizKid, Toian, Metro Boomin, Don Toliver, Beam",5,2023,6,2,197,0,32761689,3,10,3,0,0,101.0,F,Major,92.0,59.0,51.0,41.0,51.0,26.0,8.0,2023-06-02,0
Efecto,Bad Bunny,1,2022,5,6,4004,33,1047480053,34,65,43,6,2,98.0,G,Minor,80.0,23.0,48.0,14.0,0.0,6.0,5.0,2022-05-06,1
Erro Gostoso - Ao Vivo,Simone Mendes,1,2023,1,27,984,5,153454328,8,57,76,2,49,154.0,F#,Major,59.0,63.0,89.0,18.0,0.0,80.0,9.0,2023-01-27,0
Cupido,Tini,1,2023,2,14,1240,24,217672943,51,29,63,4,54,120.0,A,Major,91.0,63.0,58.0,52.0,0.0,31.0,22.0,2023-02-14,0
Just Wanna Rock,Lil Uzi Vert,1,2022,10,17,3995,13,457184829,72,27,47,0,0,150.0,B,Major,49.0,4.0,55.0,7.0,0.0,6.0,3.0,2022-10-17,0
Unstoppable,Sia,1,2016,1,21,7681,13,939844851,119,66,1145,2,0,174.0,A,Major,47.0,27.0,78.0,11.0,0.0,10.0,8.0,2016-01-21,0
Until I Found You,Stephen Sanchez,1,2021,9,1,4427,4,726434358,69,100,154,20,438,202.0,A#,Major,34.0,25.0,51.0,69.0,0.0,18.0,4.0,2021-09-01,0
Rich Flex,"Drake, 21 Savage",2,2022,11,4,4657,18,573633020,84,84,42,0,23,153.0,B,Minor,56.0,42.0,52.0,5.0,0.0,36.0,24.0,2022-11-04,1
Easy On Me,Adele,1,2021,10,14,10195,20,1406111294,258,87,657,22,9,142.0,F,Major,60.0,13.0,37.0,58.0,0.0,13.0,3.0,2021-10-14,0
Cartï¿½ï¿½o B,"MC Caverinha, KayBlack",2,2023,5,11,269,4,71573339,7,2,30,1,11,108.0,A,Minor,84.0,55.0,47.0,26.0,0.0,20.0,64.0,2023-05-11,1
Danger (Spider) (Offset & JID),"Offset, JID",2,2023,6,2,214,0,24975653,3,3,6,0,0,143.0,B,Major,83.0,25.0,69.0,4.0,0.0,23.0,12.0,2023-06-02,0
Oi Balde - Ao Vivo,Zï¿½ï¿½ Neto & Crist,1,2023,2,14,845,2,145458418,12,57,47,1,33,108.0,D,Major,67.0,55.0,67.0,60.0,0.0,80.0,5.0,2023-02-14,0
The Real Slim Shady,Eminem,1,2000,1,1,20763,27,1424589568,81,53,3271,1,17,104.0,F,Minor,95.0,78.0,66.0,3.0,0.0,4.0,6.0,2000-01-01,1
MERCHO,"Migrantes, LiL CaKe, Nico Valdi",3,2022,12,16,1267,20,231332117,41,22,56,4,84,93.0,F#,Minor,84.0,96.0,79.0,43.0,0.0,18.0,11.0,2022-12-16,1
The Color Violet,Tory Lanez,1,2021,12,10,2585,32,415932686,3,79,21,1,54,105.0,F#,Minor,65.0,46.0,53.0,16.0,0.0,9.0,5.0,2021-12-10,1
Glimpse of Us,Joji,1,2022,6,10,6330,6,988515741,109,42,158,3,31,170.0,G#,Major,44.0,27.0,32.0,89.0,0.0,14.0,5.0,2022-06-10,0
Mejor Que Yo,"Mambo Kingz, DJ Luian, Anuel Aa",3,2023,5,4,675,1,50847624,9,13,11,0,1,178.0,C#,Minor,62.0,56.0,66.0,18.0,0.0,12.0,5.0,2023-05-04,1
Curtains,Ed Sheeran,1,2023,5,5,715,0,39893489,37,3,27,0,50,176.0,F#,Minor,50.0,44.0,76.0,10.0,0.0,32.0,5.0,2023-05-05,1
UNFORGIVEN (feat. Nile Rodgers),"Nile Rodgers, LE SSERAFIM",2,2023,5,1,327,13,92035115,14,110,9,0,49,104.0,E,Minor,80.0,38.0,88.0,11.0,0.0,11.0,5.0,2023-05-01,1
Haegeum,Agust D,1,2023,4,21,244,12,118810253,6,84,10,2,9,85.0,G,Major,70.0,83.0,84.0,31.0,0.0,47.0,30.0,2023-04-21,0
Conexï¿½ï¿½es de Mï¿½ï¿½fia (feat. Rich ,"Rich The Kid, Matuï¿",2,2023,4,30,385,4,77233241,17,7,41,1,29,117.0,F#,Minor,77.0,69.0,58.0,39.0,0.0,26.0,5.0,2023-04-30,1
MIENTRAS ME CURO DEL CORA,Karol G,1,2023,2,24,1020,35,206399629,15,26,30,6,0,80.0,Unknown,Major,52.0,57.0,48.0,86.0,0.0,15.0,39.0,2023-02-24,0
Never Felt So Alone,Labrinth,1,2023,4,7,1730,3,117747907,46,5,51,0,20,98.0,F,Major,44.0,36.0,41.0,50.0,0.0,38.0,5.0,2023-04-07,0
X SI VOLVEMOS,"Karol G, Romeo Santos",2,2023,2,2,2127,33,266624541,45,80,53,8,4,178.0,C#,Minor,79.0,58.0,78.0,34.0,0.0,11.0,25.0,2023-02-02,1
ceilings,Lizzy McAlpine,1,2022,4,8,3242,9,293186992,67,55,48,0,6,148.0,A,Major,51.0,27.0,33.0,48.0,0.0,22.0,3.0,2022-04-08,0
Cupid,Fifty Fifty,1,2023,2,24,526,10,139681964,15,93,30,0,320,120.0,D,Major,77.0,94.0,66.0,65.0,0.0,38.0,3.0,2023-02-24,0
I AM,IVE,1,2023,4,10,366,15,123132751,16,102,7,0,55,122.0,E,Minor,68.0,38.0,88.0,1.0,0.0,8.0,5.0,2023-04-10,1
Cupid ï¿½ï¿½ï¿½ Twin Ver. (FIFTY FIFTY) ï¿½ï¿½ï¿½ Spe,sped up 8282,1,1997,1,1,472,2,103762518,0,0,6,0,0,144.0,F,Major,74.0,75.0,73.0,42.0,0.0,9.0,4.0,1997-01-01,0
Shorty Party,"Cartel De Santa, La Kelly",2,2023,3,4,432,12,162887075,8,14,12,2,33,96.0,D,Major,93.0,47.0,47.0,33.0,0.0,10.0,36.0,2023-03-04,0
Super,SEVENTEEN,1,2023,4,24,271,12,91221625,16,103,9,0,55,137.0,G#,Major,77.0,35.0,88.0,16.0,0.0,17.0,9.0,2023-04-24,0
Slut Me Out,NLE Choppa,1,2022,4,22,816,4,190490915,21,4,13,0,4,121.0,F#,Minor,94.0,71.0,61.0,12.0,0.0,53.0,42.0,2022-04-22,1
Double Fantasy (with Future),"The Weeknd, Future",2,2023,4,21,1169,0,96180277,36,65,28,0,0,119.0,A,Minor,60.0,10.0,57.0,1.0,0.0,50.0,3.0,2023-04-21,1
All Of The Girls You Loved Before,Taylor Swift,1,2019,8,23,1282,6,185240616,26,6,19,0,5,96.0,D,Major,72.0,40.0,47.0,71.0,0.0,13.0,4.0,2019-08-23,0
PROVENZA,Karol G,1,2022,4,21,6587,34,885093467,114,104,147,11,20,111.0,C#,Major,87.0,53.0,52.0,66.0,1.0,11.0,5.0,2022-04-21,0
Princess Diana (with Nicki Minaj),"Nicki Minaj, Ice Spice",2,2023,4,14,1444,4,104992946,0,0,0,0,0,148.0,A,Major,90.0,74.0,68.0,14.0,0.0,10.0,19.0,2023-04-14,0
Di Que Si,"Grupo Marca Registrada, Grupo Frontera",2,2023,2,3,356,10,147290338,4,64,4,2,37,182.0,A,Major,57.0,80.0,59.0,8.0,0.0,6.0,5.0,2023-02-03,0
Shivers,Ed Sheeran,1,2021,9,9,10147,30,1302184087,234,71,543,18,0,141.0,D,Major,79.0,82.0,86.0,28.0,0.0,4.0,9.0,2021-09-09,0
Igualito a Mi Apï¿,"Fuerza Regida, Peso Pluma",2,2022,12,30,265,6,158950978,8,84,5,1,4,145.0,E,Minor,76.0,80.0,81.0,19.0,0.0,6.0,9.0,2022-12-30,1
Shoong! (feat. LISA of BLACKPINK),"TAEYANG, Lisa",2,2023,4,25,351,9,76910644,16,90,10,0,64,110.0,B,Minor,76.0,26.0,70.0,1.0,0.0,41.0,6.0,2023-04-25,1
Komang,Raim Laode,1,2022,8,16,158,4,137123880,5,6,1,1,18,134.0,G,Major,70.0,35.0,41.0,41.0,0.0,10.0,3.0,2022-08-16,0
DESPECHï¿,ROSALï¿½,1,2022,7,28,7613,33,782369383,180,90,422,15,55,130.0,G,Major,92.0,78.0,62.0,18.0,0.0,6.0,10.0,2022-07-28,0
Made You Look,Meghan Trainor,1,2022,10,21,3956,6,502574952,142,23,127,3,16,145.0,A#,Major,84.0,88.0,53.0,35.0,0.0,8.0,7.0,2022-10-21,0
Watch This - ARIZONATEARS Pluggnb Remix,"sped up nightcore, ARIZONATEARS, Lil Uzi Vert",3,2023,2,5,1638,10,207033255,0,0,21,0,0,130.0,B,Minor,69.0,36.0,90.0,1.0,10.0,15.0,4.0,2023-02-05,1
No Se Va,Grupo Frontera,1,2022,4,28,924,18,404887295,17,80,22,9,38,173.0,Unknown,Major,59.0,69.0,53.0,12.0,0.0,23.0,3.0,2022-04-28,0
Punto G,Quevedo,1,2022,11,4,1985,35,381161027,34,26,37,5,1,92.0,B,Minor,75.0,55.0,76.0,25.0,0.0,10.0,15.0,2022-11-04,1
Lovers Rock,TV Girl,1,2014,6,5,6339,13,466231982,3,1,36,1,37,105.0,F,Minor,56.0,57.0,87.0,0.0,1.0,10.0,4.0,2014-06-05,1
METAMORPHOSIS,INTERWORLD,1,2021,11,25,1561,24,357580552,18,78,24,0,30,175.0,G,Minor,59.0,15.0,64.0,43.0,90.0,12.0,10.0,2021-11-25,1
Mami Chula,"Quevedo, Jhayco",2,2023,4,27,875,4,61105704,17,13,27,0,43,120.0,G,Minor,80.0,33.0,70.0,22.0,0.0,9.0,4.0,2023-04-27,1
En Paris,"El Chachito, Junior H",2,2022,12,24,406,5,198275403,3,31,2,1,0,139.0,D#,Minor,70.0,77.0,48.0,37.0,0.0,12.0,5.0,2022-12-24,1
Set Me Free Pt.2,Jimin,1,2023,3,17,340,13,168448603,4,71,16,1,9,132.0,Unknown,Minor,59.0,56.0,82.0,12.0,0.0,12.0,6.0,2023-03-17,1
I Was Never There,"The Weeknd, Gesaffelstein",2,2018,3,29,4188,15,705469769,30,70,142,0,27,114.0,A#,Major,32.0,17.0,74.0,14.0,0.0,17.0,3.0,2018-03-29,0
Don't ever say love me (feat. RM of BTS),"RM, Colde",2,2023,5,4,105,0,34502215,5,9,5,0,0,145.0,B,Minor,54.0,19.0,48.0,36.0,0.0,37.0,5.0,2023-05-04,1
Shut Down,BLACKPINK,1,2022,9,16,1524,17,482175240,53,120,62,0,2,110.0,Unknown,Major,82.0,67.0,69.0,0.0,0.0,18.0,4.0,2022-09-16,0
Gato de Noche,"Nengo Flow, Bad Bunny",2,2022,12,22,2651,30,304118600,21,55,32,3,0,94.0,G#,Major,89.0,61.0,66.0,17.0,0.0,36.0,16.0,2022-12-22,0
Call Out My Name,The Weeknd,1,2018,3,29,11087,6,1449799467,151,107,801,1,105,134.0,C#,Major,45.0,17.0,60.0,21.0,0.0,33.0,4.0,2018-03-29,0
Like Crazy (English Version),Jimin,1,2023,3,24,373,19,173627354,4,72,5,0,5,120.0,G,Major,62.0,32.0,76.0,0.0,0.0,39.0,4.0,2023-03-24,0
Rosa Pastel,"Jasiel Nuï¿½ï¿½ez, Peso P",2,2023,2,2,200,4,90025258,8,77,2,1,1,123.0,G,Minor,70.0,86.0,68.0,24.0,0.0,11.0,4.0,2023-02-02,1
Sunroof,"Nicky Youre, Dazy",2,2021,12,3,3741,17,652704649,156,35,110,19,0,131.0,A#,Major,77.0,84.0,71.0,35.0,0.0,15.0,4.0,2021-12-03,0
Lose Yourself - Soundtrack Version,Eminem,1,2002,1,1,32502,21,1829992958,247,54,5567,1,51,171.0,D,Major,70.0,6.0,73.0,1.0,0.0,36.0,26.0,2002-01-01,0
Superman,"Eminem, Dina Rae",2,2002,5,26,7615,14,655466831,18,51,1005,0,0,130.0,E,Minor,80.0,64.0,76.0,2.0,0.0,20.0,6.0,2002-05-26,1
Mas Rica Que Ayer,"Mambo Kingz, DJ Luian, Anuel Aa",3,2023,3,2,1208,34,146409671,10,41,20,0,1,94.0,B,Major,82.0,53.0,67.0,34.0,0.0,9.0,8.0,2023-03-02,0
People Pt.2 (feat. IU),"IU, Agust D",2,2023,4,7,209,4,95816024,4,45,11,2,24,89.0,G,Minor,73.0,44.0,57.0,39.0,0.0,32.0,6.0,2023-04-07,1
REMIX EXCLUSIVO,Feid,1,2023,3,17,1235,9,117206995,20,8,15,0,6,87.0,F,Minor,65.0,71.0,56.0,4.0,0.0,15.0,20.0,2023-03-17,1
"Arcï¿½ï¿½ngel: Bzrp Music Sessions, Vol","Arcangel, Bizarrap",2,2023,3,22,654,3,100409613,11,3,18,1,1,124.0,B,Minor,72.0,79.0,78.0,55.0,0.0,15.0,30.0,2023-03-22,1
DOGTOOTH,"Tyler, The Creator",2,2023,3,27,1479,0,80758350,23,0,18,0,33,78.0,G#,Major,71.0,80.0,65.0,51.0,0.0,22.0,32.0,2023-03-27,0
10:35,"Tiï¿½ï¿½sto, Tate M",2,2022,11,1,4942,26,325592432,190,104,147,18,63,120.0,G#,Major,70.0,70.0,79.0,7.0,0.0,18.0,10.0,2022-11-01,0
SORRY NOT SORRY,"Tyler, The Creator",2,2023,3,31,709,0,58473276,8,1,13,0,0,96.0,F#,Minor,48.0,50.0,80.0,40.0,0.0,37.0,20.0,2023-03-31,1
HAPPY,NF,1,2023,3,25,660,0,52722996,22,7,11,0,78,106.0,G,Major,73.0,22.0,86.0,31.0,0.0,12.0,4.0,2023-03-25,0
La Bebe,Yng Lvcas,1,2021,12,24,489,17,191945597,4,11,5,1,2,170.0,D,Minor,78.0,75.0,46.0,62.0,0.0,12.0,35.0,2021-12-24,1
I Know - PR1SVX Edit,"Kanii, PR1ISVX",2,2023,3,24,407,0,77377503,16,15,5,0,1,134.0,B,Minor,67.0,11.0,76.0,8.0,47.0,30.0,7.0,2023-03-24,1
Late Night Talking,Harry Styles,1,2022,5,20,7461,8,743693613,166,42,199,16,58,115.0,A#,Major,71.0,90.0,73.0,30.0,0.0,11.0,5.0,2022-05-20,0
Leï¿½,Marï¿½ï¿½lia Mendo,1,2022,12,9,993,4,267789608,30,84,88,1,28,130.0,F#,Major,74.0,79.0,87.0,45.0,0.0,30.0,3.0,2022-12-09,0
Save Your Tears (with Ariana Grande) (Remix),"Ariana Grande, The Weeknd",2,2020,3,20,9161,5,1221813483,240,98,468,3,10,118.0,Unknown,Major,65.0,63.0,79.0,3.0,0.0,10.0,3.0,2020-03-20,0
Something in the Orange,Zach Bryan,1,2022,4,22,3282,12,449701773,67,84,46,16,117,110.0,G,Major,59.0,22.0,38.0,42.0,0.0,12.0,3.0,2022-04-22,0
VOID,Melanie Martinez,1,2023,3,29,596,0,67070410,29,9,12,0,52,100.0,A,Major,72.0,42.0,66.0,18.0,4.0,19.0,4.0,2023-03-29,0
Dijeron Que No La Iba Lograr,"Fuerza Regida, Chino Pacas",2,2023,3,14,320,6,116334601,5,48,2,1,9,142.0,G,Minor,70.0,76.0,79.0,26.0,0.0,11.0,7.0,2023-03-14,1
Midnight Rain,Taylor Swift,1,2022,10,21,2612,4,433356509,19,29,21,0,0,140.0,Unknown,Major,64.0,18.0,37.0,72.0,0.0,12.0,7.0,2022-10-21,0
If We Ever Broke Up,Mae Stephens,1,2023,2,10,2040,4,165584767,81,27,66,9,444,116.0,G,Major,90.0,96.0,73.0,62.0,0.0,9.0,4.0,2023-02-10,0
You Proof,Morgan Wallen,1,2022,5,13,2128,9,367814306,37,88,9,0,14,120.0,A,Major,73.0,64.0,85.0,25.0,0.0,61.0,3.0,2022-05-13,0
LA INOCENTE,"Feid, Mora",2,2022,4,1,2598,37,477033549,28,57,43,8,85,92.0,F,Minor,76.0,46.0,79.0,31.0,0.0,7.0,6.0,2022-04-01,1
Malas Decisiones,Kenia OS,1,2022,10,26,542,2,156214700,23,2,21,0,0,110.0,G#,Minor,81.0,64.0,79.0,5.0,0.0,31.0,3.0,2022-10-26,1
Murder In My Mind,Kordhell,1,2022,1,21,2459,20,448843705,20,68,50,0,22,120.0,A#,Major,71.0,57.0,97.0,1.0,0.0,13.0,11.0,2022-01-21,0
Gangsta's Paradise,"Coolio, L.V.",2,1995,7,11,10624,17,1357608774,21,0,386,0,0,80.0,G#,Major,63.0,40.0,61.0,9.0,0.0,56.0,6.0,1995-07-11,0
CAIRO,"Karol G, Ovy On The Drums",2,2022,11,13,2418,26,294352144,52,66,55,1,16,115.0,F,Minor,95.0,43.0,69.0,47.0,0.0,9.0,31.0,2022-11-13,1
I Love You So,The Walters,1,2014,11,28,7536,7,972164968,44,19,135,0,6,76.0,A#,Major,58.0,46.0,67.0,65.0,0.0,13.0,4.0,2014-11-28,0
Dark Red,Steve Lacy,1,2017,2,20,10431,7,920045682,71,53,181,0,10,172.0,F#,Major,60.0,77.0,78.0,45.0,0.0,12.0,6.0,2017-02-20,0
Say You Won't Let Go,James Arthur,1,2016,9,9,15722,16,2420461338,231,37,1509,0,13,99.0,A#,Major,40.0,45.0,56.0,69.0,0.0,9.0,5.0,2016-09-09,0
The Hills,The Weeknd,1,2015,5,27,25744,4,1947371785,122,94,1992,0,18,136.0,Unknown,Minor,36.0,12.0,57.0,9.0,0.0,14.0,8.0,2015-05-27,1
Heart To Heart,Mac DeMarco,1,2019,5,10,1640,0,244658767,27,27,29,1,1,150.0,G#,Minor,90.0,64.0,14.0,67.0,35.0,11.0,10.0,2019-05-10,1
Peaches (from The Super Mario Bros. Movie),Jack Black,1,2023,4,7,34,0,68216992,0,0,0,0,0,92.0,A#,Minor,71.0,41.0,31.0,79.0,0.0,10.0,5.0,2023-04-07,1
Marisola - Remix,"Duki, NICKI NICOLE, Cris Mj, Standly, Stars Music Chile",5,2022,12,15,1845,16,223582566,20,8,30,2,0,95.0,C#,Major,77.0,72.0,87.0,17.0,0.0,7.0,5.0,2022-12-15,0
LOKERA,"Brray, Rauw Alejandro, Lyanno",3,2022,7,25,3301,30,471819764,72,64,64,6,3,102.0,B,Minor,83.0,58.0,83.0,21.0,0.0,10.0,5.0,2022-07-25,1
Low,SZA,1,2022,12,9,1911,0,272377463,23,71,14,0,9,145.0,Unknown,Minor,70.0,34.0,55.0,43.0,0.0,16.0,6.0,2022-12-09,1
Numb,Linkin Park,1,2003,3,24,20111,5,1361425037,39,0,7341,0,0,110.0,A,Major,50.0,24.0,86.0,0.0,0.0,64.0,4.0,2003-03-24,0
Tormenta (feat. Bad Bunny),"Gorillaz, Bad Bunny",2,2023,2,24,1529,0,149778242,32,18,39,2,0,95.0,Unknown,Major,64.0,30.0,77.0,46.0,0.0,38.0,6.0,2023-02-24,0
on the street (with J. Cole),"j-hope, J. Cole",2,2023,3,3,615,2,116599790,22,82,8,0,9,94.0,B,Minor,68.0,81.0,82.0,53.0,0.0,9.0,13.0,2023-03-03,1
One Thing At A Time,Morgan Wallen,1,2022,12,2,811,4,148469433,11,58,5,0,21,142.0,G,Major,61.0,92.0,91.0,0.0,0.0,26.0,3.0,2022-12-02,0
Miss You,"Robin Schulz, Oliver Tree",2,2022,8,5,5730,10,497225336,108,16,197,3,165,145.0,F#,Minor,59.0,20.0,74.0,1.0,0.0,15.0,5.0,2022-08-05,1
Ainï¿½ï¿½ï¿½t Tha,Morgan Wallen,1,2023,3,3,356,4,88791109,4,20,0,0,0,121.0,F#,Minor,64.0,67.0,80.0,0.0,0.0,36.0,3.0,2023-03-03,1
Thinkinï¿½ï¿½ï¿½ B,Morgan Wallen,1,2023,3,3,604,6,125917280,22,101,0,0,66,140.0,D#,Minor,66.0,43.0,76.0,49.0,0.0,12.0,3.0,2023-03-03,1
Private Landing (feat. Justin Bieber & Future),"Don Toliver, Future, Justin Bieber",3,2023,2,23,1190,0,105062254,29,3,18,0,19,137.0,C#,Minor,84.0,44.0,67.0,8.0,0.0,11.0,6.0,2023-02-23,1
Everything I Love,Morgan Wallen,1,2023,1,31,579,0,95623148,11,54,0,0,103,104.0,G#,Major,56.0,72.0,85.0,0.0,0.0,15.0,3.0,2023-01-31,0
Heaven,Niall Horan,1,2023,2,17,1553,2,144584800,61,6,48,0,150,92.0,F,Major,57.0,68.0,76.0,7.0,0.0,33.0,3.0,2023-02-17,0
LET GO,Central Cee,1,2022,12,15,2301,20,298063749,49,23,110,0,8,146.0,D,Minor,74.0,51.0,45.0,86.0,0.0,21.0,38.0,2022-12-15,1
Sial,Mahalini,1,2023,1,23,134,4,166570053,4,6,0,0,23,120.0,D,Major,56.0,20.0,43.0,89.0,0.0,12.0,4.0,2023-01-23,0
I Wrote The Book,Morgan Wallen,1,2023,1,31,430,0,83021468,15,17,0,0,0,144.0,D,Major,68.0,83.0,81.0,9.0,0.0,8.0,4.0,2023-01-31,0
"Apna Bana Le (From ""Bhediya"")","Arijit Singh, Sachin-Jigar",2,2022,11,5,86,0,139836056,11,101,0,0,48,94.0,A,Major,59.0,44.0,56.0,80.0,0.0,6.0,3.0,2022-11-05,0
SPIT IN MY FACE!,ThxSoMch,1,2022,10,31,629,14,303216294,32,3,9,0,0,94.0,G#,Major,73.0,65.0,79.0,5.0,2.0,11.0,6.0,2022-10-31,0
PLAYA DEL INGLï¿½,"Myke Towers, Quevedo",2,2022,12,15,1701,15,221409663,30,15,34,2,47,113.0,G,Minor,79.0,66.0,74.0,8.0,0.0,11.0,5.0,2022-12-15,1
Man Made A Bar (feat. Eric Church),"Morgan Wallen, Eric Church",2,2023,3,3,329,0,58890931,14,35,1,0,0,148.0,E,Major,50.0,49.0,76.0,12.0,0.0,12.0,3.0,2023-03-03,0
Red Ruby Da Sleeze,Nicki Minaj,1,2023,3,3,1168,0,81419389,45,11,20,0,21,98.0,C#,Major,70.0,29.0,73.0,12.0,0.0,11.0,26.0,2023-03-03,0
Kahani Suno 2.0,Kaifi Khalil,1,2022,5,31,162,6,156777415,1,10,1,0,1,140.0,B,Major,58.0,26.0,38.0,91.0,0.0,10.0,4.0,2022-05-31,0
Nobody Gets Me,SZA,1,2022,12,9,2536,6,284908316,59,100,58,13,2,100.0,G,Major,36.0,28.0,28.0,81.0,0.0,18.0,3.0,2022-12-09,0
PERO Tï¿,"Karol G, Quevedo",2,2023,2,23,387,11,93438910,11,15,14,3,1,140.0,F#,Major,86.0,68.0,79.0,39.0,0.0,11.0,29.0,2023-02-23,0
Hype Boy,NewJeans,1,2022,8,1,892,17,363472647,20,119,12,2,7,100.0,E,Minor,59.0,78.0,94.0,27.0,0.0,29.0,23.0,2022-08-01,1
Bloody Mary,Lady Gaga,1,2011,1,1,3909,0,372476382,66,26,277,3,734,100.0,A,Minor,59.0,49.0,65.0,2.0,0.0,13.0,3.0,2011-01-01,1
Monotonï¿½,"Ozuna, Shakira",2,2022,10,19,3645,15,380726517,118,34,150,4,19,132.0,Unknown,Minor,87.0,82.0,70.0,42.0,0.0,21.0,5.0,2022-10-19,1
ýýý98 Braves,Morgan Wallen,1,2023,3,3,282,0,56533272,6,15,0,0,0,142.0,D,Major,49.0,48.0,67.0,10.0,0.0,26.0,3.0,2023-03-03,0
WANDA,Quevedo,1,2023,1,20,888,22,175399345,11,24,7,1,7,176.0,E,Minor,72.0,96.0,63.0,25.0,0.0,21.0,7.0,2023-01-20,1
Thought You Should Know,Morgan Wallen,1,2022,5,6,968,4,203221468,16,53,1,0,61,140.0,F#,Major,53.0,51.0,70.0,49.0,0.0,14.0,3.0,2022-05-06,0
In The End,Linkin Park,1,2000,10,24,25065,6,1624165576,63,0,6808,2,0,105.0,D#,Minor,55.0,40.0,90.0,1.0,0.0,32.0,6.0,2000-10-24,1
Zona De Perigo,Leo Santana,1,2022,12,8,531,4,134294498,20,1,71,2,0,135.0,F,Major,81.0,97.0,77.0,75.0,0.0,35.0,3.0,2022-12-08,0
Lovezinho,Treyce,1,2022,7,28,242,0,70069745,12,2,13,0,4,128.0,E,Minor,82.0,61.0,59.0,30.0,0.0,12.0,4.0,2022-07-28,1
I Like You (A Happier Song) (with Doja Cat),"Post Malone, Doja Cat",2,2022,6,3,5281,14,609293408,94,21,80,15,38,101.0,F,Major,74.0,43.0,69.0,12.0,0.0,12.0,7.0,2022-06-03,0
Neverita,Bad Bunny,1,2022,5,6,2590,30,671365962,20,64,35,6,0,122.0,A#,Major,88.0,43.0,50.0,7.0,0.0,14.0,5.0,2022-05-06,0
Vista Al Mar,Quevedo,1,2022,9,8,1769,34,362361576,16,19,21,3,4,105.0,Unknown,Minor,76.0,49.0,56.0,80.0,12.0,10.0,13.0,2022-09-08,1
Sem Alianï¿½ï¿½a no ,"MC Xenon, Os Gemeos da Putaria",2,2022,12,23,454,4,93587665,6,1,21,0,1,83.0,C#,Major,53.0,40.0,36.0,73.0,0.0,11.0,33.0,2022-12-23,0
Enemy (with JID) - from the series Arcane League of Legends,"Imagine Dragons, League of Legends, JID, Arcane",4,2021,9,3,6180,7,1223481149,122,88,580,21,10,77.0,B,Minor,72.0,59.0,76.0,24.0,0.0,42.0,28.0,2021-09-03,1
Revenge,XXXTENTACION,1,2017,8,25,3600,11,1022258230,7,0,203,0,2,140.0,B,Minor,75.0,18.0,25.0,78.0,0.0,11.0,26.0,2017-08-25,1
Bombonzinho - Ao Vivo,"Israel & Rodolffo, Ana Castela",2,2022,11,3,1254,6,263453310,26,69,73,2,6,158.0,C#,Major,65.0,72.0,95.0,31.0,0.0,92.0,5.0,2022-11-03,0
LA CANCIï¿½,"J Balvin, Bad Bunny",2,2019,6,28,6398,31,1435127549,177,109,305,3,5,176.0,G,Major,75.0,43.0,65.0,15.0,0.0,11.0,32.0,2019-06-28,0
Quï¿½ï¿½ Ago,"Yuridia, Angela Aguilar",2,2022,10,20,660,15,236857112,19,59,18,5,52,98.0,B,Major,73.0,88.0,57.0,56.0,0.0,5.0,2.0,2022-10-20,0
Love Again,The Kid Laroi,1,2023,1,27,1283,0,147538971,57,4,48,0,0,107.0,B,Minor,66.0,47.0,40.0,72.0,0.0,11.0,3.0,2023-01-27,1
After Hours,The Weeknd,1,2020,2,19,8084,6,698086140,45,115,218,1,221,109.0,F,Minor,66.0,16.0,57.0,10.0,1.0,12.0,3.0,2020-02-19,1
About Damn Time,Lizzo,1,2022,7,15,2332,2,723894473,0,0,25,0,0,109.0,A#,Minor,84.0,72.0,74.0,10.0,0.0,34.0,7.0,2022-07-15,1
Born With A Beer In My Hand,Morgan Wallen,1,2023,3,3,203,0,34450974,5,9,0,0,0,148.0,Unknown,Major,53.0,61.0,81.0,5.0,0.0,36.0,4.0,2023-03-03,0
ýýýýýýýýýýýýýýýýýýýýý,Fujii Kaze,1,2020,5,20,685,14,403097450,24,94,9,0,23,158.0,F#,Minor,60.0,52.0,76.0,17.0,0.0,19.0,5.0,2020-05-20,1
Besos Moja2,"Wisin & Yandel, ROSALï¿½",2,2022,9,29,2460,13,309483971,53,7,56,3,1,94.0,F,Minor,74.0,64.0,73.0,6.0,0.0,10.0,6.0,2022-09-29,1
Maan Meri Jaan,King,1,2022,10,12,288,6,319566866,11,80,1,0,8,96.0,F#,Minor,70.0,40.0,51.0,35.0,0.0,10.0,4.0,2022-10-12,1
Moscow Mule,Bad Bunny,1,2022,5,6,4572,33,909001996,74,113,85,9,2,100.0,F,Minor,80.0,29.0,67.0,29.0,0.0,12.0,3.0,2022-05-06,1
My Universe,"Coldplay, BTS",2,2021,9,24,6127,13,1061966512,0,0,0,0,0,105.0,A,Major,58.0,42.0,68.0,1.0,0.0,14.0,4.0,2021-09-24,0
Devil Donï¿½ï¿½ï¿½,Morgan Wallen,1,2023,3,3,166,0,32526947,2,10,0,0,0,125.0,Unknown,Major,53.0,32.0,66.0,38.0,0.0,9.0,3.0,2023-03-03,0
LLYLM,ROSALï¿½,1,2023,1,27,1838,0,124988687,105,41,114,1,59,170.0,F#,Minor,56.0,56.0,63.0,13.0,0.0,19.0,27.0,2023-01-27,1
I'm Not Here To Make Friends,"Sam Smith, Calvin Harris, Jessie Reyez",3,2023,1,27,1890,0,103787664,86,1,49,0,9,115.0,Unknown,Major,70.0,84.0,90.0,17.0,0.0,41.0,6.0,2023-01-27,0
TRUSTFALL,P!nk,1,2023,1,27,2098,16,134255790,88,24,101,7,451,122.0,G#,Major,64.0,25.0,89.0,0.0,0.0,15.0,9.0,2023-01-27,0
ANTIFRAGILE,LE SSERAFIM,1,2022,10,17,761,12,301051721,23,95,11,0,3,105.0,A#,Minor,88.0,82.0,80.0,8.0,0.0,11.0,8.0,2022-10-17,1
Boy's a liar,PinkPantheress,1,2022,11,30,1225,0,156338624,27,0,28,13,0,133.0,F,Major,66.0,74.0,84.0,25.0,0.0,21.0,4.0,2022-11-30,0
VIBE (feat. Jimin of BTS),"TAEYANG, Jimin",2,2023,1,13,415,2,152850295,15,40,21,1,15,100.0,Unknown,Major,79.0,60.0,68.0,7.0,0.0,26.0,4.0,2023-01-13,0
Shirt,SZA,1,2022,10,28,3469,0,309653982,71,95,31,0,2,120.0,D#,Minor,82.0,55.0,45.0,15.0,3.0,9.0,10.0,2022-10-28,1
Lift Me Up - From Black Panther: Wakanda Forever - Music From and Inspired By,Rihanna,1,2022,10,28,3311,0,297328960,129,31,212,1,41,177.0,A,Major,25.0,17.0,30.0,90.0,0.0,13.0,3.0,2022-10-28,0
STAR WALKIN' (League of Legends Worlds Anthem),Lil Nas X,1,2022,9,22,2616,0,332506354,113,17,208,0,192,142.0,D,Minor,64.0,31.0,72.0,15.0,0.0,9.0,5.0,2022-09-22,1
"Sex, Drugs, Etc.",Beach Weather,1,2016,11,4,3006,16,480507035,47,60,87,12,124,144.0,E,Minor,57.0,47.0,84.0,1.0,1.0,52.0,4.0,2016-11-04,1
Boy With Luv (feat. Halsey),"Halsey, BTS",2,2019,4,12,4260,0,1065580332,113,92,259,0,1,120.0,B,Minor,65.0,80.0,86.0,9.0,0.0,19.0,10.0,2019-04-12,1
"Hey, Mickey!",Baby Tate,1,2016,9,27,482,0,122763672,9,1,12,4,3,135.0,D,Major,92.0,73.0,51.0,55.0,0.0,15.0,6.0,2016-09-27,0
Calm Down,Rï¿½ï,1,2022,2,9,4013,10,445763624,107,44,750,22,0,107.0,B,Major,81.0,82.0,78.0,38.0,0.0,12.0,4.0,2022-02-09,0
Jhoome Jo Pathaan,"Arijit Singh, Vishal Dadlani, Sukriti Kakar, Vishal-Shekhar, Shekhar Ravjiani, Kumaar",6,2022,12,22,138,4,1365184,13,78,2,0,0,105.0,G,Major,82.0,62.0,74.0,10.0,0.0,33.0,7.0,2022-12-22,0
Escapism. - Sped Up,"RAYE, 070 Shake",2,2022,11,25,1368,0,184308753,12,1,11,0,8,108.0,F#,Minor,44.0,38.0,77.0,9.0,0.0,9.0,20.0,2022-11-25,1
Space Song,Beach House,1,2015,1,1,17852,4,789753877,69,76,335,0,0,147.0,Unknown,Minor,51.0,62.0,79.0,22.0,13.0,14.0,3.0,2015-01-01,1
Dreamers [Music from the FIFA World Cup Qatar 2022 Official Soundtrack],"BTS, Jung Kook, FIFA Sound",3,2022,11,20,889,20,323358833,11,78,35,0,21,115.0,Unknown,Major,71.0,34.0,88.0,16.0,0.0,44.0,4.0,2022-11-20,0
Te Felicito,"Shakira, Rauw Alejandro",2,2022,4,21,4796,9,606361689,124,66,212,13,1,174.0,F,Major,70.0,57.0,64.0,23.0,0.0,8.0,32.0,2022-04-21,0
Muï¿½ï¿½,"Steve Aoki, Tini, La Joaqui",3,2023,1,12,658,6,120972253,33,7,53,2,0,90.0,A#,Minor,68.0,83.0,71.0,3.0,0.0,31.0,8.0,2023-01-12,1
TV,Billie Eilish,1,2022,7,21,3009,2,338564981,68,89,65,0,25,141.0,E,Minor,41.0,9.0,25.0,84.0,1.0,14.0,4.0,2022-07-21,1
I'm Not The Only One,Sam Smith,1,2014,1,1,17492,3,1606986953,136,24,1959,0,30,82.0,F,Major,68.0,50.0,49.0,56.0,0.0,8.0,4.0,2014-01-01,0
Heather,Conan Gray,1,2020,3,20,6170,7,1301799902,82,1,231,0,2,92.0,F,Major,47.0,25.0,43.0,62.0,0.0,32.0,3.0,2020-03-20,0
"Besharam Rang (From ""Pathaan"")","Vishal-Shekhar, Shilpa Rao, Caralisa Monteiro, Kumaar, Vishal Dadlani, Shekhar Ravjiani",6,2022,12,12,130,4,140187018,21,79,2,0,0,116.0,G#,Minor,77.0,65.0,80.0,6.0,0.0,15.0,4.0,2022-12-12,1
One Kiss (with Dua Lipa),"Calvin Harris, Dua Lipa",2,2017,6,2,27705,10,1897517891,537,122,2726,6,0,124.0,A,Minor,79.0,59.0,86.0,4.0,0.0,8.0,11.0,2017-06-02,1
Sugar Rush Ride,TOMORROW X TOGETHER,1,2023,1,27,359,0,107642809,12,56,13,0,13,125.0,A#,Minor,71.0,83.0,89.0,1.0,0.0,17.0,9.0,2023-01-27,1
Pink Venom,BLACKPINK,1,2022,8,19,1963,16,551305895,57,119,77,1,13,90.0,Unknown,Major,80.0,71.0,69.0,2.0,0.0,27.0,10.0,2022-08-19,0
WAIT FOR U (feat. Drake & Tems),"Drake, Future, Tems",3,2022,4,27,5491,14,556585270,128,84,75,0,35,83.0,C#,Major,46.0,34.0,64.0,31.0,0.0,7.0,34.0,2022-04-27,0
Don't Start Now,Dua Lipa,1,2019,10,31,27119,0,2303033973,532,77,1535,3,8,124.0,B,Minor,79.0,68.0,79.0,1.0,0.0,10.0,8.0,2019-10-31,1
After Dark,Mr.Kitty,1,2014,8,8,1776,14,646886885,1,9,3,0,0,140.0,G#,Major,58.0,4.0,60.0,7.0,41.0,8.0,3.0,2014-08-08,0
Eu Gosto Assim - Ao Vivo,"Gustavo Mioto, Mari Fernandez",2,2022,9,16,1473,4,222612678,27,64,66,1,4,154.0,Unknown,Major,64.0,61.0,91.0,15.0,0.0,72.0,4.0,2022-09-16,0
INDUSTRY BABY (feat. Jack Harlow),"Jack Harlow, Lil Nas X",2,2021,7,23,13315,0,1814349763,300,47,690,0,0,150.0,D#,Minor,74.0,89.0,70.0,2.0,0.0,5.0,6.0,2021-07-23,1
MIDDLE OF THE NIGHT,Elley Duhï¿,1,2020,1,10,4057,8,872137015,78,21,240,1,52,186.0,E,Minor,41.0,9.0,61.0,2.0,0.0,12.0,5.0,2020-01-10,1
Atlantis,Seafret,1,2015,4,22,3045,6,571386359,43,53,134,1,32,166.0,G#,Minor,40.0,23.0,48.0,5.0,0.0,12.0,3.0,2015-04-22,1
PUNTO 40,"Baby Rasta, Rauw Alejandro",2,2022,9,22,3006,12,304079786,54,32,66,2,0,107.0,Unknown,Major,87.0,20.0,83.0,0.0,4.0,31.0,9.0,2022-09-22,0
Evoque Prata,"DJ Escobar, MC MENOR SG, MC MENOR HR",3,2022,9,9,852,0,174006928,14,1,50,0,0,87.0,G,Major,87.0,52.0,52.0,31.0,0.0,28.0,24.0,2022-09-09,0
How Do I Say Goodbye,Dean Lewis,1,2022,8,5,2163,15,284785823,72,97,58,0,154,82.0,G#,Major,40.0,39.0,64.0,21.0,0.0,7.0,7.0,2022-08-05,0
Blind,SZA,1,2022,12,9,1484,0,163284000,22,51,12,0,0,114.0,A,Minor,46.0,60.0,28.0,91.0,0.0,21.0,4.0,2022-12-09,1
Die For You,Joji,1,2022,11,4,1703,0,246390068,38,45,36,16,0,148.0,G#,Major,47.0,15.0,52.0,38.0,13.0,29.0,5.0,2022-11-04,0
Doja,Central Cee,1,2022,7,20,4169,44,482257456,57,44,183,1,11,140.0,F#,Major,91.0,97.0,57.0,38.0,0.0,40.0,29.0,2022-07-20,0
Gatita,Bellakath,1,2022,10,3,1054,0,168684524,9,0,15,0,1,101.0,G,Major,90.0,76.0,81.0,15.0,24.0,33.0,6.0,2022-10-03,0
Rumble,"Skrillex, Flowdan, Fred again..",3,2022,1,17,2849,0,78489819,39,45,27,0,1,140.0,C#,Minor,81.0,6.0,84.0,5.0,23.0,6.0,6.0,2022-01-17,1
Niagara Falls (Foot or 2) [with Travis Scott & 21 Savage],"Travis Scott, 21 Savage, Metro Boomin",3,2022,12,2,1602,0,195516622,12,22,12,0,2,88.0,G,Minor,49.0,24.0,66.0,19.0,0.0,18.0,29.0,2022-12-02,1
Yonaguni,Bad Bunny,1,2021,6,4,9644,28,1260594497,120,86,164,4,0,180.0,C#,Major,64.0,44.0,65.0,28.0,0.0,14.0,12.0,2021-06-04,0
Super Freaky Girl,Nicki Minaj,1,2022,8,12,4827,0,428685680,104,17,76,9,2,133.0,D,Major,95.0,91.0,89.0,6.0,0.0,31.0,24.0,2022-08-12,0
Running Up That Hill (A Deal With God),Kate Bush,1,1985,9,16,21811,0,1024858327,117,1,676,3,0,108.0,A#,Minor,63.0,20.0,55.0,72.0,0.0,6.0,6.0,1985-09-16,1
Dream On,Aerosmith,1,1973,1,5,168,0,838586769,0,0,5,0,0,80.0,F,Minor,39.0,24.0,43.0,39.0,0.0,23.0,3.0,1973-01-05,1
Limbo,Freddie Dredd,1,2022,8,11,688,0,199386237,14,1,17,0,2,75.0,B,Minor,80.0,46.0,62.0,3.0,6.0,11.0,46.0,2022-08-11,1
Where Are You Now,"Lost Frequencies, Calum Scott",2,2021,7,30,10565,44,972509632,238,122,557,17,58,121.0,F#,Minor,67.0,26.0,64.0,52.0,0.0,17.0,10.0,2021-07-30,1
WORTH NOTHING,"Twisted, Oliver Tree",2,2022,9,28,1612,0,213438580,34,54,34,0,2,140.0,D,Minor,58.0,17.0,62.0,18.0,0.0,20.0,8.0,2022-09-28,1
Bad Habits,Ed Sheeran,1,2020,9,3,12755,8,1555511105,344,97,945,15,0,126.0,B,Minor,81.0,59.0,90.0,5.0,0.0,36.0,3.0,2020-09-03,1
KICK BACK,Kenshi Yonezu,1,2022,10,12,574,4,210038833,38,101,26,0,0,102.0,C#,Major,58.0,29.0,94.0,0.0,0.0,9.0,11.0,2022-10-12,0
Evergreen (You Didnï¿½ï¿½ï¿½t Deserve Me A,Omar Apollo,1,2022,4,8,2499,0,227918678,70,0,49,0,0,82.0,A,Major,70.0,31.0,34.0,60.0,1.0,11.0,4.0,2022-04-08,0
Good Days,SZA,1,2020,12,24,10426,2,826623384,133,109,182,1,10,121.0,C#,Minor,46.0,53.0,78.0,23.0,0.0,72.0,6.0,2020-12-24,1
Levitating (feat. DaBaby),"Dua Lipa, DaBaby",2,2020,3,27,15894,8,1802514301,198,13,544,0,60,103.0,F#,Minor,70.0,92.0,83.0,1.0,0.0,7.0,6.0,2020-03-27,1
Woman,Doja Cat,1,2021,6,25,9424,0,1329090101,202,50,463,4,0,108.0,F,Minor,82.0,88.0,76.0,9.0,0.0,12.0,9.0,2021-06-25,1
Shut up My Moms Calling - (Sped Up),Hotel Ugly,1,2022,9,14,713,7,181831132,2,4,6,0,0,85.0,F,Minor,65.0,36.0,47.0,31.0,0.0,12.0,10.0,2022-09-14,1
Ferrari,"James Hype, Miggy Dela Rosa",2,2022,3,14,7758,28,462791599,173,79,175,0,168,125.0,C#,Minor,84.0,70.0,69.0,1.0,0.0,5.0,5.0,2022-03-14,1
"You're On Your Own, Kid",Taylor Swift,1,2022,10,21,2537,2,348647203,8,18,20,0,1,120.0,D,Major,69.0,40.0,39.0,41.0,0.0,13.0,6.0,2022-10-21,0
"Kesariya (From ""Brahmastra"")","Pritam, Arijit Singh, Amitabh Bhattacharya",3,2022,7,17,292,6,366599607,26,98,4,0,0,94.0,Unknown,Major,58.0,44.0,57.0,57.0,0.0,10.0,3.0,2022-07-17,0
Agudo Mï¿½ï¿½gi,"Styrx, utku INC, Thezth",3,1930,1,1,323,0,90598517,4,0,14,0,0,130.0,F#,Minor,65.0,49.0,80.0,22.0,4.0,7.0,5.0,1930-01-01,1
Payphone,"Maroon 5, Wiz Khalifa",2,2012,1,1,14143,4,1479264469,56,38,1891,1,0,110.0,E,Major,74.0,51.0,74.0,2.0,0.0,29.0,4.0,2012-01-01,0
All I Want for Christmas Is You,Mariah Carey,1,1994,10,28,25653,0,1449779435,387,132,2094,0,0,150.0,G,Major,34.0,33.0,63.0,16.0,0.0,7.0,4.0,1994-10-28,0
Last Christmas,Wham!,1,1984,1,1,22153,0,1159176109,274,111,1302,0,0,107.0,B,Minor,74.0,88.0,65.0,28.0,0.0,46.0,3.0,1984-01-01,1
Rockin' Around The Christmas Tree,Brenda Lee,1,1958,1,1,14994,0,769213520,191,168,206,0,0,140.0,G#,Major,70.0,85.0,41.0,71.0,0.0,45.0,5.0,1958-01-01,0
Jingle Bell Rock,Bobby Helms,1,1957,1,1,10326,0,741301563,165,99,104,0,0,119.0,D,Major,74.0,78.0,37.0,84.0,0.0,6.0,3.0,1957-01-01,0
It's Beginning To Look A Lot Like Christmas,Michael Bublï¿,1,2011,10,14,12353,0,807561936,35,0,549,0,0,93.0,E,Major,35.0,38.0,23.0,91.0,0.0,29.0,3.0,2011-10-14,0
Santa Tell Me,Ariana Grande,1,2013,12,13,9408,0,834129063,231,106,439,0,0,133.0,G,Major,46.0,53.0,63.0,5.0,0.0,30.0,18.0,2013-12-13,0
It's the Most Wonderful Time of the Year,Andy Williams,1,1963,10,14,8879,0,663832097,182,107,160,0,1,202.0,G,Major,24.0,76.0,60.0,77.0,0.0,12.0,4.0,1963-10-14,0
Let It Snow! Let It Snow! Let It Snow!,Dean Martin,1,1959,11,16,6512,0,446390129,88,1,277,0,0,134.0,C#,Major,45.0,72.0,24.0,91.0,0.0,18.0,4.0,1959-11-16,0
Snowman,Sia,1,2017,1,1,5140,0,690104769,85,110,500,0,0,105.0,C#,Major,72.0,33.0,51.0,48.0,0.0,9.0,3.0,2017-01-01,0
Underneath the Tree,Kelly Clarkson,1,2013,10,25,6596,0,485285717,144,99,251,0,0,160.0,G#,Major,51.0,69.0,81.0,0.0,0.0,21.0,5.0,2013-10-25,0
Feliz Navidad,Josï¿½ï¿½ Felic,1,1970,11,1,3788,0,520034544,21,3,10,0,0,148.0,D,Major,50.0,96.0,82.0,47.0,0.0,34.0,4.0,1970-11-01,0
Holly Jolly Christmas,Michael Bublï¿,1,2011,10,14,7655,0,476244795,5,0,291,0,0,151.0,G,Major,65.0,70.0,47.0,87.0,0.0,9.0,4.0,2011-10-14,0
Mistletoe,Justin Bieber,1,2011,1,1,9577,0,629173063,195,111,310,0,0,162.0,F#,Minor,67.0,88.0,54.0,51.0,0.0,9.0,4.0,2011-01-01,1
Sleigh Ride,The Ronettes,1,1963,11,22,10114,0,404664135,114,74,262,0,0,92.0,D,Major,53.0,84.0,77.0,40.0,0.0,32.0,3.0,1963-11-22,0
Seek & Destroy,SZA,1,2022,12,9,1007,0,98709329,5,31,1,0,0,152.0,C#,Major,65.0,35.0,65.0,44.0,18.0,21.0,7.0,2022-12-09,0
Love Language,SZA,1,2022,12,9,1127,0,110849052,16,63,8,0,0,65.0,A,Minor,71.0,55.0,26.0,85.0,0.0,13.0,8.0,2022-12-09,1
Happy Xmas (War Is Over),"John Lennon, The Harlem Community Choir, The Plastic Ono Band, Yoko Ono",4,1971,12,1,10829,0,460492795,130,1,390,0,0,147.0,D,Major,33.0,39.0,61.0,32.0,0.0,77.0,3.0,1971-12-01,0
Used (feat. Don Toliver),"SZA, Don Toliver",2,2022,12,8,1042,0,94005786,7,29,3,0,0,150.0,A#,Minor,73.0,71.0,69.0,53.0,0.0,32.0,9.0,2022-12-08,1
A Holly Jolly Christmas - Single Version,Burl Ives,1,1952,1,1,7930,0,395591396,108,120,73,0,0,140.0,Unknown,Major,67.0,81.0,36.0,64.0,0.0,15.0,3.0,1952-01-01,0
The Christmas Song (Merry Christmas To You) - Remastered 1999,Nat King Cole,1,1946,11,1,11500,0,389771964,140,72,251,0,0,139.0,C#,Major,36.0,22.0,15.0,84.0,0.0,11.0,4.0,1946-11-01,0
Wonderful Christmastime - Edited Version / Remastered 2011,Paul McCartney,1,1979,11,16,1685,0,403939487,1,0,29,0,0,95.0,B,Major,75.0,74.0,58.0,36.0,0.0,9.0,3.0,1979-11-16,0
Do They Know It's Christmas? - 1984 Version,Band Aid,1,1984,11,25,14169,0,481697415,209,30,449,0,0,115.0,Unknown,Major,60.0,23.0,57.0,0.0,2.0,27.0,3.0,1984-11-25,0
Ghost in the Machine (feat. Phoebe Bridgers),"SZA, Phoebe Bridgers",2,2022,12,9,1634,0,110073250,16,20,4,0,0,125.0,F#,Major,62.0,59.0,43.0,84.0,3.0,11.0,5.0,2022-12-09,0
Special,SZA,1,2022,12,9,906,0,88092256,6,21,3,0,0,76.0,Unknown,Major,60.0,19.0,20.0,78.0,0.0,11.0,5.0,2022-12-09,0
Merry Christmas Everyone,Shakin' Stevens,1,1984,1,1,1087,0,351636786,90,35,5,0,0,101.0,C#,Minor,72.0,91.0,87.0,14.0,0.0,13.0,3.0,1984-01-01,1
Let It Snow! Let It Snow! Let It Snow!,"Frank Sinatra, B. Swanson Quartet",2,1950,1,1,10585,0,473248298,126,108,406,0,0,143.0,D,Major,60.0,86.0,32.0,88.0,0.0,34.0,6.0,1950-01-01,0
SOS,SZA,1,2022,12,9,827,0,73981293,6,18,1,0,0,119.0,G,Minor,51.0,51.0,66.0,67.0,0.0,9.0,23.0,2022-12-09,1
Open Arms (feat. Travis Scott),"SZA, Travis Scott",2,2022,12,8,1420,4,155653938,13,87,17,0,46,78.0,A,Major,67.0,22.0,59.0,76.0,1.0,15.0,16.0,2022-12-08,0
White Christmas,"Bing Crosby, John Scott Trotter & His Orchestra, Ken Darby Singers",3,1942,1,1,11940,0,395591396,73,79,123,0,0,96.0,A,Major,23.0,19.0,25.0,91.0,0.0,40.0,3.0,1942-01-01,0
Driving Home for Christmas - 2019 Remaster,Chris Rea,1,1986,1,1,888,0,429504768,50,0,6,0,0,180.0,A,Major,51.0,87.0,58.0,36.0,0.0,18.0,4.0,1986-01-01,0
Christmas (Baby Please Come Home),Darlene Love,1,1963,11,22,9122,0,242767149,121,58,212,0,0,126.0,D#,Major,34.0,35.0,76.0,39.0,0.0,8.0,5.0,1963-11-22,0
Gone Girl,SZA,1,2022,12,9,892,0,65362788,3,17,2,0,0,150.0,F,Major,43.0,42.0,44.0,57.0,0.0,15.0,6.0,2022-12-09,0
F2F,SZA,1,2022,12,9,989,0,67540165,5,9,1,0,0,90.0,D,Major,53.0,47.0,74.0,9.0,0.0,34.0,4.0,2022-12-09,0
Notice Me,SZA,1,2022,12,9,819,0,62019074,14,22,0,0,0,160.0,F,Major,72.0,78.0,68.0,28.0,0.0,11.0,12.0,2022-12-09,0
Merry Christmas,"Ed Sheeran, Elton John",2,2017,11,10,2209,0,135723538,72,90,141,0,0,114.0,Unknown,Major,59.0,60.0,94.0,24.0,0.0,10.0,4.0,2017-11-10,0
It's Beginning to Look a Lot Like Christmas (with Mitchell Ayres & His Orchestra),"Perry Como, The Fontane Sisters, Mitchell Ayres & His Orchestra",3,1958,1,1,6290,0,295998468,89,39,158,0,0,113.0,G,Major,73.0,72.0,32.0,77.0,0.0,15.0,5.0,1958-01-01,0
My Only Wish (This Year),Britney Spears,1,2000,11,7,6952,0,261116938,115,53,286,0,0,147.0,Unknown,Major,67.0,69.0,72.0,17.0,0.0,19.0,3.0,2000-11-07,0
Antidepresan,"Mabel Matiz, Mert Demir",2,2022,11,4,313,2,136689549,10,6,7,1,9,100.0,B,Minor,70.0,92.0,59.0,3.0,0.0,10.0,3.0,2022-11-04,1
Wild Flower (with youjeen),RM,1,2022,12,2,353,2,135611421,2,74,14,0,2,155.0,G#,Major,49.0,42.0,77.0,3.0,0.0,12.0,9.0,2022-12-02,0
I Hate U,SZA,1,2021,12,3,4094,0,356709897,66,96,43,0,0,107.0,G,Minor,54.0,41.0,39.0,51.0,0.0,11.0,16.0,2021-12-03,1
Raindrops (Insane) [with Travis Scott],"Travis Scott, Metro Boomin",2,2022,12,2,880,0,110649992,3,7,10,0,0,112.0,G#,Major,80.0,15.0,54.0,9.0,0.0,38.0,5.0,2022-12-02,0
SPIT IN MY FACE!,ThxSoMch,1,2022,10,31,573,0,301869854,1,0,18,0,24,166.0,C#,Major,70.0,57.0,57.0,9.0,20.0,11.0,7.0,2022-10-31,0
Deck The Hall - Remastered 1999,Nat King Cole,1,1959,1,1,3299,0,127027715,65,39,41,0,0,107.0,F#,Minor,69.0,96.0,36.0,81.0,0.0,8.0,4.0,1959-01-01,1
Smoking on my Ex Pack,SZA,1,2022,12,9,811,0,57144458,6,11,3,0,0,81.0,G#,Major,47.0,33.0,68.0,24.0,0.0,22.0,38.0,2022-12-09,0
Conceited,SZA,1,2022,12,9,899,0,56870689,2,14,2,0,0,150.0,C#,Major,79.0,77.0,46.0,5.0,0.0,11.0,7.0,2022-12-09,0
Snow On The Beach (feat. Lana Del Rey),"Taylor Swift, Lana Del Rey",2,2022,10,21,2415,0,323437194,33,57,30,0,11,110.0,A,Major,66.0,19.0,32.0,69.0,0.0,12.0,4.0,2022-10-21,0
Maroon,Taylor Swift,1,2022,10,21,2304,0,317726339,12,16,14,0,0,108.0,G,Major,64.0,4.0,40.0,6.0,0.0,10.0,6.0,2022-10-21,0
Tubarï¿½ï¿½o Te,"Dj LK da Escï¿½ï¿½cia, Tchakabum, mc jhenny, M",4,2022,9,28,1003,0,116144341,21,0,44,0,0,130.0,E,Minor,89.0,48.0,74.0,30.0,0.0,7.0,36.0,2022-09-28,1
Bejeweled,Taylor Swift,1,2022,10,21,2699,0,328207708,39,35,22,2,0,164.0,G,Major,70.0,39.0,56.0,6.0,0.0,9.0,7.0,2022-10-21,0
Tarot,"Bad Bunny, Jhay Cortez",2,2022,5,6,2482,20,608228647,27,77,22,2,0,114.0,B,Minor,80.0,42.0,68.0,2.0,0.0,66.0,4.0,2022-05-06,1
You Make It Feel Like Christmas (feat. Blake Shelton),"Gwen Stefani, Blake Shelton",2,2005,9,20,2577,0,180577478,108,56,30,0,0,93.0,F,Major,63.0,93.0,88.0,1.0,0.0,12.0,4.0,2005-09-20,0
Desesperados,"Chencho Corleone, Rauw Alejandro",2,2021,6,25,6821,34,809306935,83,58,128,7,0,90.0,C#,Minor,87.0,51.0,69.0,36.0,0.0,9.0,8.0,2021-06-25,1
Too Late,SZA,1,2022,12,8,714,0,49262961,0,9,2,0,0,128.0,B,Major,45.0,35.0,68.0,78.0,0.0,39.0,8.0,2022-12-08,0
Party,"Bad Bunny, Rauw Alejandro",2,2022,5,6,3185,4,614555082,38,64,37,3,36,97.0,A,Major,83.0,47.0,80.0,2.0,0.0,24.0,9.0,2022-05-06,0
Run Rudolph Run - Single Version,Chuck Berry,1,1958,1,1,8612,0,245350949,120,30,52,0,1,152.0,G,Minor,69.0,94.0,71.0,79.0,0.0,7.0,8.0,1958-01-01,1
Jingle Bells - Remastered 1999,Frank Sinatra,1,1957,1,1,4326,0,178660459,32,3,65,0,0,175.0,G#,Major,51.0,94.0,34.0,73.0,0.0,10.0,5.0,1957-01-01,0
Far,SZA,1,2022,12,9,680,0,51641685,2,15,1,0,0,116.0,D,Major,61.0,48.0,55.0,67.0,0.0,16.0,8.0,2022-12-09,0
On Time (with John Legend),"John Legend, Metro Boomin",2,2022,12,2,398,0,78139948,2,2,6,0,2,80.0,F,Minor,33.0,51.0,59.0,76.0,0.0,44.0,6.0,2022-12-02,1
GATï¿½ï¿½,"Maldy, Karol G",2,2022,8,25,3328,13,322336177,39,50,57,3,1,93.0,B,Minor,63.0,34.0,86.0,26.0,0.0,21.0,39.0,2022-08-25,1
ýýýabcdefu,Gayle,1,2021,8,13,7215,0,1007612429,170,12,575,18,0,122.0,E,Major,70.0,42.0,54.0,30.0,0.0,37.0,5.0,2021-08-13,0
Sacrifice,The Weeknd,1,2022,1,7,4440,0,326792833,81,77,133,0,0,122.0,G,Major,70.0,91.0,79.0,3.0,0.0,7.0,10.0,2022-01-07,0
Is There Someone Else?,The Weeknd,1,2022,1,7,2881,6,391251368,13,89,34,0,3,135.0,A,Minor,70.0,60.0,58.0,4.0,0.0,16.0,3.0,2022-01-07,1
Fingers Crossed,"Lauren Spencer Smith, Lauren Spencer Smith, Lauren Spencer Smith",3,2022,1,5,2235,0,349585590,65,7,70,16,6,109.0,F,Major,60.0,45.0,47.0,62.0,0.0,31.0,5.0,2022-01-05,0
Out of Time,The Weeknd,1,2022,1,7,3711,0,339659802,49,88,62,0,0,93.0,Unknown,Minor,65.0,82.0,74.0,27.0,0.0,32.0,5.0,2022-01-07,1
Do It To It,"Cherish, ACRAZE",2,2021,8,20,12403,0,674772936,183,63,465,0,11,125.0,B,Minor,85.0,64.0,81.0,2.0,5.0,7.0,9.0,2021-08-20,1
We Don't Talk About Bruno,"Adassa, Mauro Castillo, Stephanie Beatriz, Encanto - Cast, Rhenzy Feliz, Diane Guerrero, Carolina Gaitan",7,2021,11,19,2785,0,432719968,95,89,44,0,0,206.0,Unknown,Minor,58.0,83.0,45.0,36.0,0.0,11.0,8.0,2021-11-19,1
Pepas,Farruko,1,2021,6,24,14114,17,1309887447,252,109,965,20,0,130.0,G,Major,76.0,44.0,77.0,1.0,0.0,13.0,3.0,2021-06-24,0
How Do I Make You Love Me?,The Weeknd,1,2022,1,7,1915,0,119238316,7,47,15,0,0,121.0,G,Minor,80.0,62.0,51.0,2.0,0.0,9.0,8.0,2022-01-07,1
Gasoline,The Weeknd,1,2022,1,7,2297,0,116903579,11,29,14,0,0,123.0,F#,Minor,74.0,35.0,73.0,0.0,0.0,21.0,5.0,2022-01-07,1
Infinity,Jaymes Young,1,2017,6,23,4375,0,888046992,24,0,396,0,0,122.0,B,Minor,67.0,50.0,67.0,15.0,0.0,30.0,4.0,2017-06-23,1
Less Than Zero,The Weeknd,1,2022,1,7,2800,0,200660871,18,77,61,0,1,143.0,Unknown,Major,53.0,50.0,79.0,0.0,0.0,8.0,3.0,2022-01-07,0
Take My Breath,The Weeknd,1,2021,8,6,2597,0,130655803,17,80,38,0,0,121.0,A#,Minor,70.0,35.0,77.0,1.0,0.0,26.0,4.0,2021-08-06,1
good 4 u,Olivia Rodrigo,1,2021,5,14,15563,6,1887039593,259,55,461,1,0,166.0,F#,Minor,56.0,68.0,66.0,28.0,0.0,11.0,18.0,2021-05-14,1
"Here We Goï¿½ï¿½ï¿½ Again (feat. Tyler, the Cr","The Weeknd, Tyler, The Creator",3,2022,1,7,1420,0,88103848,7,18,7,0,0,135.0,C#,Major,41.0,27.0,64.0,36.0,0.0,60.0,3.0,2022-01-07,0
Best Friends,The Weeknd,1,2022,1,7,1292,0,101114984,3,18,14,0,0,87.0,E,Minor,49.0,49.0,59.0,44.0,0.0,35.0,21.0,2022-01-07,1
Kiss Me More (feat. SZA),"SZA, Doja Cat",2,2021,4,9,15867,0,1575467011,382,65,497,0,12,111.0,G#,Major,77.0,74.0,66.0,30.0,0.0,13.0,3.0,2021-04-09,0
I Heard You're Married (feat. Lil Wayne),"The Weeknd, Lil Wayne",2,2022,1,7,1178,0,91656026,9,10,9,0,0,110.0,D,Major,75.0,85.0,84.0,10.0,0.0,31.0,19.0,2022-01-07,0
Need To Know,Doja Cat,1,2021,6,11,6672,0,1042568408,125,36,150,0,0,130.0,C#,Major,66.0,19.0,61.0,30.0,0.0,9.0,7.0,2021-06-11,0
MONTERO (Call Me By Your Name),Lil Nas X,1,2020,9,18,12329,0,1735441776,275,19,738,0,0,179.0,G#,Minor,61.0,76.0,51.0,30.0,0.0,38.0,15.0,2020-09-18,1
love nwantiti (ah ah ah),Ckay,1,2019,7,26,5669,2,726837877,74,0,262,14,0,93.0,F,Minor,74.0,53.0,73.0,61.0,0.0,13.0,4.0,2019-07-26,1
Dawn FM,The Weeknd,1,2022,1,7,811,0,53933526,1,8,6,0,0,78.0,A,Minor,27.0,10.0,49.0,62.0,0.0,49.0,5.0,2022-01-07,1
Surface Pressure,Jessica Darrow,1,2021,11,19,1756,0,267758538,38,48,20,0,0,180.0,D,Major,65.0,37.0,58.0,2.0,0.0,4.0,31.0,2021-11-19,0
Starry Eyes,The Weeknd,1,2022,1,7,1014,0,74601456,1,17,11,0,0,86.0,A,Minor,28.0,13.0,41.0,50.0,0.0,19.0,3.0,2022-01-07,1
THATS WHAT I WANT,Lil Nas X,1,2021,9,17,7963,0,920797189,173,7,298,0,4,88.0,C#,Minor,74.0,55.0,85.0,1.0,0.0,5.0,22.0,2021-09-17,1
One Right Now (with The Weeknd),"The Weeknd, Post Malone",2,2021,11,5,4771,0,539595276,68,18,75,0,1,97.0,C#,Major,68.0,72.0,78.0,4.0,0.0,7.0,5.0,2021-11-05,0
Beggin,Mï¿½ï¿½ne,1,2017,12,8,8559,0,1367810478,183,64,964,9,75,134.0,B,Minor,71.0,59.0,80.0,13.0,0.0,36.0,5.0,2017-12-08,1
Mon Amour - Remix,"Aitana, zzoilo",2,2020,9,21,3221,2,578207856,67,13,139,0,40,116.0,D,Major,75.0,36.0,76.0,12.0,0.0,10.0,10.0,2020-09-21,0
Lo Siento BB:/ (with Bad Bunny & Julieta Venegas),"Julieta Venegas, Bad Bunny, Tainy",3,2021,10,5,3423,26,775542072,61,65,53,6,0,170.0,E,Minor,64.0,14.0,70.0,9.0,0.0,9.0,8.0,2021-10-05,1
MONEY,Lisa,1,2021,9,10,2566,13,863625566,44,109,131,0,0,140.0,C#,Minor,83.0,40.0,55.0,16.0,0.0,14.0,23.0,2021-09-10,1
The Motto,"Tiï¿½ï¿½sto, Ava",2,2021,11,4,9151,6,656013912,240,107,268,0,5,118.0,G,Minor,75.0,46.0,76.0,3.0,0.0,9.0,4.0,2021-11-04,1
Happier Than Ever,Billie Eilish,1,2021,7,30,8476,0,1056760045,138,133,283,0,0,65.0,Unknown,Major,31.0,31.0,24.0,76.0,0.0,14.0,4.0,2021-07-30,0
Moth To A Flame (with The Weeknd),"The Weeknd, Swedish House Mafia",2,2021,10,22,7495,17,611994237,114,172,284,2,0,120.0,Unknown,Minor,56.0,16.0,67.0,0.0,0.0,11.0,4.0,2021-10-22,1
traitor,"Juan Cruz Toledo, Huilen Toledo",2,2021,5,21,5257,6,1230855859,85,43,134,0,0,176.0,D#,Major,29.0,12.0,33.0,68.0,0.0,12.0,5.0,2021-05-21,0
Toxic,BoyWithUke,1,2021,9,10,1795,0,582981380,34,23,118,0,0,180.0,G#,Minor,59.0,69.0,61.0,84.0,0.0,46.0,36.0,2021-09-10,1
drivers license,Olivia Rodrigo,1,2021,1,8,12685,3,1858144199,185,61,485,0,0,144.0,A#,Major,59.0,21.0,43.0,76.0,0.0,10.0,7.0,2021-01-08,0
Malvadï¿½ï¿,"Xamï¿½ï¿½, Gustah, Neo B",3,2021,11,30,648,1,240684449,14,3,81,0,0,133.0,F#,Minor,82.0,52.0,61.0,38.0,0.0,14.0,27.0,2021-11-30,1
All Too Well (10 Minute Version) (Taylor's Version) (From The Vault),Taylor Swift,1,2021,11,12,4635,5,583687007,50,49,30,1,2,93.0,Unknown,Major,63.0,21.0,52.0,28.0,0.0,9.0,3.0,2021-11-12,0
Donï¿½ï¿½ï¿½t Break My,The Weeknd,1,2022,1,7,1184,0,63803529,1,5,6,0,0,122.0,A#,Major,77.0,25.0,62.0,34.0,0.0,23.0,3.0,2022-01-07,0
Oh My God,Adele,1,2021,11,19,4431,0,466214729,105,7,199,0,0,88.0,C#,Major,53.0,55.0,73.0,9.0,0.0,3.0,5.0,2021-11-19,0
Entre Nosotros (Remix) [con Nicki Nicole],"Lit Killah, Maria Becerra, Tiago pzk, NICKI NICOLE",4,2022,1,5,759,3,236940480,32,0,12,0,0,170.0,F,Minor,70.0,61.0,44.0,40.0,0.0,37.0,4.0,2022-01-05,1
A Tale By Quincy,The Weeknd,1,2022,1,7,733,0,41924466,0,2,2,0,0,94.0,F,Minor,46.0,55.0,50.0,71.0,0.0,10.0,11.0,2022-01-07,1
I AM WOMAN,Emmy Meli,1,2021,11,18,2795,0,225259194,45,0,107,0,0,170.0,A#,Major,65.0,46.0,47.0,12.0,0.0,13.0,16.0,2021-11-18,0
Medallo,"Justin Quiles, Lenny Tavï¿½ï¿½rez, BL",3,2021,10,27,2780,2,393230256,54,21,57,1,0,90.0,E,Minor,79.0,79.0,70.0,57.0,0.0,66.0,8.0,2021-10-27,1
It'll Be Okay,Shawn Mendes,1,2021,12,1,1950,0,287201015,56,8,104,0,10,78.0,G,Major,40.0,7.0,29.0,62.0,0.0,9.0,3.0,2021-12-01,0
Softcore,The Neighbourhood,1,2018,3,9,3947,12,599770206,33,102,93,0,30,94.0,D,Major,57.0,36.0,58.0,5.0,0.0,15.0,3.0,2018-03-09,0
Super Gremlin,Kodak Black,1,2021,10,30,2551,0,342779426,52,15,35,0,1,73.0,D,Major,83.0,11.0,41.0,0.0,0.0,36.0,14.0,2021-10-30,0
Volvï¿,"Aventura, Bad Bunny",2,2021,8,3,5375,10,673801126,138,24,133,0,1,176.0,C#,Major,73.0,79.0,86.0,42.0,0.0,7.0,18.0,2021-08-03,0
Todo De Ti,Rauw Alejandro,1,2020,11,2,11975,8,1168642797,188,75,268,6,16,128.0,D#,Minor,81.0,57.0,63.0,40.0,1.0,10.0,4.0,2020-11-02,1
Love Nwantiti - Remix,"Ckay, AX'EL, Dj Yo!",3,2019,8,30,2696,0,540539717,42,2,57,0,0,120.0,G#,Major,58.0,44.0,60.0,44.0,9.0,5.0,6.0,2019-08-30,0
Smokin Out The Window,"Bruno Mars, Anderson .Paak, Silk Sonic",3,2021,11,5,4963,0,383550148,63,40,76,0,0,82.0,D,Major,63.0,85.0,62.0,6.0,0.0,35.0,4.0,2021-11-05,0
Meet Me At Our Spot,"THE ANXIETY, Willow, Tyler Cole",3,2020,3,13,6734,0,530511203,47,14,90,0,1,95.0,D,Major,77.0,40.0,47.0,2.0,0.0,9.0,3.0,2020-03-13,0
Every Angel is Terrifying,The Weeknd,1,2022,1,7,715,0,37307967,0,1,2,0,0,118.0,Unknown,Major,44.0,52.0,94.0,11.0,0.0,4.0,29.0,2022-01-07,0
Tacones Rojos,Sebastian Yatra,1,2021,10,22,3047,9,510876816,77,31,85,5,28,123.0,B,Minor,75.0,93.0,86.0,8.0,0.0,14.0,3.0,2021-10-22,1
Peaches (feat. Daniel Caesar & Giveon),"Justin Bieber, Daniel Caesar, Giveon",3,2021,3,19,14140,0,1445941661,231,52,612,6,0,90.0,Unknown,Major,63.0,49.0,68.0,38.0,0.0,42.0,18.0,2021-03-19,0
Dakiti,"Bad Bunny, Jhay Cortez",2,2020,10,30,11215,21,1763363713,189,166,525,9,25,110.0,E,Minor,73.0,14.0,57.0,40.0,0.0,11.0,5.0,2020-10-30,1
"Tiago PZK: Bzrp Music Sessions, Vol. 48","Bizarrap, Tiago pzk",2,2021,12,29,1678,12,374191487,20,4,15,1,3,96.0,C#,Minor,66.0,76.0,82.0,47.0,0.0,10.0,32.0,2021-12-29,1
Lï¿½ï¿½ï¿,Stromae,1,2022,1,9,2035,0,108809090,41,122,394,0,2,88.0,D,Minor,56.0,58.0,55.0,35.0,0.0,23.0,11.0,2022-01-09,1
Nostï¿½ï¿½l,"Chris Brown, Rvssian, Rauw Alejandro",3,2021,9,8,2780,2,436695353,86,76,59,0,16,98.0,A,Minor,73.0,60.0,85.0,17.0,0.0,24.0,5.0,2021-09-08,1
Better Days (NEIKED x Mae Muller x Polo G),"NEIKED, Mae Muller, Polo G",3,2021,9,24,4091,0,421040617,105,2,73,13,1,110.0,Unknown,Minor,72.0,67.0,68.0,0.0,0.0,14.0,4.0,2021-09-24,1
Life Goes On,Oliver Tree,1,2020,7,17,2868,0,501541661,43,15,116,0,0,80.0,Unknown,Major,70.0,57.0,49.0,19.0,0.0,12.0,8.0,2020-07-17,0
Sad Girlz Luv Money Remix (feat. Kali Uchis),"Kali Uchis, Amaarae, Moliy",3,2021,9,16,3643,0,354065229,69,3,70,0,3,110.0,C#,Minor,86.0,31.0,53.0,43.0,0.0,11.0,6.0,2021-09-16,1
Butter,BTS,1,2021,5,21,4779,6,1143647827,180,135,223,0,5,110.0,G#,Major,79.0,70.0,36.0,0.0,0.0,6.0,11.0,2021-05-21,0
pushin P (feat. Young Thug),"Young Thug, Future, Gunna",3,2022,1,7,3517,0,311395144,54,28,43,0,0,78.0,C#,Minor,77.0,49.0,42.0,1.0,1.0,13.0,19.0,2022-01-07,1
You Right,"Doja Cat, The Weeknd",2,2021,6,24,5073,0,672656250,83,9,100,0,4,129.0,G#,Major,83.0,44.0,62.0,2.0,0.0,8.0,6.0,2021-06-24,0
deja vu,Olivia Rodrigo,1,2021,4,1,7545,4,1256880657,117,39,141,0,46,181.0,A,Major,44.0,22.0,60.0,61.0,0.0,42.0,9.0,2021-04-01,0
Dynamite,BTS,1,2020,8,21,8528,5,1692897992,239,163,583,0,0,114.0,F#,Minor,75.0,74.0,77.0,1.0,0.0,9.0,10.0,2020-08-21,1
TO THE MOON,Jnr Choi,1,2021,11,5,2979,0,245095641,44,0,159,0,0,144.0,D,Major,74.0,39.0,65.0,5.0,1.0,11.0,35.0,2021-11-05,0
Lost in the Fire,"The Weeknd, Gesaffelstein",2,2019,1,11,7731,2,686734357,110,145,447,0,46,101.0,D,Major,66.0,18.0,68.0,9.0,0.0,12.0,4.0,2019-01-11,0
Salimo de Noche,"Trueno, Tiago pzk",2,2021,10,21,1057,0,261414174,17,5,21,0,0,84.0,D,Major,67.0,78.0,63.0,29.0,0.0,12.0,5.0,2021-10-21,0
Volando - Remix,"Sech, Bad Bunny, Mora",3,2021,7,8,3272,19,610045621,101,34,70,1,2,154.0,F#,Major,66.0,63.0,69.0,21.0,0.0,11.0,7.0,2021-07-08,0
Leave The Door Open,"Bruno Mars, Anderson .Paak, Silk Sonic",3,2021,3,5,14417,0,1115880852,237,123,569,0,10,148.0,F,Major,59.0,72.0,62.0,18.0,0.0,9.0,3.0,2021-03-05,0
Knife Talk (with 21 Savage ft. Project Pat),"Drake, Project Pat, 21 Savage",3,2021,9,3,5199,0,594482982,45,43,45,0,3,146.0,F,Minor,85.0,22.0,37.0,13.0,0.0,7.0,30.0,2021-09-03,1
Don't Be Shy,"Tiï¿½ï¿½sto, Kar",2,2021,8,1,6026,0,566954746,171,51,187,1,21,120.0,B,Minor,77.0,51.0,79.0,20.0,0.0,26.0,6.0,2021-08-01,1
Love Grows (Where My Rosemary Goes),Edison Lighthouse,1,1970,1,1,2877,0,0,16,0,54,0,0,110.0,A,Major,53.0,75.0,69.0,7.0,0.0,17.0,3.0,1970-01-01,0
LA FAMA (with The Weeknd),"The Weeknd, ROSALï¿½",2,2021,11,11,4640,3,374706940,81,93,507,6,4,136.0,Unknown,Minor,77.0,82.0,30.0,95.0,0.0,13.0,5.0,2021-11-11,1
The Family Madrigal,"Olga Merediz, Stephanie Beatriz, Encanto - Cast",3,2021,11,19,1150,0,184937148,20,38,12,0,0,141.0,C#,Major,59.0,56.0,63.0,12.0,0.0,6.0,36.0,2021-11-19,0
Phantom Regret by Jim,The Weeknd,1,2022,1,7,768,0,31959571,1,1,3,0,0,108.0,A,Minor,46.0,23.0,48.0,75.0,30.0,14.0,4.0,2022-01-07,1
Dos Oruguitas,Sebastian Yatra,1,2021,11,19,925,0,167076418,24,47,74,0,0,94.0,Unknown,Major,42.0,47.0,36.0,76.0,0.0,9.0,5.0,2021-11-19,0
Freaks,Surf Curse,1,2015,5,10,3006,3,824420218,23,21,121,0,13,180.0,A,Major,35.0,41.0,94.0,0.0,63.0,5.0,5.0,2015-05-10,0
Acapulco,Jason Derulo,1,2021,9,1,3098,0,363467642,111,5,182,1,0,122.0,A#,Major,77.0,51.0,79.0,5.0,0.0,16.0,5.0,2021-09-01,0
Daddy Issues,The Neighbourhood,1,2015,10,30,9771,4,1127468248,42,70,384,0,3,85.0,A#,Major,59.0,33.0,52.0,7.0,15.0,12.0,3.0,2015-10-30,0
thought i was playing,"21 Savage, Gunna",2,2022,1,7,807,0,60680939,3,0,5,0,0,148.0,C#,Major,68.0,29.0,73.0,0.0,0.0,7.0,7.0,2022-01-07,0
ELEVEN,IVE,1,2021,12,1,521,1,247737946,17,89,11,0,0,120.0,A,Major,83.0,59.0,73.0,6.0,0.0,5.0,11.0,2021-12-01,0
Mood (feat. Iann Dior),"24kgoldn, Iann Dior",2,2020,7,24,12854,0,1699402402,237,27,636,0,0,91.0,G,Minor,70.0,76.0,72.0,22.0,0.0,27.0,4.0,2020-07-24,1
What Else Can I Do?,"Stephanie Beatriz, Diane Guerrero",2,2021,11,19,802,0,154797871,13,27,8,0,0,120.0,E,Major,72.0,54.0,71.0,26.0,0.0,10.0,4.0,2021-11-19,0
DANCE CRIP,Trueno,1,2021,11,17,731,0,198883004,14,14,24,0,4,106.0,Unknown,Major,86.0,86.0,79.0,11.0,0.0,8.0,9.0,2021-11-17,0
Miserable Man,David Kushner,1,2022,1,7,788,0,124407432,13,0,32,1,0,110.0,A#,Major,63.0,31.0,35.0,93.0,0.0,29.0,3.0,2022-01-07,0
happier,Olivia Rodrigo,1,2021,5,21,3069,4,850608354,25,46,105,0,45,169.0,F#,Major,39.0,36.0,45.0,81.0,0.0,8.0,13.0,2021-05-21,0
Praise God,Kanye West,1,2021,8,29,4651,0,376333030,24,6,105,0,0,118.0,C#,Major,80.0,21.0,55.0,1.0,0.0,26.0,17.0,2021-08-29,0
Get Into It (Yuh),Doja Cat,1,2021,6,25,4999,0,516784627,43,19,73,12,0,92.0,G#,Minor,91.0,79.0,66.0,32.0,0.0,9.0,16.0,2021-06-25,1
Before You Go,Lewis Capaldi,1,2019,11,1,8327,24,1608045237,205,130,625,0,25,112.0,D#,Major,45.0,19.0,60.0,63.0,0.0,9.0,6.0,2019-11-01,0
Sky,Playboi Carti,1,2020,12,25,3297,3,506778838,25,3,52,0,1,140.0,D,Major,79.0,56.0,91.0,26.0,0.0,13.0,21.0,2020-12-25,0
Rolling in the Deep,Adele,1,2010,11,29,35684,6,1472799873,195,125,6280,2,78,105.0,G#,Major,73.0,52.0,76.0,13.0,0.0,5.0,3.0,2010-11-29,0
Sobrio,Maluma,1,2021,7,8,3506,10,513643924,103,76,100,1,1,178.0,F,Major,76.0,63.0,77.0,14.0,0.0,15.0,22.0,2021-07-08,0
Peru,"Ed Sheeran, Fireboy DML",2,2021,12,23,2999,0,261286503,60,17,154,0,22,108.0,G,Minor,96.0,71.0,42.0,57.0,0.0,8.0,9.0,2021-12-23,1
favorite crime,Olivia Rodrigo,1,2021,5,21,3681,0,783706581,20,21,99,0,7,173.0,A,Major,40.0,19.0,29.0,86.0,0.0,34.0,4.0,2021-05-21,0
Thunder,"Prezioso, Gabry Ponte, LUM!X",3,2021,5,7,4846,10,422691058,54,16,259,0,13,101.0,C#,Major,67.0,40.0,90.0,3.0,0.0,34.0,6.0,2021-05-07,0
The Business,Tiï¿½ï¿,1,2020,1,1,14311,0,1062345656,255,32,582,0,14,120.0,G#,Minor,80.0,24.0,62.0,41.0,2.0,11.0,23.0,2020-01-01,1
positions,Ariana Grande,1,2020,10,23,8207,0,1252563873,175,55,95,0,2,144.0,Unknown,Major,73.0,66.0,80.0,44.0,0.0,9.0,12.0,2020-10-23,0
I WANNA BE YOUR SLAVE,Mï¿½ï¿½ne,1,2021,3,19,4873,0,851070493,65,88,434,3,13,133.0,C#,Major,75.0,96.0,61.0,0.0,0.0,18.0,4.0,2021-03-19,0
Vai Lï¿½ï¿½ Em Casa ,"Marï¿½ï¿½lia Mendonï¿½ï¿½a, George Henrique &",2,2021,10,22,772,0,263894529,7,3,89,0,0,158.0,G#,Minor,46.0,62.0,83.0,53.0,0.0,97.0,28.0,2021-10-22,1
The Feels,TWICE,1,2021,10,1,1150,0,345903614,20,99,44,0,2,120.0,A,Major,81.0,92.0,90.0,9.0,0.0,8.0,7.0,2021-10-01,0
HEARTBREAK ANNIVERSARY,Giveon,1,2020,2,21,5398,4,951637566,111,127,210,0,37,129.0,Unknown,Major,61.0,59.0,46.0,56.0,0.0,13.0,5.0,2020-02-21,0
No Lie,"Sean Paul, Dua Lipa",2,2016,11,18,7370,0,956865266,92,127,1219,0,62,102.0,G,Major,74.0,45.0,89.0,5.0,0.0,26.0,13.0,2016-11-18,0
OUT OUT (feat. Charli XCX & Saweetie),"Charli XCX, Jax Jones, Joel Corry, Saweetie",4,2021,8,13,6890,0,427486004,122,11,201,0,1,124.0,G#,Minor,79.0,79.0,84.0,2.0,0.0,5.0,5.0,2021-08-13,1
Pope Is a Rockstar,SALES,1,2016,4,20,1966,0,156658366,4,2,50,0,0,90.0,E,Minor,73.0,31.0,45.0,85.0,24.0,11.0,3.0,2016-04-20,1
2055,Sleepy hallow,1,2021,4,14,2226,0,624515457,29,0,44,0,0,161.0,F#,Minor,78.0,65.0,52.0,46.0,0.0,12.0,31.0,2021-04-14,1
Bored,Billie Eilish,1,2017,3,30,4204,0,777765388,39,45,250,0,0,120.0,G,Major,60.0,11.0,33.0,90.0,0.0,8.0,5.0,2017-03-30,0
Happier Than Ever - Edit,Billie Eilish,1,2021,7,28,1959,0,412795151,19,0,38,0,0,81.0,Unknown,Major,45.0,12.0,57.0,7.0,0.0,23.0,3.0,2021-07-28,0
Astronaut In The Ocean,Masked Wolf,1,2019,1,1,7191,0,1138474110,146,18,478,0,7,150.0,E,Minor,78.0,47.0,70.0,18.0,0.0,15.0,9.0,2019-01-01,1
Ley Seca,"Anuel Aa, Jhay Cortez",2,2021,9,2,2012,0,355219175,101,12,38,0,0,105.0,G#,Major,76.0,58.0,84.0,10.0,0.0,13.0,10.0,2021-09-02,0
Every Summertime,NIKI,1,2021,8,10,1211,2,290228626,30,2,5,0,6,79.0,F#,Major,63.0,76.0,67.0,38.0,0.0,6.0,4.0,2021-08-10,0
Talking To The Moon,Bruno Mars,1,2010,10,4,7109,2,1062956628,5,0,862,0,0,146.0,C#,Minor,52.0,7.0,61.0,51.0,0.0,11.0,3.0,2010-10-04,1
you broke me first,Tate McRae,1,2020,4,17,6638,0,1180094974,167,19,318,0,1,124.0,E,Major,64.0,8.0,37.0,79.0,0.0,9.0,5.0,2020-04-17,0
The Nights,Avicii,1,2014,1,1,17354,8,1456081449,92,122,1282,0,55,126.0,F#,Major,53.0,66.0,85.0,2.0,0.0,24.0,4.0,2014-01-01,0
Take My Breath,The Weeknd,1,2021,8,6,6392,0,432702334,174,73,344,0,0,121.0,G#,Major,75.0,53.0,74.0,2.0,0.0,11.0,5.0,2021-08-06,0
Way 2 Sexy (with Future & Young Thug),"Drake, Future, Young Thug",3,2021,9,3,5481,0,489945871,144,30,86,0,0,136.0,B,Minor,80.0,33.0,60.0,0.0,0.0,32.0,14.0,2021-09-03,1
Cï¿½ï¿½,Rauw Alejandro,1,2021,6,25,2636,3,465959382,36,82,39,0,5,102.0,A,Minor,77.0,26.0,63.0,58.0,0.0,11.0,5.0,2021-06-25,1
Enemy - from the series Arcane League of Legends,"Imagine Dragons, League of Legends, Arcane",3,2021,10,27,824,0,1223481149,8,8,8,2,0,77.0,G,Major,73.0,54.0,74.0,23.0,0.0,41.0,23.0,2021-10-27,0
Dance Monkey,Tones and I,1,2019,5,10,24529,0,2864791672,533,167,3595,6,0,98.0,F#,Minor,82.0,54.0,59.0,69.0,0.0,18.0,10.0,2019-05-10,1
Lucid Dreams,Juice WRLD,1,2017,6,15,14749,0,2288695111,188,34,710,0,5,84.0,B,Minor,44.0,22.0,48.0,38.0,0.0,33.0,24.0,2017-06-15,1
Quï¿½ï¿½ Mï¿½ï¿,"J Balvin, Maria Becerra",2,2021,1,28,8087,0,720825549,92,34,131,0,0,102.0,G#,Major,89.0,77.0,82.0,3.0,0.0,17.0,11.0,2021-01-28,0
All of Me,John Legend,1,2013,8,1,27221,0,2086124197,308,118,4534,2,77,120.0,G#,Major,42.0,33.0,26.0,92.0,0.0,13.0,3.0,2013-08-01,0
Smells Like Teen Spirit - Remastered 2021,Nirvana,1,1991,9,10,49991,9,1690192927,265,121,12367,4,160,117.0,C#,Major,52.0,73.0,91.0,0.0,0.0,11.0,7.0,1991-09-10,0
Arcade,Duncan Laurence,1,2019,3,7,6646,0,991336132,107,47,584,1,0,72.0,A,Minor,45.0,27.0,33.0,82.0,0.0,14.0,4.0,2019-03-07,1
Fair Trade (with Travis Scott),"Drake, Travis Scott",2,2021,9,3,5403,6,593917618,118,116,96,0,3,168.0,C#,Major,67.0,29.0,47.0,5.0,0.0,22.0,26.0,2021-09-03,0
Bar,"Tini, L-Gante",2,2021,11,11,755,4,200972675,22,3,0,0,0,94.0,C#,Major,52.0,68.0,69.0,13.0,0.0,33.0,8.0,2021-11-11,0
The Rumbling (TV Size),SiM,1,2022,1,10,254,0,71014967,0,4,23,0,0,145.0,G#,Major,41.0,65.0,88.0,0.0,0.0,26.0,5.0,2022-01-10,0
family ties (with Kendrick Lamar),"Kendrick Lamar, Baby Keem",2,2021,8,27,6308,5,560222750,114,15,63,0,2,134.0,C#,Major,71.0,14.0,61.0,1.0,0.0,23.0,33.0,2021-08-27,0
Mr. Brightside,The Killers,1,2003,9,23,51979,15,1806617704,306,99,5063,2,120,148.0,C#,Major,35.0,24.0,93.0,0.0,0.0,10.0,8.0,2003-09-23,0
Blessed-Cursed,ENHYPEN,1,2022,1,10,246,0,77337771,2,12,10,0,0,127.0,E,Minor,60.0,40.0,89.0,9.0,0.0,60.0,6.0,2022-01-10,1
AM Remix,"J Balvin, Nio Garcia, Bad Bunny",3,2021,6,24,6556,0,528544703,93,5,67,1,0,172.0,F#,Minor,74.0,79.0,66.0,11.0,0.0,8.0,16.0,2021-06-24,1
Streets,Doja Cat,1,2019,11,7,5728,0,865640097,85,87,179,0,12,90.0,B,Major,75.0,19.0,46.0,21.0,4.0,34.0,8.0,2019-11-07,0
Shallow,"Lady Gaga, Bradley Cooper",2,2018,9,27,16636,12,2159346687,368,155,2854,6,121,96.0,G,Major,57.0,30.0,40.0,38.0,0.0,26.0,3.0,2018-09-27,0
Polaroid Love,ENHYPEN,1,2022,1,10,461,0,211372494,10,56,17,0,0,138.0,G,Minor,74.0,65.0,67.0,46.0,0.0,36.0,4.0,2022-01-10,1
Leave Before You Love Me (with Jonas Brothers),"Marshmello, Jonas Brothers",2,2021,4,28,4893,4,651732901,143,24,110,0,70,120.0,G,Major,72.0,67.0,72.0,0.0,0.0,13.0,4.0,2021-04-28,0
Permission to Dance,BTS,1,2021,7,9,1801,2,608334048,77,134,74,0,2,125.0,A,Major,70.0,65.0,74.0,1.0,0.0,34.0,4.0,2021-07-09,0
Friday (feat. Mufasa & Hypeman) - Dopamine Re-Edit,"Riton, Nightcrawlers, Mufasa & Hypeman, Dopamine",4,2021,1,15,12043,0,863756573,209,54,710,0,18,123.0,D,Major,82.0,80.0,86.0,1.0,0.0,30.0,13.0,2021-01-15,0
RAPSTAR,Polo G,1,2021,4,9,4731,0,797402345,141,12,78,0,0,81.0,F#,Major,79.0,44.0,54.0,41.0,0.0,13.0,24.0,2021-04-09,0
'Till I Collapse,"Eminem, Nate Dogg",2,2002,5,26,22923,0,1695712020,78,46,2515,1,0,171.0,C#,Major,55.0,10.0,85.0,7.0,0.0,8.0,20.0,2002-05-26,0
Memories,Maroon 5,1,2019,9,20,9974,2,1759567999,272,67,1066,1,19,91.0,B,Major,77.0,60.0,32.0,84.0,0.0,8.0,5.0,2019-09-20,0
Se Le Ve,"Arcangel, De La Ghetto, Justin Quiles, Lenny Tavï¿½ï¿½rez, Sech, Dalex, Dimelo Flow, Rich Music",8,2021,8,12,1560,0,223319934,72,0,0,0,0,84.0,G,Minor,56.0,61.0,76.0,10.0,0.0,14.0,11.0,2021-08-12,1
25k jacket (feat. Lil Baby),"Gunna, Lil Baby",2,2022,1,7,620,0,54937991,17,3,3,0,0,115.0,F,Minor,90.0,74.0,54.0,16.0,0.0,13.0,28.0,2022-01-07,1
When Iï¿½ï¿½ï¿½m Gone (with Katy ,"Katy Perry, Alesso",2,2021,12,29,3270,0,226897599,89,21,65,0,0,125.0,Unknown,Major,69.0,70.0,89.0,4.0,0.0,49.0,3.0,2021-12-29,0
Esqueï¿½ï¿½a-Me Se For C,"Marï¿½ï¿½lia Mendonï¿½ï¿½a, Maiara &",2,2021,10,14,580,0,258316038,24,92,93,0,0,122.0,F#,Minor,80.0,62.0,69.0,28.0,0.0,13.0,7.0,2021-10-14,1
Miï¿½ï¿½n,"Tini, Maria Becerra",2,2021,4,29,3406,16,596152090,61,23,70,1,0,92.0,D,Major,85.0,92.0,54.0,16.0,0.0,29.0,7.0,2021-04-29,0
Sï¿½ï¿½,"Anuel Aa, Myke Towers, Jhay Cortez",3,2021,11,18,903,0,177129919,30,26,15,0,0,90.0,F#,Minor,63.0,75.0,75.0,17.0,0.0,11.0,8.0,2021-11-18,1
MAMIII,"Karol G, Becky G",2,2022,2,10,6809,28,716591492,151,102,175,5,29,94.0,E,Minor,84.0,90.0,70.0,9.0,0.0,14.0,8.0,2022-02-10,1
Still D.R.E.,"Dr. Dre, Snoop Dogg",2,1999,1,1,33966,0,1210599487,141,78,6591,1,0,93.0,B,Major,81.0,53.0,78.0,18.0,0.0,6.0,24.0,1999-01-01,0
Stay Alive (Prod. SUGA of BTS),Jung Kook,1,2022,2,11,590,5,246376690,4,113,20,0,1,130.0,D,Minor,51.0,50.0,76.0,30.0,0.0,10.0,7.0,2022-02-11,1
Boyfriend,Dove Cameron,1,2022,2,11,3766,0,496311364,76,0,102,0,2,180.0,G,Minor,35.0,23.0,61.0,23.0,0.0,19.0,6.0,2022-02-11,1
The Joker And The Queen (feat. Taylor Swift),"Ed Sheeran, Taylor Swift",2,2022,2,11,1430,0,146789379,46,1,34,0,0,134.0,Unknown,Major,53.0,31.0,31.0,92.0,0.0,28.0,3.0,2022-02-11,0
The Next Episode,"Dr. Dre, Snoop Dogg",2,1999,1,1,31762,0,843309044,142,40,5451,1,953,95.0,D#,Minor,92.0,31.0,89.0,3.0,0.0,8.0,25.0,1999-01-01,1
Light Switch,Charlie Puth,1,2022,1,19,4049,0,500340342,119,6,85,1,1,184.0,F#,Major,69.0,91.0,63.0,11.0,0.0,9.0,31.0,2022-01-19,0
City of Gods,"Kanye West, Alicia Keys, Fivio Foreign",3,2022,2,11,2096,0,107255472,34,3,30,0,0,147.0,G#,Minor,47.0,50.0,80.0,10.0,0.0,32.0,38.0,2022-02-11,1
Brividi,"Mahmood, Blanco",2,2022,2,2,1175,0,135079152,34,1,31,0,0,123.0,G,Major,52.0,44.0,60.0,40.0,0.0,26.0,3.0,2022-02-02,0
Lost,Frank Ocean,1,2012,1,1,29499,11,822239726,124,27,587,0,4,123.0,A#,Minor,91.0,49.0,61.0,3.0,0.0,17.0,22.0,2012-01-01,1
In Da Club,50 Cent,1,2002,1,1,30427,7,1202722675,235,106,5221,1,35,90.0,F#,Minor,90.0,79.0,71.0,26.0,0.0,7.0,37.0,2002-01-01,1
she's all i wanna be,Tate McRae,1,2022,2,4,2711,0,343197054,105,12,51,0,12,160.0,D,Minor,61.0,65.0,64.0,1.0,0.0,12.0,4.0,2022-02-04,1
Ginseng Strip 2002,Yung Lean,1,2013,8,16,4310,0,240769997,13,0,113,1,3,115.0,C#,Major,60.0,37.0,71.0,8.0,0.0,48.0,4.0,2013-08-16,0
All For Us - from the HBO Original Series Euphoria,"Labrinth, Zendaya",2,2019,8,4,5342,0,426204830,33,123,7,0,4,141.0,D#,Major,37.0,17.0,67.0,2.0,0.0,34.0,9.0,2019-08-04,0
Notion,The Rare Occasions,1,2016,8,5,2393,0,421135627,22,13,65,0,6,160.0,A,Major,31.0,30.0,88.0,7.0,0.0,8.0,8.0,2016-08-05,0
Formula,Labrinth,1,2019,10,4,3444,7,554875730,24,85,102,0,1,145.0,B,Major,57.0,23.0,66.0,4.0,6.0,15.0,4.0,2019-10-04,0
Mount Everest,Labrinth,1,2019,6,21,5443,0,467727006,45,1,80,0,12,89.0,Unknown,Minor,46.0,43.0,43.0,23.0,8.0,8.0,22.0,2019-06-21,1
Excuses,"Intense, AP Dhillon, Gurinder Gill",3,2020,7,24,272,4,327498031,7,21,2,0,0,95.0,F,Minor,84.0,49.0,72.0,8.0,0.0,15.0,8.0,2020-07-24,1
Cigarettes,Juice WRLD,1,2021,12,10,975,0,185408548,11,0,10,0,0,160.0,D,Major,60.0,47.0,62.0,3.0,0.0,38.0,4.0,2021-12-10,0
"Cayï¿½ï¿½ La Noche (feat. Cruz Cafunï¿½ï¿½, Abhir Hathi, Bejo, EL IMA)","Quevedo, La Pantera, Juseph, Cruz Cafunï¿½ï¿½, Bï¿½ï¿½jo, Abhir Hathi",7,2022,1,14,1034,1,245400167,19,5,12,0,0,174.0,F,Minor,67.0,74.0,75.0,44.0,0.0,7.0,30.0,2022-01-14,1
California Love - Original Version (Explicit),"Dr. Dre, 2Pac, Roger",3,1995,12,28,18773,0,579395142,128,17,1663,0,0,92.0,G,Major,77.0,76.0,84.0,3.0,0.0,38.0,4.0,1995-12-28,0
Forgot About Dre,"Eminem, Dr. Dre",2,1999,1,1,19067,0,675039469,78,15,1674,0,3,134.0,G#,Major,93.0,61.0,74.0,9.0,0.0,17.0,8.0,1999-01-01,0
Down Under (feat. Colin Hay),"Luude, Colin Hay",2,2021,11,19,3541,2,252871192,57,13,50,1,7,172.0,B,Minor,31.0,4.0,86.0,1.0,0.0,28.0,17.0,2021-11-19,1
Mujeriego,Ryan Castro,1,2021,12,17,1492,0,231996128,44,63,91,0,24,80.0,A,Major,76.0,92.0,62.0,6.0,0.0,8.0,13.0,2021-12-17,0
HUMBLE.,Kendrick Lamar,1,2017,3,30,33206,1,1929770265,284,114,1481,0,5,150.0,C#,Minor,91.0,42.0,60.0,0.0,0.0,9.0,12.0,2017-03-30,1
Stan,"Eminem, Dido",2,1999,11,21,17115,0,918915401,83,63,4180,0,0,80.0,F#,Minor,78.0,53.0,74.0,4.0,0.0,45.0,21.0,1999-11-21,1
Contection,"GODZZ__-, Zakaria",2,2020,1,16,6955,0,1180896317,65,45,398,0,1,166.0,A#,Minor,81.0,83.0,75.0,14.0,0.0,29.0,34.0,2020-01-16,1
Swim,Chase Atlantic,1,2017,10,4,2742,0,498960285,5,1,62,0,0,120.0,G#,Major,67.0,8.0,54.0,27.0,0.0,8.0,4.0,2017-10-04,0
A Tu Merced,Bad Bunny,1,2020,2,29,4214,11,685071800,21,20,40,0,0,92.0,Unknown,Major,86.0,89.0,79.0,17.0,0.0,11.0,6.0,2020-02-29,0
Numb Little Bug,Em Beihold,1,2022,1,28,2026,0,258714692,47,3,42,12,6,85.0,G#,Minor,74.0,61.0,52.0,30.0,0.0,26.0,9.0,2022-01-28,1
212,"Mainstreet, Chefin",2,2022,1,15,352,0,143139338,10,0,39,0,0,154.0,D,Minor,79.0,86.0,52.0,66.0,0.0,9.0,7.0,2022-01-15,1
Problemï¿½,"Alvaro Diaz, Rauw Alejandro",2,2021,10,22,1517,0,209768491,42,7,15,0,4,92.0,D,Minor,73.0,37.0,74.0,28.0,0.0,14.0,6.0,2021-10-22,1
Bussin,"Nicki Minaj, Lil Baby",2,2022,2,11,847,0,64714573,25,0,14,0,0,140.0,B,Major,89.0,75.0,70.0,6.0,0.0,13.0,5.0,2022-02-11,0
Worst Day,Future,1,2022,2,11,910,0,50746620,20,3,24,0,0,89.0,C#,Major,65.0,60.0,60.0,11.0,0.0,10.0,40.0,2022-02-11,0
Malvada,Zï¿½ï¿½ Fe,1,2022,1,28,601,0,154119539,28,73,64,0,0,135.0,F,Minor,89.0,89.0,86.0,16.0,0.0,8.0,5.0,2022-01-28,1
Hrs and Hrs,Muni Long,1,2021,11,19,1800,0,181328253,43,36,46,13,4,140.0,G#,Minor,51.0,66.0,53.0,60.0,0.0,11.0,18.0,2021-11-19,1
Alien Blues,Vundabar,1,2015,7,24,1930,0,370068639,3,0,28,0,1,82.0,D#,Major,47.0,44.0,76.0,8.0,91.0,9.0,3.0,2015-07-24,0
Thinking Out Loud,Ed Sheeran,1,2014,1,1,33032,0,2280566092,363,129,3895,0,28,79.0,D,Major,78.0,58.0,45.0,47.0,0.0,18.0,3.0,2014-01-01,0
Still Don't Know My Name,Labrinth,1,2019,10,4,6332,0,563902868,47,116,266,0,0,88.0,F,Major,31.0,31.0,63.0,47.0,27.0,21.0,12.0,2019-10-04,0
Christmas Tree,V,1,2021,12,24,509,9,317622165,8,106,6,0,8,139.0,F,Major,44.0,18.0,38.0,70.0,0.0,12.0,4.0,2021-12-24,0
Mal Feito - Ao Vivo,"Marï¿½ï¿½lia Mendonï¿½ï¿½a, Hugo & G",2,2022,1,14,971,2,291709698,35,104,93,1,0,124.0,Unknown,Minor,73.0,68.0,83.0,55.0,0.0,90.0,7.0,2022-01-14,1
When I R.I.P.,Labrinth,1,2019,10,4,2578,0,203680270,8,67,66,0,0,80.0,G#,Minor,39.0,45.0,55.0,73.0,0.0,9.0,21.0,2019-10-04,1
Do We Have A Problem?,"Nicki Minaj, Lil Baby",2,2022,2,4,1064,0,81350745,42,1,26,0,0,120.0,C#,Minor,84.0,54.0,51.0,47.0,0.0,12.0,40.0,2022-02-04,1
Forever,Labrinth,1,2019,10,4,3618,0,282883169,21,86,138,0,2,80.0,E,Minor,56.0,19.0,46.0,92.0,72.0,11.0,3.0,2019-10-04,1
Gospel (with Eminem),"Eminem, Dr. Dre",2,2022,2,4,1040,0,64787943,8,0,29,0,0,117.0,C#,Major,92.0,62.0,86.0,11.0,0.0,24.0,24.0,2022-02-04,0
Seï¿½ï¿½o,"Shawn Mendes, Camila Cabello",2,2019,6,19,15010,2,2484812918,453,50,1785,1,8,117.0,A,Minor,76.0,77.0,52.0,4.0,0.0,8.0,3.0,2019-06-19,1
NEW MAGIC WAND,"Tyler, The Creator",2,2019,5,16,4708,0,461437791,13,7,55,0,1,140.0,F,Minor,62.0,46.0,73.0,10.0,0.0,67.0,11.0,2019-05-16,1
Adore You,Harry Styles,1,2019,12,6,13454,1,1439191367,246,71,519,2,5,99.0,G#,Major,68.0,57.0,77.0,2.0,0.0,10.0,5.0,2019-12-06,0
La Santa,"Daddy Yankee, Bad Bunny",2,2020,2,29,4890,20,759208783,52,42,100,0,0,93.0,C#,Major,74.0,59.0,87.0,3.0,0.0,8.0,5.0,2020-02-29,0
Something In The Way - Remastered 2021,Nirvana,1,1991,9,24,9514,0,368646862,45,27,1197,0,43,106.0,G#,Major,44.0,8.0,20.0,74.0,42.0,11.0,3.0,1991-09-24,0
Sweetest Pie,"Dua Lipa, Megan Thee Stallion",2,2022,3,11,3501,0,299634472,69,2,51,11,0,124.0,G,Major,81.0,68.0,63.0,17.0,0.0,10.0,22.0,2022-03-11,0
Bam Bam (feat. Ed Sheeran),"Camila Cabello, Ed Sheeran",2,2022,3,4,6111,4,756907987,185,40,492,9,35,95.0,G#,Major,76.0,96.0,70.0,18.0,0.0,33.0,4.0,2022-03-04,0
Una Noche en Medellï¿½,Cris Mj,1,2022,1,21,5415,32,682475162,46,16,53,1,2,96.0,A#,Minor,87.0,82.0,53.0,10.0,0.0,5.0,8.0,2022-01-21,1
Envolver,Anitta,1,2021,11,11,4673,2,546191065,123,113,180,1,4,92.0,E,Minor,81.0,40.0,73.0,15.0,0.0,9.0,8.0,2021-11-11,1
Starlight,Dave,1,2022,3,3,1856,3,229473310,29,40,31,1,1,124.0,G,Major,95.0,36.0,37.0,35.0,0.0,10.0,28.0,2022-03-03,0
Hati-Hati di Jalan,Tulus,1,2022,3,3,200,2,202677468,12,4,0,0,0,72.0,F#,Major,64.0,76.0,44.0,70.0,9.0,12.0,4.0,2022-03-03,0
"I'm Tired - From ""Euphoria"" An Original HBO Series",Labrinth,1,2022,2,4,1888,0,121913181,26,1,58,0,0,71.0,Unknown,Minor,28.0,26.0,20.0,19.0,0.0,30.0,3.0,2022-02-04,1
DANï¿½ï¿½A,"Mc Pedrinho, Pedro Sampaio",2,2022,2,1,911,2,208166039,45,0,99,1,1,135.0,A,Minor,78.0,55.0,57.0,4.0,0.0,10.0,8.0,2022-02-01,1
Yo Voy (feat. Daddy Yankee),Zion & Lennox,1,2004,5,4,2954,2,527033089,18,82,0,0,5,95.0,A#,Major,81.0,56.0,70.0,4.0,0.0,5.0,24.0,2004-05-04,0
"Residente: Bzrp Music Sessions, Vol. 49","Residente, Bizarrap",2,2022,3,3,461,0,94616487,7,11,13,0,0,71.0,C#,Minor,59.0,70.0,74.0,56.0,0.0,11.0,40.0,2022-03-03,1
Jordan,Ryan Castro,1,2021,4,30,2844,2,394030335,29,2,35,1,0,180.0,A#,Minor,80.0,71.0,68.0,6.0,0.0,10.0,37.0,2021-04-30,1
Nail Tech,Jack Harlow,1,2022,2,18,2939,0,193443895,42,0,24,0,0,150.0,E,Minor,65.0,11.0,58.0,0.0,0.0,12.0,9.0,2022-02-18,1
Chale,Eden Muï¿½ï,1,2022,2,18,695,11,299648208,16,41,13,1,1,189.0,G#,Major,55.0,86.0,44.0,40.0,0.0,7.0,4.0,2022-02-18,0
DARARI,Treasure,1,2022,2,15,328,0,182978249,10,21,7,0,9,85.0,Unknown,Major,72.0,55.0,64.0,49.0,0.0,7.0,4.0,2022-02-15,0
Ya No Somos Ni Seremos,Christian Nodal,1,2022,2,18,866,16,319757142,27,84,32,7,11,140.0,G,Major,59.0,73.0,45.0,44.0,0.0,34.0,3.0,2022-02-18,0
Thinking with My Dick,"Kevin Gates, Juicy J",2,2013,7,16,1550,0,109091573,0,0,14,0,0,81.0,Unknown,Major,77.0,68.0,70.0,6.0,0.0,17.0,20.0,2013-07-16,0
Freaky Deaky,"Tyga, Doja Cat",2,2022,2,25,1729,0,153240879,26,1,19,0,0,104.0,D,Minor,80.0,24.0,65.0,2.0,0.0,9.0,4.0,2022-02-25,1
this is what falling in love feels like,JVKE,1,2021,9,3,2005,0,346127840,16,5,43,0,7,129.0,B,Major,42.0,33.0,44.0,62.0,0.0,8.0,6.0,2021-09-03,0
La Zona,Bad Bunny,1,2020,2,29,1188,0,312622938,13,1,15,0,1,94.0,C#,Minor,76.0,81.0,80.0,20.0,0.0,25.0,4.0,2020-02-29,1
Bohemian Rhapsody - Remastered 2011,Queen,1,1975,10,31,40112,3,2197010679,321,162,5691,8,17,71.0,Unknown,Minor,41.0,23.0,40.0,27.0,0.0,30.0,5.0,1975-10-31,1
Hope,XXXTENTACION,1,2018,3,16,3659,0,1200808494,11,10,267,0,7,146.0,A,Minor,59.0,23.0,46.0,66.0,0.0,15.0,6.0,2018-03-16,1
Levitating,Dua Lipa,1,2020,3,27,9833,0,797196073,233,82,531,1,1,103.0,F#,Minor,69.0,90.0,88.0,5.0,0.0,29.0,8.0,2020-03-27,1
Wake Me Up - Radio Edit,Avicii,1,2013,1,1,50887,34,1970673297,315,160,6284,1,46,124.0,D,Major,53.0,66.0,78.0,0.0,0.0,16.0,5.0,2013-01-01,0
"jealousy, jealousy",Olivia Rodrigo,1,2021,5,21,3257,0,665765558,10,0,70,0,0,164.0,A#,Minor,70.0,71.0,58.0,24.0,0.0,7.0,13.0,2021-05-21,1
Monï¿½ï¿½y so,YEAT,1,2021,9,10,1473,0,263779030,2,0,12,0,10,138.0,D,Major,69.0,35.0,57.0,12.0,0.0,10.0,9.0,2021-09-10,0
Demasiadas Mujeres,C. Tangana,1,2020,10,8,2226,0,339473453,36,2,11,0,14,126.0,A,Minor,67.0,37.0,46.0,13.0,0.0,10.0,39.0,2020-10-08,1
Something Just Like This,"The Chainsmokers, Coldplay",2,2017,2,22,23375,21,2204080728,336,188,2692,3,30,103.0,B,Minor,61.0,47.0,65.0,3.0,0.0,17.0,4.0,2017-02-22,1
Closer,"The Chainsmokers, Halsey",2,2016,5,31,28032,0,2591224264,315,159,2179,0,44,95.0,G#,Major,75.0,64.0,52.0,41.0,0.0,11.0,3.0,2016-05-31,0
O.O,NMIXX,1,2022,2,22,290,0,135444283,9,66,10,0,0,200.0,B,Minor,39.0,28.0,77.0,4.0,0.0,6.0,29.0,2022-02-22,1
Somebody That I Used To Know,"Gotye, Kimbra",2,2011,1,1,42798,0,1457139296,217,136,6508,1,0,129.0,Unknown,Major,86.0,75.0,52.0,54.0,0.0,10.0,4.0,2011-01-01,0
Tom's Diner,"AnnenMayKantereit, Giant Rooks",2,2019,6,28,2605,0,236872197,15,48,50,0,3,98.0,F#,Minor,68.0,33.0,43.0,38.0,0.0,36.0,14.0,2019-06-28,1
First Class,Jack Harlow,1,2022,4,8,8737,0,694525298,163,32,137,15,12,107.0,G#,Major,91.0,32.0,56.0,3.0,0.0,11.0,10.0,2022-04-08,0
Plan A,Paulo Londra,1,2022,3,23,1105,0,240661097,32,0,19,0,0,174.0,Unknown,Major,58.0,56.0,83.0,5.0,0.0,7.0,4.0,2022-03-23,0
Fuera del mercado,Danny Ocean,1,2022,2,17,2499,21,421365166,68,24,43,1,0,92.0,G#,Major,45.0,27.0,67.0,32.0,0.0,13.0,14.0,2022-02-17,0
X ï¿½ï¿½LTIMA,"Daddy Yankee, Bad Bunny",2,2022,3,25,2697,1,349746291,55,3,32,0,0,90.0,G,Major,81.0,59.0,83.0,9.0,0.0,11.0,5.0,2022-03-25,0
When You're Gone,Shawn Mendes,1,2022,3,31,2092,0,255120451,75,11,44,0,14,147.0,F,Major,60.0,58.0,69.0,2.0,0.0,58.0,4.0,2022-03-31,0
In My Head,Lil Tjay,1,2022,4,1,1185,0,190981339,21,0,31,0,0,143.0,C#,Major,68.0,41.0,55.0,16.0,0.0,10.0,12.0,2022-04-01,0
Wait a Minute!,Willow,1,2015,1,11,11985,0,924193303,79,80,250,3,10,101.0,D#,Minor,76.0,63.0,71.0,3.0,0.0,10.0,3.0,2015-01-11,1
LOVE DIVE,IVE,1,2022,4,5,753,8,305771063,28,124,13,0,1,118.0,C#,Minor,70.0,54.0,71.0,0.0,0.0,33.0,4.0,2022-04-05,1
Pantysito,"Feid, Alejo, Robi",3,2022,3,18,2995,0,273005485,49,17,30,0,0,98.0,G,Minor,83.0,63.0,74.0,14.0,0.0,16.0,6.0,2022-03-18,1
Chance,Paulo Londra,1,2022,4,6,225,0,89566512,11,0,7,0,0,138.0,C#,Minor,72.0,22.0,46.0,24.0,0.0,9.0,6.0,2022-04-06,1
Cool for the Summer,Demi Lovato,1,2015,1,1,9243,0,677389855,155,5,577,0,6,114.0,F,Minor,59.0,30.0,62.0,1.0,0.0,8.0,4.0,2015-01-01,1
psychofreak (feat. WILLOW),"Camila Cabello, Willow",2,2022,4,7,918,0,75476209,24,0,52,0,0,180.0,G,Minor,63.0,45.0,64.0,34.0,0.0,9.0,8.0,2022-04-07,1
Angel Baby,Troye Sivan,1,2021,9,9,1959,9,408843328,52,25,32,0,10,145.0,B,Major,56.0,41.0,57.0,1.0,0.0,13.0,3.0,2021-09-09,0
Vampiro,"Matuï¿½ï¿½, Wiu, ",3,2022,1,30,540,4,187772591,26,3,39,0,0,115.0,G#,Minor,78.0,63.0,64.0,1.0,0.0,7.0,4.0,2022-01-30,1
Si Quieren Frontear,"De La Ghetto, Duki, Quevedo",3,2022,3,31,859,0,178512385,14,0,11,0,0,82.0,A#,Major,79.0,48.0,84.0,13.0,0.0,21.0,23.0,2022-03-31,0
Right On,Lil Baby,1,2022,4,8,1116,0,101780047,31,9,15,0,1,166.0,D,Major,70.0,22.0,61.0,2.0,0.0,10.0,34.0,2022-04-08,0
Me Arrepentï¿,"Ak4:20, Cris Mj, Pailita",3,2022,3,30,273,2,118381354,12,2,4,0,0,92.0,Unknown,Major,86.0,91.0,79.0,29.0,0.0,60.0,16.0,2022-03-30,0
That's Hilarious,Charlie Puth,1,2022,4,8,686,2,146363130,11,6,12,0,15,108.0,F#,Major,71.0,55.0,44.0,74.0,0.0,11.0,6.0,2022-04-08,0
Soy El Unico,Yahritza Y Su Esencia,1,2022,3,25,226,0,126443991,5,0,4,0,1,84.0,E,Minor,71.0,63.0,45.0,45.0,0.0,11.0,3.0,2022-03-25,1
RUMBATï¿½,Daddy Yankee,1,2022,3,25,1264,0,157990698,20,4,52,0,1,95.0,D#,Minor,69.0,90.0,91.0,6.0,0.0,35.0,4.0,2022-03-25,1
sentaDONA (Remix) s2,"Luï¿½ï¿½sa Sonza, MC Frog, Dj Gabriel do Borel, Davi K",4,2022,3,17,870,0,176290831,32,0,49,0,0,135.0,D#,Minor,93.0,77.0,45.0,25.0,0.0,13.0,27.0,2022-03-17,1
Falling,Harry Styles,1,2019,12,13,7556,0,1023187129,124,24,254,0,8,110.0,E,Major,57.0,6.0,27.0,84.0,0.0,9.0,3.0,2019-12-13,0
Sigue,"Ed Sheeran, J Balvin",2,1996,11,24,1370,0,106933107,46,8,60,0,0,88.0,G,Major,89.0,59.0,64.0,5.0,0.0,19.0,7.0,1996-11-24,0
Fim de Semana no Rio,teto,1,2022,3,30,315,2,139193812,27,2,31,0,0,119.0,C#,Minor,87.0,28.0,50.0,12.0,0.0,10.0,10.0,2022-03-30,1
MANIAC,Stray Kids,1,2022,3,18,651,0,212234990,6,188,20,0,0,120.0,C#,Major,58.0,71.0,80.0,15.0,0.0,7.0,41.0,2022-03-18,0
There's Nothing Holdin' Me Back,Shawn Mendes,1,2016,9,23,12382,0,1714490998,229,57,1370,2,71,122.0,D,Major,86.0,97.0,80.0,36.0,0.0,9.0,6.0,2016-09-23,0
IDGAF (with blackbear),"Blackbear, BoyWithUke",2,2022,3,18,625,0,197643795,10,2,13,0,1,98.0,F,Major,78.0,83.0,75.0,41.0,0.0,27.0,8.0,2022-03-18,0
Golden,Harry Styles,1,2019,12,13,8429,1,807015863,85,24,200,0,2,140.0,E,Minor,45.0,25.0,84.0,21.0,0.0,13.0,6.0,2019-12-13,1
Get Lucky - Radio Edit,"Pharrell Williams, Nile Rodgers, Daft Punk",3,2013,1,1,52898,0,933815613,203,1,8215,0,0,116.0,F#,Minor,79.0,87.0,81.0,4.0,0.0,10.0,4.0,2013-01-01,1
Ain't Shit,Doja Cat,1,2021,6,25,3436,0,499710590,32,6,46,0,1,124.0,D#,Major,86.0,62.0,49.0,51.0,0.0,35.0,21.0,2021-06-25,0
"Nobody Like U - From ""Turning Red""","Jordan Fisher, Josh Levi, Finneas O'Connell, 4*TOWN (From Disney and Pixarï¿½ï¿½ï¿½s Turning Red), Topher Ngo, Grayson Vill",6,2022,2,25,918,0,120847157,34,39,30,0,0,105.0,A,Minor,91.0,73.0,72.0,13.0,0.0,9.0,15.0,2022-02-25,1
Still Life,BIGBANG,1,2022,4,5,181,0,53909146,16,14,7,0,0,118.0,G#,Major,68.0,24.0,58.0,44.0,0.0,6.0,3.0,2022-04-05,0
Photograph,Ed Sheeran,1,2014,6,20,18778,3,2236667932,228,105,2453,0,84,108.0,E,Major,61.0,20.0,38.0,61.0,0.0,10.0,5.0,2014-06-20,0
Love Yourself,Justin Bieber,1,2015,11,9,22730,5,2123309722,289,87,2430,0,36,100.0,E,Major,61.0,53.0,38.0,84.0,0.0,28.0,44.0,2015-11-09,0
N95,Kendrick Lamar,1,2022,5,13,5542,0,301242089,52,16,65,0,206,140.0,D#,Minor,81.0,39.0,66.0,38.0,0.0,12.0,14.0,2022-05-13,1
About Damn Time,Lizzo,1,2022,4,14,9021,0,723894473,242,49,272,21,24,109.0,A#,Minor,84.0,72.0,74.0,10.0,0.0,34.0,7.0,2022-04-14,1
Die Hard,"Kendrick Lamar, Blxst, Amanda Reifer",3,2022,5,13,4627,0,237351106,38,13,32,0,0,101.0,C#,Minor,78.0,40.0,74.0,36.0,0.0,17.0,27.0,2022-05-13,1
Despuï¿½ï¿½s de la P,Bad Bunny,1,2022,5,6,2229,0,461558540,27,44,24,0,5,78.0,F,Major,56.0,61.0,90.0,36.0,0.0,18.0,31.0,2022-05-06,0
Un Ratito,Bad Bunny,1,2022,5,6,1112,6,417230415,7,30,13,1,1,93.0,Unknown,Minor,79.0,22.0,55.0,31.0,0.0,12.0,5.0,2022-05-06,1
United In Grief,Kendrick Lamar,1,2022,5,13,2575,0,156898322,4,5,12,0,51,87.0,G#,Major,52.0,32.0,83.0,24.0,0.0,17.0,43.0,2022-05-13,0
Father Time (feat. Sampha),"Kendrick Lamar, Sampha",2,2022,5,13,3107,0,127309180,4,0,22,0,0,153.0,A#,Minor,55.0,50.0,78.0,19.0,0.0,11.0,35.0,2022-05-13,1
Yo No Soy Celoso,Bad Bunny,1,2022,5,6,1179,0,313113297,7,21,11,0,0,142.0,Unknown,Major,87.0,93.0,59.0,28.0,0.0,17.0,5.0,2022-05-06,0
Rich Spirit,Kendrick Lamar,1,2022,5,13,3486,0,173702135,20,10,33,0,0,96.0,A#,Minor,85.0,41.0,43.0,39.0,0.0,12.0,21.0,2022-05-13,1
Cooped Up (with Roddy Ricch),"Post Malone, Roddy Ricch",2,2022,5,12,2942,0,271666301,42,28,43,0,0,125.0,Unknown,Major,50.0,39.0,78.0,4.0,0.0,11.0,33.0,2022-05-12,0
Me Fui de Vacaciones,Bad Bunny,1,2022,5,6,1443,0,305650299,9,11,22,1,0,85.0,A#,Major,71.0,43.0,65.0,23.0,0.0,9.0,5.0,2022-05-06,0
Silent Hill,"Kendrick Lamar, Kodak Black",2,2022,5,13,3028,0,123216717,22,0,23,0,0,140.0,C#,Minor,92.0,78.0,57.0,46.0,0.0,14.0,9.0,2022-05-13,1
La Corriente,"Tony Dize, Bad Bunny",2,2022,5,6,1796,8,479655659,8,25,18,1,0,196.0,B,Minor,66.0,58.0,79.0,23.0,0.0,22.0,20.0,2022-05-06,1
Count Me Out,Kendrick Lamar,1,2022,5,13,2729,0,126191104,3,7,13,0,1,134.0,G,Major,78.0,51.0,43.0,69.0,0.0,14.0,9.0,2022-05-13,0
Andrea,"Buscabulla, Bad Bunny",2,2022,5,6,1195,0,344055883,8,30,13,1,1,103.0,C#,Minor,80.0,45.0,62.0,76.0,0.0,10.0,38.0,2022-05-06,1
Dos Mil 16,Bad Bunny,1,2022,5,6,892,3,338422004,10,24,11,0,0,130.0,C#,Major,82.0,50.0,67.0,12.0,0.0,13.0,5.0,2022-05-06,0
We Cry Together,"Kendrick Lamar, Taylour Paige",2,2022,5,13,1635,0,68895644,4,1,6,0,0,108.0,B,Major,65.0,52.0,69.0,31.0,0.0,8.0,36.0,2022-05-13,0
Savior,"Kendrick Lamar, Sam Dew, Baby Keem",3,2022,5,13,2291,0,86176890,9,0,8,0,0,123.0,G#,Major,61.0,66.0,71.0,53.0,0.0,32.0,46.0,2022-05-13,0
Un Coco,Bad Bunny,1,2022,5,6,1029,28,403231558,5,28,9,0,0,152.0,B,Major,84.0,74.0,69.0,21.0,0.0,18.0,6.0,2022-05-06,0
Otro Atardecer,"Bad Bunny, The Marï¿½ï",2,2022,5,6,1681,7,319546754,10,30,13,0,33,108.0,D,Major,78.0,55.0,60.0,59.0,0.0,7.0,4.0,2022-05-06,0
Worldwide Steppers,Kendrick Lamar,1,2022,5,13,1480,0,61739839,1,0,5,0,0,72.0,A#,Minor,56.0,56.0,47.0,76.0,0.0,8.0,36.0,2022-05-13,1
Aguacero,Bad Bunny,1,2022,5,6,829,0,283359161,4,15,10,0,0,121.0,F#,Minor,86.0,67.0,65.0,42.0,0.0,35.0,7.0,2022-05-06,1
Purple Hearts,"Kendrick Lamar, Ghostface Killah, Summer Walker",3,2022,5,13,2308,0,76831876,7,0,7,0,0,138.0,D#,Minor,57.0,71.0,82.0,19.0,0.0,15.0,29.0,2022-05-13,1
Un Verano Sin Ti,Bad Bunny,1,2022,5,6,1004,1,283332261,8,12,9,0,0,188.0,F,Minor,50.0,41.0,50.0,69.0,0.0,12.0,6.0,2022-05-06,1
ULTRA SOLO,"Polima WestCoast, Pailita",2,2022,2,14,1367,0,307752576,48,4,34,1,0,110.0,C#,Major,80.0,26.0,85.0,23.0,0.0,11.0,21.0,2022-02-14,0
Ensï¿½ï¿½ï¿½ï¿½ame ,Bad Bunny,1,2022,5,6,1112,3,279737940,7,25,12,0,0,105.0,G#,Major,81.0,77.0,79.0,19.0,0.0,47.0,8.0,2022-05-06,0
El Apagï¿½,Bad Bunny,1,2022,5,6,1209,0,212351890,9,7,14,0,1,118.0,G#,Major,63.0,60.0,70.0,5.0,0.0,9.0,31.0,2022-05-06,0
Callaita,"Bad Bunny, Tainy",2,2019,5,31,9539,15,1304313953,162,116,355,7,0,176.0,D,Major,61.0,24.0,62.0,60.0,0.0,24.0,31.0,2019-05-31,0
Dua Lipa,Jack Harlow,1,2022,5,6,1992,0,150500965,35,0,3,0,0,158.0,B,Major,83.0,41.0,65.0,0.0,10.0,11.0,8.0,2022-05-06,0
Agosto,Bad Bunny,1,2022,5,6,897,0,246127838,6,20,8,0,0,115.0,C#,Minor,85.0,72.0,58.0,9.0,0.0,49.0,12.0,2022-05-06,1
House Of Memories,Panic! At The Disco,1,2016,1,15,2948,0,582863434,10,2,150,0,0,110.0,B,Minor,51.0,48.0,82.0,0.0,0.0,5.0,3.0,2016-01-15,1
Mr. Morale,"Kendrick Lamar, Tanna Leone",2,2022,5,13,1860,0,58687425,1,0,3,0,0,174.0,A,Major,73.0,26.0,54.0,30.0,0.0,34.0,32.0,2022-05-13,0
That That (prod. & feat. SUGA of BTS),"PSY, Suga",2,2022,4,29,802,0,212109195,16,81,23,0,0,130.0,E,Major,91.0,91.0,96.0,3.0,0.0,3.0,9.0,2022-04-29,0
In The Stars,Benson Boone,1,2022,4,29,2224,8,382199619,48,40,87,1,210,78.0,A#,Major,36.0,30.0,54.0,34.0,0.0,14.0,5.0,2022-04-29,0
Rich - Interlude,Kendrick Lamar,1,2022,5,13,1103,0,41210087,0,0,0,0,0,104.0,G,Major,44.0,74.0,42.0,88.0,0.0,9.0,9.0,2022-05-13,0
SUPERMODEL,Mï¿½ï¿½ne,1,2022,5,13,2265,0,231657891,93,12,173,11,3,121.0,G,Major,64.0,80.0,88.0,0.0,0.0,12.0,6.0,2022-05-13,0
Stefania (Kalush Orchestra),KALUSH,1,2022,3,10,555,0,53729194,10,4,4,0,0,105.0,D,Major,83.0,32.0,82.0,14.0,0.0,12.0,4.0,2022-03-10,0
Thousand Miles,The Kid Laroi,1,2022,4,22,2050,0,244741137,52,9,46,0,1,81.0,G,Major,38.0,20.0,66.0,9.0,0.0,9.0,8.0,2022-04-22,0
Crown,Kendrick Lamar,1,2022,5,13,1493,0,42485571,2,0,10,0,0,170.0,C#,Minor,37.0,14.0,24.0,80.0,0.0,11.0,4.0,2022-05-13,1
Auntie Diaries,Kendrick Lamar,1,2022,5,13,1545,0,37778188,1,0,4,0,0,78.0,G,Major,43.0,60.0,38.0,76.0,1.0,48.0,38.0,2022-05-13,0
PUFFIN ON ZOOTIEZ,Future,1,2022,4,29,2350,0,254218729,28,42,23,0,0,125.0,G#,Major,88.0,28.0,66.0,6.0,0.0,13.0,31.0,2022-04-29,0
Mirror,Kendrick Lamar,1,2022,5,13,1929,0,53603447,2,0,4,0,0,92.0,E,Minor,66.0,29.0,65.0,23.0,0.0,8.0,7.0,2022-05-13,1
Beautiful Girl,Luciano,1,2022,4,22,710,4,160035717,16,11,18,0,0,140.0,B,Minor,84.0,61.0,42.0,31.0,0.0,9.0,9.0,2022-04-22,1
"Paulo Londra: Bzrp Music Sessions, Vol. 23","Bizarrap, Paulo Londra",2,2022,4,25,928,0,164163229,19,0,7,0,0,96.0,Unknown,Major,61.0,32.0,90.0,25.0,0.0,10.0,9.0,2022-04-25,0
Savior - Interlude,Kendrick Lamar,1,2022,5,13,1194,0,37091576,0,0,3,0,0,118.0,F,Minor,66.0,83.0,43.0,84.0,0.0,19.0,19.0,2022-05-13,1
Pasoori,"Shae Gill, Ali Sethi",2,2022,2,6,349,6,284249832,10,22,3,0,0,92.0,B,Minor,71.0,67.0,60.0,7.0,0.0,6.0,4.0,2022-02-06,1
Mother I Sober (feat. Beth Gibbons of Portishead),"Kendrick Lamar, Beth Gibbons",2,2022,5,13,1890,0,33381454,3,0,2,0,0,140.0,G#,Minor,49.0,50.0,37.0,87.0,0.0,11.0,35.0,2022-05-13,1
TUS Lï¿½ï¿½GR,"Sech, Mora",2,2022,4,1,1308,2,184622518,23,16,9,0,5,174.0,C#,Major,68.0,45.0,71.0,18.0,0.0,11.0,25.0,2022-04-01,0
Where Did You Go?,"MNEK, Jax Jones",2,2022,1,26,4531,0,300983101,135,74,119,1,18,127.0,A#,Major,77.0,53.0,78.0,19.0,0.0,29.0,4.0,2022-01-26,0
I Tried to Tell Y'all,"Ugly Dray, Tesla Jnr",2,2022,5,6,1657,0,121077868,15,3,3,0,0,96.0,B,Major,71.0,37.0,52.0,62.0,0.0,11.0,36.0,2022-05-06,0
Honest (feat. Don Toliver),"Justin Bieber, Don Toliver",2,2022,4,29,1351,0,106919680,26,1,17,0,0,150.0,G#,Minor,82.0,82.0,66.0,13.0,0.0,11.0,6.0,2022-04-29,1
ZOOM,Jessi,1,2022,4,13,608,0,136996305,5,29,14,0,0,100.0,F#,Major,87.0,46.0,60.0,1.0,0.0,13.0,16.0,2022-04-13,0
SloMo,Chanel,1,2021,12,24,1211,0,65719930,31,0,19,0,2,105.0,C#,Minor,73.0,59.0,81.0,13.0,0.0,9.0,6.0,2021-12-24,1
FEARLESS,LE SSERAFIM,1,2022,5,2,629,0,229497852,18,75,9,0,0,104.0,G,Major,86.0,43.0,62.0,5.0,0.0,13.0,14.0,2022-05-02,0
10 Things I Hate About You,Leah Kate,1,2022,3,23,1301,0,185550869,23,1,15,0,0,154.0,G#,Major,54.0,45.0,79.0,1.0,0.0,17.0,5.0,2022-03-23,0
SPACE MAN,Sam Ryder,1,2022,2,22,1329,0,54682594,42,51,32,0,0,80.0,B,Major,47.0,33.0,83.0,18.0,0.0,10.0,5.0,2022-02-22,0
With you,"HA SUNG WOON, Jimin",2,2022,4,24,343,2,240580042,4,35,11,1,1,150.0,D#,Major,53.0,14.0,43.0,64.0,0.0,13.0,3.0,2022-04-24,0
Iris,The Goo Goo Dolls,1,1998,3,31,13101,9,1284942608,137,5,582,0,0,156.0,B,Minor,32.0,49.0,72.0,0.0,0.0,9.0,4.0,1998-03-31,1
The Heart Part 5,Kendrick Lamar,1,2022,5,8,2939,0,71423324,29,0,30,0,0,98.0,G#,Minor,76.0,79.0,81.0,18.0,0.0,6.0,34.0,2022-05-08,1
San Lucas,Kevin Kaarl,1,2019,11,7,407,1,244891912,5,0,5,0,0,92.0,G,Major,58.0,27.0,36.0,86.0,0.0,9.0,3.0,2019-11-07,0
This Love (Taylorï¿½ï¿½ï¿½s Ve,Taylor Swift,1,2022,5,6,1492,0,132171975,26,2,15,0,2,144.0,E,Major,47.0,7.0,50.0,32.0,0.0,7.0,4.0,2022-05-06,0
Good Looking,Suki Waterhouse,1,2017,10,20,2264,0,184706613,11,6,25,0,1,150.0,E,Major,37.0,27.0,56.0,8.0,0.0,13.0,3.0,2017-10-20,0
Flowers,Lauren Spencer Smith,1,2021,8,9,801,0,184826429,42,9,24,1,1,138.0,D#,Major,70.0,31.0,44.0,84.0,0.0,9.0,39.0,2021-08-09,0
Yet To Come,BTS,1,2022,6,10,829,0,302006641,32,110,26,0,0,172.0,C#,Major,56.0,68.0,89.0,4.0,0.0,33.0,19.0,2022-06-10,0
Run BTS,BTS,1,2022,6,10,736,0,330881149,5,132,17,0,3,77.0,G#,Major,72.0,70.0,82.0,2.0,0.0,4.0,17.0,2022-06-10,0
Music For a Sushi Restaurant,Harry Styles,1,2022,5,20,4449,1,334733572,80,11,66,0,1,107.0,B,Major,72.0,36.0,72.0,26.0,6.0,11.0,4.0,2022-05-20,0
Matilda,Harry Styles,1,2022,5,20,3218,3,366214458,29,10,79,0,0,114.0,D,Major,51.0,39.0,29.0,90.0,0.0,10.0,4.0,2022-05-20,0
For Youth,BTS,1,2022,6,10,327,0,114546317,5,40,12,0,0,117.0,D,Major,63.0,29.0,51.0,43.0,0.0,25.0,4.0,2022-06-10,0
Daylight,Harry Styles,1,2022,5,20,2775,0,290833204,21,11,40,0,0,146.0,Unknown,Major,69.0,63.0,45.0,48.0,0.0,18.0,4.0,2022-05-20,0
Vegas (From the Original Motion Picture Soundtrack ELVIS),Doja Cat,1,2022,5,6,4576,0,448500832,79,13,93,0,17,160.0,G#,Minor,80.0,74.0,60.0,8.0,0.0,14.0,26.0,2022-05-06,1
Cash In Cash Out,"Pharrell Williams, Tyler, The Creator, 21 Savage",4,2022,6,10,2313,0,136676504,34,0,29,0,0,120.0,G,Major,88.0,15.0,56.0,1.0,0.0,8.0,6.0,2022-06-10,0
Potion (with Dua Lipa & Young Thug),"Calvin Harris, Dua Lipa, Young Thug",3,2022,5,27,3983,0,190625045,73,45,119,0,0,100.0,B,Minor,82.0,76.0,70.0,16.0,0.0,8.0,5.0,2022-05-27,1
Born Singer,BTS,1,2022,6,10,279,0,79095270,0,18,6,0,0,158.0,G#,Minor,60.0,68.0,84.0,4.0,0.0,24.0,11.0,2022-06-10,1
Little Freak,Harry Styles,1,2022,5,20,2302,0,273194684,20,3,39,0,0,142.0,D#,Major,56.0,40.0,54.0,72.0,0.0,10.0,4.0,2022-05-20,0
La Llevo Al Cielo (Ft. ï¿½ï¿½engo F,"Nengo Flow, Anuel Aa, Chris Jedi, Chencho Corleone",4,2022,5,20,3559,3,333146475,36,1,31,0,1,170.0,A,Minor,80.0,77.0,85.0,11.0,0.0,17.0,14.0,2022-05-20,1
True Love,"Kanye West, XXXTENTACION",2,2022,5,27,2129,0,194902696,23,1,44,1,0,84.0,F,Minor,71.0,39.0,86.0,2.0,0.0,51.0,25.0,2022-05-27,1
Satellite,Harry Styles,1,2022,5,20,3291,5,311482393,43,28,79,0,208,139.0,Unknown,Major,58.0,30.0,46.0,14.0,0.0,9.0,3.0,2022-05-20,0
Pass The Dutchie,Musical Youth,1,1982,1,1,5328,0,195918494,54,76,900,0,0,151.0,G,Major,73.0,88.0,67.0,20.0,0.0,32.0,5.0,1982-01-01,0
"Villano Antillano: Bzrp Music Sessions, Vol. 51","Bizarrap, Villano Antillano",2,2022,6,8,1401,0,248511839,26,16,17,0,1,128.0,C#,Minor,82.0,42.0,75.0,6.0,0.0,63.0,6.0,2022-06-08,1
Love Of My Life,Harry Styles,1,2022,5,20,1933,0,233671263,13,2,31,0,0,118.0,G,Major,56.0,20.0,54.0,67.0,0.0,6.0,5.0,2022-05-20,0
Grapejuice,Harry Styles,1,2022,5,20,1986,0,199587884,7,1,15,0,0,183.0,F,Major,65.0,88.0,72.0,36.0,14.0,20.0,3.0,2022-05-20,0
So Good,Halsey,1,2022,6,9,1057,0,91781263,51,14,19,0,0,83.0,D#,Minor,63.0,29.0,62.0,4.0,0.0,18.0,4.0,2022-06-09,1
Belly Dancer,"BYOR, Imanbek",2,2022,2,18,5115,13,383835984,109,38,301,1,33,122.0,C#,Major,85.0,42.0,80.0,6.0,0.0,17.0,14.0,2022-02-18,0
Keep Driving,Harry Styles,1,2022,5,20,2094,1,236060709,8,1,18,0,0,165.0,A,Major,72.0,90.0,48.0,32.0,0.0,18.0,23.0,2022-05-20,0
Cinema,Harry Styles,1,2022,5,20,2171,0,189236868,18,1,28,0,0,106.0,A,Minor,83.0,90.0,64.0,35.0,5.0,9.0,4.0,2022-05-20,1
Die Young (feat. 347aidan),"Sleepy hallow, 347aidan",2,2022,5,25,896,0,160845341,19,0,15,0,0,77.0,B,Major,81.0,68.0,58.0,83.0,0.0,11.0,34.0,2022-05-25,0
Only Love Can Hurt Like This,Paloma Faith,1,2014,1,1,5148,0,588955257,90,22,365,0,114,91.0,G#,Major,57.0,30.0,89.0,10.0,0.0,33.0,8.0,2014-01-01,0
Hold My Hand,Lady Gaga,1,2022,5,3,2528,0,238350348,63,8,270,2,105,148.0,G,Major,51.0,21.0,63.0,5.0,0.0,41.0,3.0,2022-05-03,0
Daydreaming,Harry Styles,1,2022,5,20,1900,1,187703102,15,1,23,0,0,114.0,E,Minor,71.0,90.0,81.0,31.0,2.0,13.0,3.0,2022-05-20,1
Numb,"Marshmello, Khalid",2,2022,6,10,3879,2,295307001,107,76,86,1,9,120.0,Unknown,Minor,91.0,63.0,77.0,12.0,1.0,10.0,5.0,2022-06-10,1
Nos Comemos (feat. Ozuna),"Ozuna, Tiago pzk",2,2022,6,2,896,0,138334433,0,0,2,0,0,92.0,F#,Major,83.0,56.0,82.0,10.0,0.0,9.0,5.0,2022-06-02,0
Me and Your Mama,Childish Gambino,1,2016,11,10,8775,0,445590495,33,60,107,1,0,118.0,F,Major,56.0,25.0,45.0,1.0,3.0,7.0,3.0,2016-11-10,0
Crazy What Love Can Do,"David Guetta, Ella Henderson, Becky Hill",3,2022,3,18,5290,0,286739476,139,73,142,0,5,123.0,E,Minor,60.0,46.0,71.0,3.0,0.0,16.0,4.0,2022-03-18,1
SLOW DANCING IN THE DARK,Joji,1,2018,9,12,10211,0,1122364376,38,79,65,0,1,89.0,D#,Major,52.0,28.0,48.0,54.0,1.0,19.0,3.0,2018-09-12,0
Antes de Perderte,Duki,1,2022,6,2,584,8,157136970,12,1,8,0,1,110.0,F,Minor,81.0,61.0,93.0,49.0,0.0,12.0,11.0,2022-06-02,1
Boyfriends,Harry Styles,1,2022,5,20,1517,0,137070925,26,2,30,0,0,118.0,Unknown,Major,42.0,32.0,20.0,94.0,0.0,11.0,4.0,2022-05-20,0
295,Sidhu Moose Wala,1,2021,5,15,246,4,183273246,4,106,0,0,7,90.0,B,Minor,68.0,54.0,76.0,21.0,0.0,11.0,20.0,2021-05-15,1
Tak Ingin Usai,Keisya Levronka,1,2022,5,13,220,4,184807630,16,5,0,0,6,130.0,Unknown,Major,49.0,14.0,40.0,82.0,0.0,11.0,3.0,2022-05-13,0
En El Radio Un Cochinero,Victor Cibrian,1,2022,5,13,514,0,164856284,5,36,1,0,0,154.0,F#,Minor,70.0,97.0,62.0,47.0,0.0,10.0,4.0,2022-05-13,1
Master of Puppets (Remastered),Metallica,1,1986,3,3,6080,0,704171068,112,198,406,1,0,105.0,E,Minor,54.0,59.0,83.0,0.0,44.0,20.0,4.0,1986-03-03,1
BREAK MY SOUL,Beyoncï¿,1,2022,6,21,9724,0,354614964,222,61,259,14,2,115.0,C#,Minor,70.0,87.0,88.0,4.0,0.0,26.0,8.0,2022-06-21,1
ULTRA SOLO REMIX,"De La Ghetto, Feid, Polima WestCoast, Paloma Mami, Pailita",5,2022,6,16,2341,0,279717388,37,2,38,2,0,110.0,C#,Major,91.0,59.0,82.0,8.0,0.0,6.0,8.0,2022-06-16,0
Massive,Drake,1,2022,6,17,5263,0,195628667,66,89,61,0,11,125.0,E,Minor,51.0,5.0,68.0,12.0,2.0,15.0,6.0,2022-06-17,1
Betty (Get Money),Yung Gravy,1,2022,6,10,2402,0,221752937,45,2,26,0,1,102.0,C#,Major,73.0,62.0,75.0,0.0,0.0,34.0,8.0,2022-06-10,0
Ojos Marrones,Lasso,1,2022,2,6,795,11,263280370,26,18,15,1,4,120.0,G#,Minor,81.0,72.0,65.0,4.0,0.0,14.0,4.0,2022-02-06,1
POP!,Nayeon,1,2022,6,24,571,0,213505179,19,21,14,0,2,97.0,D,Major,80.0,36.0,86.0,4.0,0.0,3.0,5.0,2022-06-24,0
Layla,"Schï¿½ï¿½rze, DJ R",2,2022,3,24,832,3,130419412,18,124,24,1,0,140.0,F,Minor,44.0,41.0,92.0,0.0,0.0,44.0,7.0,2022-03-24,1
MORE,j-hope,1,2022,7,1,565,0,155795783,6,52,11,0,0,97.0,D,Major,78.0,31.0,72.0,1.0,0.0,11.0,4.0,2022-07-01,0
Sweet Child O' Mine,Guns N' Roses,1,1987,1,1,41231,1,1553497987,228,151,6720,3,99,125.0,F#,Major,45.0,67.0,90.0,9.0,11.0,10.0,5.0,1987-01-01,0
Last Last,Burna Boy,1,2022,5,12,4526,12,293466523,156,275,150,3,128,88.0,D#,Minor,80.0,55.0,56.0,13.0,0.0,8.0,9.0,2022-05-12,1
SNAP,Rosa Linn,1,2022,3,19,1818,0,711366595,3,0,63,0,353,170.0,Unknown,Major,56.0,52.0,64.0,11.0,0.0,45.0,7.0,2022-03-19,0
Sticky,Drake,1,2022,6,17,2814,0,191448892,38,105,25,0,2,137.0,A#,Minor,88.0,8.0,49.0,9.0,0.0,9.0,14.0,2022-06-17,1
Hot Shit (feat. Ye & Lil Durk),"Kanye West, Lil Durk, Cardi B",3,2022,7,1,1601,0,85924992,11,0,2,0,0,157.0,A,Major,88.0,52.0,69.0,0.0,0.0,8.0,23.0,2022-07-01,0
Ai Preto,"L7nnon, DJ Biel do Furduncinho, Bianca",3,2022,6,3,894,4,176103902,28,0,54,0,0,130.0,F#,Major,95.0,83.0,57.0,54.0,0.0,10.0,25.0,2022-06-03,0
La Loto,"Anitta, Tini, Becky G",3,2022,7,6,945,0,121189256,49,3,57,0,0,90.0,C#,Major,85.0,80.0,83.0,10.0,0.0,8.0,11.0,2022-07-06,0
die first,Nessa Barrett,1,2022,6,24,767,0,131746175,25,0,22,0,0,183.0,G#,Minor,44.0,44.0,67.0,7.0,0.0,12.0,13.0,2022-06-24,1
Afraid To Feel,LF System,1,2022,5,2,5898,5,244790012,129,55,128,0,101,128.0,C#,Major,58.0,68.0,91.0,2.0,0.0,27.0,11.0,2022-05-02,0
Baile no Morro,"Mc Vitin Da Igrejinha, MC Tairon, DJ Win",3,2022,6,10,685,2,129314708,17,0,24,0,30,130.0,D#,Minor,71.0,78.0,40.0,46.0,0.0,7.0,45.0,2022-06-10,1
cï¿½ï¿½mo dormi,Rels B,1,2022,8,4,1452,35,331511413,16,15,20,0,0,126.0,C#,Major,63.0,56.0,43.0,24.0,0.0,12.0,23.0,2022-08-04,0
Bad Decisions (with BTS & Snoop Dogg),"Snoop Dogg, BTS, Benny Blanco",3,2022,8,5,1456,0,219196651,53,2,33,0,0,120.0,Unknown,Major,77.0,94.0,87.0,2.0,0.0,23.0,12.0,2022-08-05,0
STAYING ALIVE (feat. Drake & Lil Baby),"Drake, DJ Khaled, Lil Baby",3,2022,8,5,2107,0,170732845,51,1,50,0,0,130.0,E,Minor,72.0,18.0,46.0,7.0,0.0,28.0,8.0,2022-08-05,1
Caile,Luar La L,1,2020,12,18,1494,2,273914335,17,12,15,0,0,122.0,Unknown,Major,70.0,46.0,76.0,30.0,0.0,9.0,45.0,2020-12-18,0
Si Te La Encuentras Por Ahï¿,Feid,1,2022,8,5,1379,4,179061440,23,10,18,0,0,172.0,G#,Minor,74.0,46.0,58.0,15.0,0.0,13.0,8.0,2022-08-05,1
GIVENCHY,Duki,1,2022,7,20,625,4,185236961,13,18,12,0,0,103.0,G#,Major,61.0,38.0,62.0,14.0,0.0,23.0,40.0,2022-07-20,0
ALIEN SUPERSTAR,Beyoncï¿,1,2022,7,29,2688,0,171788484,39,47,36,0,0,122.0,A#,Minor,55.0,46.0,64.0,0.0,0.0,17.0,10.0,2022-07-29,1
Mary On A Cross,Ghost,1,2019,9,13,2668,2,387080183,38,266,78,0,141,130.0,B,Major,47.0,56.0,90.0,0.0,0.0,10.0,4.0,2019-09-13,0
Attention,NewJeans,1,2022,8,1,799,12,264717480,14,141,9,0,1,105.0,A#,Minor,81.0,70.0,65.0,24.0,0.0,8.0,4.0,2022-08-01,1
THE SHADE,Rex Orange County,1,2022,3,11,1189,6,244928911,17,10,16,0,4,120.0,F,Major,90.0,73.0,51.0,39.0,0.0,9.0,6.0,2022-03-11,0
"Come Back Home - From ""Purple Hearts""",Sofia Carson,1,2022,7,12,367,0,97610446,28,67,195,0,0,145.0,G,Major,56.0,43.0,53.0,24.0,0.0,12.0,4.0,2022-07-12,0
El Rescate,"Grupo Marca Registrada, Junior H",2,2022,7,22,527,4,287278853,10,43,3,1,0,99.0,G,Minor,79.0,64.0,59.0,28.0,0.0,11.0,14.0,2022-07-22,1
Heartless,Kanye West,1,2008,1,1,17504,34,887906111,63,39,1315,0,2,88.0,A#,Minor,79.0,66.0,65.0,5.0,0.0,25.0,14.0,2008-01-01,1
"Stay With Me (with Justin Timberlake, Halsey, & Pharrell)","Calvin Harris, Halsey, Pharrell Williams, Justin Timberlake",4,2022,7,15,3113,0,123473120,54,6,124,1,0,126.0,A,Major,81.0,90.0,73.0,28.0,0.0,29.0,4.0,2022-07-15,0
Siempre Pendientes,"Peso Pluma, Luis R Conriquez",2,2022,8,15,685,5,295152154,15,79,4,2,0,136.0,Unknown,Major,77.0,71.0,75.0,33.0,1.0,13.0,4.0,2022-08-15,0
JGL,"Luis R Conriquez, La Adictiva",2,2022,2,18,782,9,323455692,15,33,6,1,0,113.0,G#,Major,70.0,97.0,59.0,55.0,0.0,27.0,12.0,2022-02-18,0
Don't You Worry,"David Guetta, Shakira, Black Eyed Peas",3,2022,6,16,2442,0,240918092,81,4,248,1,6,132.0,B,Major,82.0,49.0,88.0,20.0,0.0,21.0,3.0,2022-06-16,0
Pipoco,"Melody, Ana Castela, Dj Chris No Beat",3,2022,5,20,1112,4,191873381,22,2,65,1,3,135.0,G#,Major,77.0,74.0,74.0,47.0,0.0,34.0,8.0,2022-05-20,0
Hold Me Closer,"Elton John, Britney Spears",2,2017,11,10,4967,0,284216603,165,10,177,4,73,126.0,Unknown,Major,67.0,49.0,77.0,11.0,0.0,19.0,11.0,2017-11-10,0
Forget Me,Lewis Capaldi,1,2022,9,9,2520,4,239411309,93,95,84,9,202,102.0,C#,Minor,67.0,72.0,74.0,30.0,0.0,36.0,4.0,2022-09-09,1
After LIKE,IVE,1,2022,8,22,767,12,265548837,20,129,11,0,12,125.0,Unknown,Major,68.0,80.0,92.0,10.0,0.0,9.0,12.0,2022-08-22,0
Bound 2,Kanye West,1,2013,1,1,19806,7,703301727,33,11,274,0,0,149.0,C#,Major,37.0,28.0,66.0,14.0,0.0,9.0,5.0,2013-01-01,0
B.O.T.A. (Baddest Of Them All) - Edit,"Interplanetary Criminal, Eliza Rose",2,2022,6,15,5153,6,244585109,102,53,113,12,0,137.0,Unknown,Major,74.0,71.0,89.0,24.0,61.0,15.0,5.0,2022-06-15,0
Talk that Talk,TWICE,1,2022,8,26,615,0,189476119,14,77,15,1,2,120.0,D#,Minor,77.0,78.0,91.0,14.0,0.0,33.0,12.0,2022-08-26,1
BILLIE EILISH.,Armani White,1,2022,1,20,2537,0,277132266,49,1,67,11,1,100.0,C#,Major,90.0,75.0,50.0,11.0,0.0,9.0,26.0,2022-01-20,0
Ferxxo 100,Feid,1,2022,6,3,1647,30,278920007,20,49,23,2,2,164.0,G#,Minor,70.0,58.0,57.0,25.0,0.0,15.0,7.0,2022-06-03,1
KU LO SA - A COLORS SHOW,Oxlade,1,2022,6,10,2019,8,222410722,117,72,107,1,7,93.0,A#,Minor,65.0,79.0,66.0,31.0,0.0,22.0,7.0,2022-06-10,1
Prohibidox,Feid,1,2022,9,13,1473,12,185392587,25,36,25,1,0,180.0,C#,Minor,65.0,52.0,80.0,5.0,0.0,6.0,25.0,2022-09-13,1
Static,Steve Lacy,1,2022,7,15,1613,0,202452860,21,15,13,0,0,79.0,C#,Major,34.0,22.0,31.0,43.0,63.0,10.0,7.0,2022-07-15,0
The Scientist,Coldplay,1,2002,8,5,30992,6,1608164312,124,25,7827,1,0,146.0,F,Major,56.0,21.0,44.0,73.0,0.0,11.0,2.0,2002-08-05,0
Sparks,Coldplay,1,2000,7,10,10826,4,624101957,24,0,805,0,0,103.0,C#,Major,37.0,17.0,27.0,75.0,5.0,10.0,3.0,2000-07-10,0
Talk,YEAT,1,2022,9,2,920,0,148461629,10,1,8,0,0,140.0,E,Minor,70.0,26.0,76.0,8.0,0.0,54.0,23.0,2022-09-02,1
XQ Te Pones Asï¿,"Yandel, Feid",2,2022,9,13,308,0,47093942,6,1,6,0,0,92.0,A#,Major,81.0,48.0,70.0,13.0,0.0,15.0,7.0,2022-09-13,0
Selfish,PnB Rock,1,2016,6,23,2468,0,380319238,15,0,0,0,0,102.0,C#,Minor,64.0,4.0,60.0,11.0,0.0,19.0,4.0,2016-06-23,1
Sin Seï¿½ï,"Ovy On The Drums, Quevedo",2,2022,7,22,1097,2,209106362,18,10,13,1,1,118.0,B,Minor,82.0,75.0,85.0,33.0,1.0,11.0,4.0,2022-07-22,1
Lady Mi Amor,Feid,1,2022,9,13,330,0,53987404,3,0,2,0,0,93.0,D,Major,78.0,75.0,62.0,6.0,0.0,15.0,6.0,2022-09-13,0
Poland,Lil Yachty,1,2022,6,23,1584,0,115331792,38,0,24,0,0,150.0,F,Minor,70.0,26.0,56.0,14.0,83.0,11.0,5.0,2022-06-23,1
THE LONELIEST,Mï¿½ï¿½ne,1,2022,10,7,1585,5,225093344,78,65,328,1,198,130.0,D,Major,52.0,24.0,60.0,0.0,0.0,8.0,3.0,2022-10-07,0
Bye Bye,"Marshmello, Juice WRLD",2,2022,10,14,766,0,84697729,16,0,9,0,0,83.0,D#,Minor,65.0,24.0,53.0,6.0,0.0,51.0,4.0,2022-10-14,1
BABY OTAKU,"Fran C, Polima WestCoast, Nickoog Clk, Pablito Pesadilla",4,2022,8,18,836,0,159240673,14,1,13,0,0,102.0,A,Major,84.0,43.0,75.0,5.0,0.0,6.0,8.0,2022-08-18,0
Nxde,(G)I-DLE,1,2022,10,17,430,6,170709584,14,116,9,0,11,136.0,E,Minor,73.0,65.0,91.0,4.0,0.0,48.0,18.0,2022-10-17,1
Miss You,Southstar,1,1982,5,16,2020,0,154356956,77,10,119,0,40,145.0,A,Major,66.0,24.0,58.0,17.0,0.0,19.0,5.0,1982-05-16,0
we fell in love in october,girl in red,1,2018,11,21,6858,0,723043854,31,21,15,0,4,130.0,G,Major,57.0,24.0,37.0,11.0,18.0,16.0,3.0,2018-11-21,0
2 Be Loved (Am I Ready),Lizzo,1,2022,7,14,3682,6,247689123,41,0,158,2,68,156.0,G,Major,72.0,92.0,77.0,9.0,0.0,8.0,11.0,2022-07-14,0
Celestial,Ed Sheeran,1,2022,9,29,1639,0,176474912,86,14,80,0,37,123.0,D,Major,57.0,50.0,85.0,5.0,0.0,16.0,4.0,2022-09-29,0
Typa Girl,BLACKPINK,1,2022,9,16,452,10,235549288,2,129,13,0,1,132.0,G,Major,92.0,53.0,62.0,7.0,0.0,63.0,10.0,2022-09-16,0
I Really Want to Stay at Your House,"Rosa Walton, Hallie Coggins",2,2020,12,18,668,1,140430339,0,0,31,0,0,125.0,D#,Minor,49.0,13.0,74.0,0.0,0.0,9.0,4.0,2020-12-18,1
California Breeze,Lil Baby,1,2022,10,14,991,0,85559365,36,38,13,0,3,162.0,F,Minor,74.0,22.0,67.0,0.0,0.0,11.0,46.0,2022-10-14,1
Bamba (feat. Aitch & BIA),"Luciano, Aitch, Bï¿½",3,2022,9,22,869,7,146223492,14,12,12,2,28,138.0,A#,Major,80.0,82.0,81.0,14.0,0.0,13.0,36.0,2022-09-22,0
Casei Com a Putaria,"MC Ryan SP, Love Funk, Mc Paiva ZS",3,2022,7,1,648,4,187701588,0,0,30,0,0,161.0,A#,Minor,59.0,62.0,60.0,12.0,0.0,5.0,44.0,2022-07-01,1
Major Distribution,"Drake, 21 Savage",2,2022,11,4,1545,0,154863153,22,7,15,0,0,131.0,G#,Minor,91.0,23.0,55.0,1.0,0.0,7.0,32.0,2022-11-04,1
Pussy & Millions (feat. Travis Scott),"Drake, Travis Scott, 21 Savage",3,2022,11,4,1930,0,191333656,24,8,17,0,1,122.0,E,Minor,75.0,45.0,63.0,6.0,0.0,35.0,12.0,2022-11-04,1
Vigilante Shit,Taylor Swift,1,2022,10,21,1948,0,253650850,12,9,16,0,0,80.0,E,Minor,80.0,16.0,28.0,17.0,0.0,12.0,39.0,2022-10-21,1
Question...?,Taylor Swift,1,2022,10,21,1608,0,223064273,10,3,12,0,0,109.0,G,Major,75.0,11.0,50.0,20.0,0.0,30.0,17.0,2022-10-21,0
On BS,"Drake, 21 Savage",2,2022,11,4,1338,0,170413877,9,20,7,0,0,158.0,A,Major,84.0,33.0,36.0,2.0,0.0,39.0,59.0,2022-11-04,0
Mastermind,Taylor Swift,1,2022,10,21,1936,0,218320587,7,5,13,0,0,126.0,E,Major,66.0,12.0,35.0,55.0,0.0,9.0,14.0,2022-10-21,0
Circo Loco,"Drake, 21 Savage",2,2022,11,4,1794,0,141720999,26,9,17,0,3,104.0,C#,Major,73.0,25.0,61.0,1.0,0.0,32.0,7.0,2022-11-04,0
Labyrinth,Taylor Swift,1,2022,10,21,1597,0,187339835,6,3,15,0,0,110.0,Unknown,Major,48.0,15.0,31.0,80.0,22.0,12.0,4.0,2022-10-21,0
Spin Bout U,"Drake, 21 Savage",2,2022,11,4,1652,2,198365537,26,52,10,0,95,130.0,G,Major,77.0,20.0,70.0,1.0,0.0,16.0,5.0,2022-11-04,0
Sweet Nothing,Taylor Swift,1,2022,10,21,1747,0,186104310,9,6,13,0,2,177.0,Unknown,Major,34.0,39.0,16.0,97.0,0.0,12.0,5.0,2022-10-21,0
"Would've, Could've, Should've",Taylor Swift,1,2022,10,21,1715,0,177503916,4,5,8,0,0,158.0,G,Major,48.0,55.0,84.0,43.0,0.0,15.0,12.0,2022-10-21,0
Con La Brisa,"Ludwig Goransson, Foudeqush",2,2022,11,4,486,0,71095708,8,1,7,0,0,114.0,D,Minor,62.0,25.0,44.0,51.0,33.0,14.0,3.0,2022-11-04,1
Privileged Rappers,"Drake, 21 Savage",2,2022,11,4,1007,0,112436403,6,5,3,0,0,144.0,F,Major,93.0,62.0,61.0,0.0,0.0,12.0,20.0,2022-11-04,0
The Astronaut,Jin,1,2022,10,28,481,9,203436468,10,100,15,1,27,125.0,F,Major,54.0,22.0,76.0,0.0,0.0,14.0,3.0,2022-10-28,0
BackOutsideBoyz,Drake,1,2022,11,4,1045,0,93367537,8,5,2,0,0,142.0,F,Minor,85.0,40.0,43.0,4.0,0.0,39.0,32.0,2022-11-04,1
Broke Boys,"Drake, 21 Savage",2,2022,11,4,1060,0,106249219,3,8,5,0,0,120.0,D,Major,64.0,11.0,53.0,1.0,0.0,25.0,27.0,2022-11-04,0
The Great War,Taylor Swift,1,2022,10,21,1274,0,181382590,1,6,11,0,0,96.0,F,Major,57.0,55.0,74.0,22.0,0.0,8.0,4.0,2022-10-21,0
My Mind & Me,Selena Gomez,1,2022,11,3,953,0,91473363,61,13,37,1,0,144.0,A,Major,60.0,24.0,39.0,57.0,0.0,8.0,3.0,2022-11-03,0
Bigger Than The Whole Sky,Taylor Swift,1,2022,10,21,1180,0,121871870,4,0,8,0,0,166.0,F#,Major,42.0,7.0,24.0,83.0,1.0,12.0,6.0,2022-10-21,0
A Veces (feat. Feid),"Feid, Paulo Londra",2,2022,11,3,573,0,73513683,2,0,7,0,0,92.0,C#,Major,80.0,81.0,67.0,4.0,0.0,8.0,6.0,2022-11-03,0
En La De Ella,"Feid, Sech, Jhayco",3,2022,10,20,1320,0,133895612,29,26,17,0,0,97.0,C#,Major,82.0,67.0,77.0,8.0,0.0,12.0,5.0,2022-10-20,0
Alone,Burna Boy,1,2022,11,4,782,2,96007391,27,18,32,1,0,90.0,E,Minor,61.0,32.0,67.0,15.0,0.0,11.0,5.0,2022-11-04,1
Take On Me,a-ha,1,2013,10,20,2695,17,15182,106,4,184,6,34,92.57371622936466,F#,Minor,49.02982469704789,55.19747827618029,47.01950091789062,55.61356790522254,25.19498151891947,30.492079518170375,6.312124095628188,2013-10-20,1
Boy's a liar Pt. 2,"PinkPantheress, Ice Spice",3,2010,9,7,4442,6,3305,21,5,99,0,3,95.91448120251856,F,Major,43.6132347744016,59.859184968867496,34.19044900973879,58.52866068014931,49.35882638436584,30.798888743079825,7.443281845652421,2010-09-07,0
Dance The Night (From Barbie The Album),Dua Lipa,4,1964,12,21,83,13,39178,89,7,175,9,8,93.60598235875332,B,Minor,49.78821013561425,58.907364832331865,31.54134106422677,52.18126624508724,33.51360970477349,38.87022167109341,6.495864240486169,1964-12-21,1
Stargirl Interlude,"The Weeknd, Lana Del Rey",2,2019,8,25,4721,11,176771,48,12,169,4,43,137.36732715622728,F,Minor,85.61060231024447,66.69563370096164,82.6108876080319,11.218556497568038,6.177372141549205,11.820460288664332,21.576199735591818,2019-08-25,1
LADY GAGA,"Gabito Ballesteros, Junior H, Peso Pluma",2,2014,8,2,211,16,27135,272,9,43,1,33,97.9861966558396,F,Minor,58.83869678569351,52.62121818660288,33.9632475331411,48.62576411786154,39.647035227522174,53.693490447737176,5.184328328274722,2014-08-02,1
Novo Balanï¿½,"Veigh, Bvga Beatz, Supernova Ent, Prod Malax",3,2012,9,25,4768,0,131901,103,4,98,7,23,91.62950577651132,D#,Minor,56.11149867059086,42.85056580387001,40.27921603747952,52.20816011511976,30.894016267685025,37.17832844894578,8.91517347653785,2012-09-25,1
Surface Pressure,Jessica Darrow,5,2001,5,4,4841,2,55088,243,12,176,2,15,141.27379570344692,D,Major,91.66421929062676,76.28430854969459,75.92900481283783,16.39619567513126,6.796516920552541,7.267725186537303,23.883336856380488,2001-05-04,0
Calm Down,Rï¿½ï,3,2022,11,26,2150,8,74377,196,4,149,9,42,101.74709380832178,B,Major,55.93684475000134,41.52474138855787,32.68620287342747,66.36098410041684,37.42604942622575,58.30021905933155,14.662210133322471,2022-11-26,0
"Villano Antillano: Bzrp Music Sessions, Vol. 51","Bizarrap, Villano Antillano",4,1961,2,24,1377,18,65854,154,19,86,4,44,143.66934155534852,C#,Minor,85.6463552799589,68.47675439348846,80.13619891448681,13.10545324788454,6.553405265898879,13.092260073159943,26.963004448106545,1961-02-24,1
A Tu Merced,Bad Bunny,5,1962,6,24,2060,2,46807,254,1,141,8,10,99.85834244041892,Unknown,Major,45.62672206842749,54.20599899691511,49.657303076355504,53.57852534177751,32.22368916129164,42.94060319266859,13.534387865272642,1962-06-24,0
Mr. Morale,"Kendrick Lamar, Tanna Leone",5,2016,11,3,1352,0,12488,54,6,127,8,11,104.78763788625666,A,Major,44.36487907688947,54.5774421362536,49.88290156129492,63.13302485581636,31.519452625626297,40.29507658353832,9.41192648430567,2016-11-03,0
"jealousy, jealousy",Olivia Rodrigo,4,2003,2,8,173,16,131125,198,7,155,7,38,143.072649874938,A#,Minor,81.06397902564207,72.53148620307081,82.72376538607426,13.841392536495698,5.717804971007458,14.277304177623376,28.652117793779095,2003-02-08,1
I Know - PR1SVX Edit,"Kanii, PR1ISVX",2,2010,12,28,4772,3,162075,274,11,127,9,24,93.4163834286748,B,Minor,41.98515706633293,44.10334471633665,59.90894275734151,41.20867396075885,45.841671563375264,42.9686456075502,5.075305352624539,2010-12-28,1
Don't Be Shy,"Tiï¿½ï¿½sto, Kar",4,2016,5,29,3106,17,47296,292,1,108,9,37,144.98192509068275,B,Minor,81.2797879431459,65.12322757434173,82.97763561945514,10.329102999495852,7.895797183002573,7.969027481527976,16.351986381225178,2016-05-29,1
CHORRITO PA LAS ANIMAS,Feid,3,2019,8,20,1128,9,144945,269,5,27,7,17,148.20449904247872,G#,Minor,93.5688123656593,61.8410840410717,71.22807248914779,20.707668560936938,3.5329801445080813,15.6671728651612,26.695961450900107,2019-08-20,1
Crazy What Love Can Do,"David Guetta, Ella Henderson, Becky Hill",2,2021,6,30,3738,13,90351,172,9,22,8,26,91.6219282596876,E,Minor,46.706645773211946,47.9906088744686,36.466660737257456,57.24606122887938,44.94753075823656,47.49116453639597,14.41119634407699,2021-06-30,1
The Scientist,Coldplay,2,2011,9,1,3459,17,128025,292,12,30,0,48,108.15961105158686,F,Major,58.05779955999087,44.73264599605688,53.21173104150186,44.8662368489747,40.60866027238796,35.190524358289814,7.270528079193622,2011-09-01,0
Acapulco,Jason Derulo,2,2004,8,30,1917,19,113776,79,12,32,2,32,135.98641051625538,A#,Major,85.4417336079794,61.22592778020779,83.485846938376,8.465295294094917,7.469838935291283,17.30097409222023,22.994156816466734,2004-08-30,0
Until I Found You (with Em Beihold) - Em Beihold Version,"Em Beihold, Stephen Sanchez",3,2011,4,5,1886,2,161101,121,19,94,3,31,100.6672016582577,A#,Major,41.23559183923755,42.99856844510389,32.02691837712472,47.62887678207556,43.6232665442657,58.22777823837302,12.323237354906087,2011-04-05,0
Yandel 150,"Yandel, Feid",1,2009,7,5,331,6,80979,251,3,140,2,24,91.87220649726922,F#,Minor,52.71298323403509,59.85622094877104,43.66605232472253,68.42961998896334,30.801549714154863,33.73310167582357,14.50033056587825,2009-07-05,1
Shivers,Ed Sheeran,1,2020,6,8,1756,0,108693,65,12,56,0,16,102.5965812193737,D,Major,48.84442467024539,48.188475098812745,34.480295861903286,43.33270800541315,21.26212542732988,30.923131451227817,6.831451683339309,2020-06-08,0
THE LONELIEST,Mï¿½ï¿½ne,1,2012,6,25,1375,3,90198,80,1,69,3,14,149.04135813670334,D,Major,90.63302669568672,76.07449253185887,82.17134373605428,8.39121884563524,4.852922461798613,8.482835562074236,16.657852582388823,2012-06-25,0
Best Friends,The Weeknd,4,2013,1,29,3772,14,17297,68,11,181,5,24,99.17988376902628,E,Minor,53.93537584340157,44.38445089000463,43.24729568750771,48.50206421886742,20.17995282904037,55.62707366574243,13.43713530066844,2013-01-29,1
Bejeweled,Taylor Swift,2,2017,5,22,3107,9,114321,39,10,49,8,12,92.97609875922434,G,Major,53.02881723731184,47.639526219505,38.06113040146977,50.50635774849714,38.499481550193714,35.274545189318395,13.213877923024656,2017-05-22,0
First Class,Jack Harlow,5,2012,9,22,4655,6,196567,52,0,122,3,49,148.58686019323338,G#,Major,81.50411588918533,68.16976202661066,75.58393805196201,12.573519022279122,0.9131130559352564,8.485886692469517,27.95946926495412,2012-09-22,0
"Apna Bana Le (From ""Bhediya"")","Arijit Singh, Sachin-Jigar",1,2012,12,31,924,17,123826,51,1,65,0,21,93.5388715263444,A,Major,50.99253515568605,40.01064115048063,55.19500416755295,63.582596510212426,22.778571162164333,55.08465780260365,7.997329053560236,2012-12-31,0
Notion,The Rare Occasions,5,2008,8,14,1961,1,102076,100,10,172,4,44,97.97321587258506,A,Major,43.864675519880784,51.53910150589028,37.44039935162061,50.76899906033711,33.35869117853446,38.006336007501176,12.050861373415543,2008-08-14,0
Take Me To Church,Hozier,2,2021,6,11,2460,13,86111,132,0,44,9,43,140.36287844743623,E,Minor,89.86062015118725,78.91138807464151,87.93937655015657,22.353759585759544,7.642293187548139,14.709140976577062,20.05104799065443,2021-06-11,1
Grapejuice,Harry Styles,1,2017,6,10,4310,5,198427,165,10,55,4,39,132.2574040329473,F,Major,92.74217911333744,76.54703655128014,76.91488183683234,14.873294068681284,1.116658804714897,13.947743549803722,24.628420961671477,2017-06-10,0
Haegeum,Agust D,2,2013,10,12,501,12,116700,10,12,43,0,1,140.14113964920003,G,Major,77.39532872059931,66.8144341227353,83.4050596113397,17.59300242757558,2.157655405967571,14.134864446125889,20.46775599487553,2013-10-12,0
SNAP,Rosa Linn,3,2011,2,16,2082,8,30301,184,19,189,8,3,100.13554636312544,Unknown,Major,51.63986214388628,53.969935426384,38.710162765684814,65.58870287249599,40.73978709166936,54.96668945234141,5.033299440556959,2011-02-16,0
Something in the Orange,Zach Bryan,5,2022,2,17,214,2,128007,225,2,148,3,28,98.24398287805836,G,Major,53.727346713549366,43.799018658702096,40.321690153996855,48.02265137994995,37.71799173108735,36.05187438438669,9.137847686229478,2022-02-17,0
Grapejuice,Harry Styles,4,2020,2,16,4848,15,81595,236,10,15,9,44,139.07727660022277,F,Major,83.56899223254067,70.8829409573334,85.12135975235904,23.87336474320253,8.272649451224051,9.084581519859883,19.169922825021143,2020-02-16,0
"Would've, Could've, Should've",Taylor Swift,3,2015,2,21,1445,0,16461,20,3,7,1,4,103.40504411593774,G,Major,46.39276320313333,57.07426081284207,43.13905172696815,49.78339597298493,40.44469132601336,32.0042730980734,11.052635057829168,2015-02-21,0
Superhero (Heroes & Villains) [with Future & Chris Brown],"Future, Chris Brown, Metro Boomin",5,2021,6,25,1184,9,5682,225,16,106,2,38,148.43601187129042,F,Minor,94.21713664047154,64.88939647159461,74.02765235472626,19.33694639645996,8.919922993009498,11.810584491096575,25.446767524546367,2021-06-25,1
A Tu Merced,Bad Bunny,4,2003,8,28,4195,4,15154,143,19,118,6,48,91.626246188094,Unknown,Major,47.95686613183694,47.34470558714948,33.58127583414963,54.39543659125053,31.34388793991396,37.607798324501765,12.903801838367052,2003-08-28,0
Agudo Mï¿½ï¿½gi,"Styrx, utku INC, Thezth",1,2001,7,30,995,7,198347,146,10,184,1,28,130.50475633109934,F#,Minor,94.93469286595466,78.65662280160538,74.85701322667197,22.38127751810573,7.069310134612542,5.2261192896498985,16.481657965684683,2001-07-30,1
Eyes Closed,Ed Sheeran,2,2021,10,11,2087,5,166759,167,10,13,4,35,145.74846095003548,D,Major,93.98278112038297,67.35069287404417,80.22721930754861,8.805879089540152,8.001520033438684,6.298151628606704,15.815499584454512,2021-10-11,0
10:35,"Tiï¿½ï¿½sto, Tate M",5,1987,7,6,675,8,79382,11,15,146,2,19,130.8062903396046,G#,Major,89.44092716845535,61.650142386918894,72.32584376703697,16.11155411861763,6.185398701873973,7.436028922847857,17.73827779750053,1987-07-06,0
I Tried to Tell Y'all,"Ugly Dray, Tesla Jnr",2,2017,7,5,2569,13,194408,175,7,94,5,3,90.31274211319663,B,Major,59.80065236101498,47.084651108345525,52.34654777637664,50.45763849771146,23.09843868821998,57.81962443866216,6.8799886263092365,2017-07-05,0
Rolling in the Deep,Adele,4,2001,12,25,3185,4,2102,70,3,64,0,38,96.17207149552786,G#,Major,57.23360396544997,54.94943670031642,46.716424616267744,69.85087644414767,31.99233768816443,50.05344028665456,14.635147295708531,2001-12-25,0
O.O,NMIXX,4,2006,7,10,1002,3,48854,146,18,13,5,8,99.2126861836822,B,Minor,54.07352644251799,55.51582623731261,36.81998375854301,57.162894717481336,42.73169531926422,49.84107937459869,7.092399233414345,2006-07-10,1
DOGTOOTH,"Tyler, The Creator",1,2008,2,7,4191,5,149781,285,7,28,5,13,146.33455064444672,G#,Major,83.82156860197706,62.63494522751118,85.0721216358628,17.305245868039364,6.909522243853091,7.101662587524795,29.364481538715424,2008-02-07,0
ýýýabcdefu,Gayle,1,2018,10,27,4779,10,184151,54,5,174,2,14,137.6060509076244,E,Major,94.29328266574846,79.08340650112527,84.76884241041769,7.1841736532015705,6.462588132144562,17.139644484714175,23.63381597829183,2018-10-27,0
Bamba (feat. Aitch & BIA),"Luciano, Aitch, Bï¿½",2,2022,8,17,811,5,87987,110,19,194,2,39,97.522521544507,A#,Major,58.34978460482756,51.14340364516548,31.918413705489822,62.00769554650687,29.86640436036099,39.60725213179437,13.256382876260204,2022-08-17,0
Oi Balde - Ao Vivo,Zï¿½ï¿½ Neto & Crist,1,2005,2,10,4713,16,110890,296,2,132,9,41,91.285733755474,D,Major,46.28335962523924,43.81128608456061,55.36429075150578,60.08593739072698,29.301437020828107,37.52539669605987,9.752213034506852,2005-02-10,0
Until I Found You (with Em Beihold) - Em Beihold Version,"Em Beihold, Stephen Sanchez",4,2014,4,24,1012,19,84846,58,17,20,0,11,93.897697868562,A#,Major,46.43963526669508,52.81730310768048,46.28725347558333,41.124885870682576,20.0619310240518,46.936131152462,5.150526774712654,2014-04-24,0
LLYLM,ROSALï¿½,5,1968,3,3,1567,17,29400,121,12,5,1,44,103.21069772972002,F#,Minor,50.631193529838846,49.96844427036482,32.809399962413664,62.299842917193175,48.61355408159336,41.1889102754358,9.65745997586211,1968-03-03,1
Trance (with Travis Scott & Young Thug),"Travis Scott, Young Thug, Metro Boomin",3,2016,10,22,3965,12,36935,75,3,69,3,12,144.9566723570558,C#,Minor,79.76082136284379,67.06665678214615,75.63464243898768,19.13489646139007,0.6237646442831157,12.18290424393862,26.8358172173536,2016-10-22,1
ýýýýýýýýýýýýýýýýýýýýý,Fujii Kaze,3,2018,4,17,932,0,81554,148,13,88,9,21,132.00461702688284,F#,Minor,75.86513888735603,70.32591366864025,78.2059561183974,7.6711624660372095,2.80349955178552,16.419895650571203,25.403461726829395,2018-04-17,1
Auntie Diaries,Kendrick Lamar,3,1996,6,26,759,16,146877,63,1,60,0,34,131.69414984212085,G,Major,81.5210770831008,72.8395496206291,74.93812697462569,14.07065888857564,0.5627971455527514,11.811782707412316,21.74982983936711,1996-06-26,0
Problemï¿½,"Alvaro Diaz, Rauw Alejandro",5,2022,2,23,3227,6,93490,280,14,119,3,47,140.76239067979364,D,Minor,80.45467195672602,64.11239787056971,86.0444516866978,21.72848717159053,0.7906249457786818,10.737675577792938,24.46002557233232,2022-02-23,1
That That (prod. & feat. SUGA of BTS),"PSY, Suga",2,2013,11,2,283,14,180718,198,4,196,2,13,107.4551288654688,E,Major,52.85169006746303,52.22241651495949,44.45401462425032,45.46907711166802,24.110816418364383,39.82080357485897,14.2197616627995,2013-11-02,0
Classy 101,"Feid, Young Miko",5,2000,3,29,772,16,42057,12,5,110,8,40,133.19419425493876,B,Major,81.79918508924321,63.25362494685561,75.54542632110028,7.250544281575508,4.022552421818306,5.852877683184278,20.963520708826795,2000-03-29,0
Shivers,Ed Sheeran,4,2019,10,19,604,4,6238,106,2,165,4,27,139.32347936092623,D,Major,84.59732565128171,60.15335796856324,72.66212920627511,9.095026488934954,1.2507083483915005,7.165493252638415,29.78040722825181,2019-10-19,0
Doja,Central Cee,2,2022,4,8,2601,13,167605,282,14,92,5,33,95.51356273338575,F#,Major,58.515174590722935,49.72040288703574,39.14120617033,67.43459730262629,33.14001096271806,44.70855959261437,10.218329538915436,2022-04-08,0
Just Wanna Rock,Lil Uzi Vert,2,2005,12,4,4067,9,146243,277,17,165,7,48,90.46660941523392,B,Major,43.78358754552754,55.33385812046358,55.07178851067029,58.94606029434223,27.004015559375844,37.48532092972609,5.762565832013015,2005-12-04,0
Watermelon Sugar,Harry Styles,1,2014,11,12,3284,5,42710,253,2,17,7,6,105.4658981104048,Unknown,Major,45.11680534733373,48.02093758593545,33.30311244853789,49.650259571170906,48.65704857477024,34.238502236691474,10.293899436008568,2014-11-12,0
RAPSTAR,Polo G,1,2002,1,24,3769,9,25894,232,16,127,0,19,90.34780106974664,F#,Major,52.86519925827584,53.554721125004,57.460004748863945,51.30096767362495,36.20997334619733,52.43166580739493,14.19204985071224,2002-01-24,0
Flowers,Lauren Spencer Smith,4,2020,8,12,2569,12,173074,23,12,121,0,4,139.9831541132491,D#,Major,78.31822930454013,65.30521787071275,72.71280186159706,11.775747437200389,2.681677495861164,10.63206658679434,16.43840019256113,2020-08-12,0
Overdrive,Post Malone,3,2000,11,7,1818,5,195885,109,13,184,6,21,101.63936009290872,C#,Major,55.01023876812741,59.48552922194443,48.05806411155188,59.01997765161672,40.49009443042858,56.14688000660315,8.80519719689891,2000-11-07,0
Die For You - Remix,"Ariana Grande, The Weeknd",3,2007,12,6,4686,7,116808,73,3,189,0,41,137.61135306658085,C#,Minor,93.87482790106228,63.99351742899572,80.41938817389871,15.141434611576036,3.877317206408613,6.641697719054914,22.80852619648774,2007-12-06,1
MIENTRAS ME CURO DEL CORA,Karol G,4,2006,11,29,3331,8,59644,175,1,132,7,46,93.34024699056204,Unknown,Major,57.08231551074765,47.96334158619388,32.859873969176256,49.22725446303644,26.81681302034325,40.305937238401214,13.987898813943344,2006-11-29,0
Envolver,Anitta,4,2000,5,11,2803,18,39360,13,15,97,2,1,94.851186526611,E,Minor,42.367943134574745,40.350919836954816,53.50576378533849,64.67796097669058,46.18199625043805,56.90182264360759,10.2231955614796,2000-05-11,1
The Rumbling (TV Size),SiM,5,1971,5,8,1898,5,110889,72,11,195,9,37,90.83555308323244,G#,Major,46.84166275812992,58.90450859468794,41.10755036655237,45.95066958197644,26.327237161789903,37.59717234628627,9.54109502762096,1971-05-08,0
SNAP,Rosa Linn,3,2007,11,27,4743,10,40334,154,9,21,7,31,148.79239348169764,Unknown,Major,85.12658448388312,77.79202910790808,85.77805391775124,15.267842643653877,9.675863455918824,13.085118829278064,29.50150720543398,2007-11-27,0
MORE,j-hope,2,2020,6,7,4990,18,138915,58,16,164,7,26,90.19327883919212,D,Major,40.36654898112625,44.54044527289789,54.39764239618922,60.15602796721045,40.41567016284118,54.97733155667828,7.493702663801002,2020-06-07,0
Sky,Playboi Carti,2,1959,11,1,1852,19,88485,19,14,145,6,15,144.5484811813053,D,Major,93.93278603050835,74.41202208932226,70.87848130444257,5.249213357557869,6.263137080437325,16.730009638890337,23.70711303621595,1959-11-01,0
My Mind & Me,Selena Gomez,5,2017,10,8,1805,9,66737,152,3,7,0,28,95.2521864859383,A,Major,40.704036708130864,45.2056794056077,48.4184802998718,46.71815026348738,47.95934651049333,33.77895145360394,9.915204072042528,2017-10-08,0
Volando - Remix,"Sech, Bad Bunny, Mora",5,2015,7,24,895,4,22081,178,2,110,2,19,140.54778063966322,F#,Major,76.35523814997275,65.86533107464244,76.27222239750866,17.300685693819297,7.367336377226808,19.63998668378791,28.637829272026917,2015-07-24,0
Private Landing (feat. Justin Bieber & Future),"Don Toliver, Future, Justin Bieber",1,2010,1,2,4931,14,140818,163,14,152,7,17,103.18193858408938,C#,Minor,51.5965518782511,48.3413488858438,37.76399851001858,44.923702690427525,37.743062941928095,36.68723875314848,12.007147733844333,2010-01-02,1
KICK BACK,Kenshi Yonezu,4,2020,8,26,2554,15,23802,107,7,35,5,8,144.87051488206916,C#,Major,81.64407046007167,60.4820489119829,88.58323439038125,21.134345115660743,4.620189195452551,9.07546698804435,17.572652519852603,2020-08-26,0
Cigarettes,Juice WRLD,2,2002,11,16,4560,8,49391,182,16,23,5,37,102.84933076945656,D,Major,55.045420382634205,40.46259358422447,45.68521425831593,69.2771674540451,23.61684249842969,56.68598128250578,6.198092013752201,2002-11-16,0
Ensï¿½ï¿½ï¿½ï¿½ame ,Bad Bunny,1,2000,4,17,3484,5,38335,70,15,195,2,44,109.61222425038436,G#,Major,44.8932539373062,58.06411744147268,36.017078589592195,69.48612925562603,39.68398133351977,43.104361244321616,13.563766747640946,2000-04-17,0
People,Libianca,2,2013,1,10,4277,7,39082,33,18,152,2,49,98.91220541283774,A#,Minor,43.58961029316586,49.58609647040546,52.588978161480966,45.41765299248937,41.45837992208869,43.22227194849702,7.883243554860164,2013-01-10,1
Niï¿½ï¿½a Bo,"Sean Paul, Feid",5,2019,7,4,2789,19,18673,291,8,31,5,32,140.33719797901043,G,Major,78.37650797881929,71.95615288610202,89.26964791343204,9.840155996441302,8.908266890373039,15.51847571262296,16.90553368857192,2019-07-04,0
Infinity,Jaymes Young,1,1955,10,17,3309,4,62337,32,2,193,7,26,141.95594899053006,B,Minor,89.61927300142871,69.60169091972801,76.47562986123718,20.135665993337724,9.253155686826528,6.783439553780921,26.093876352137627,1955-10-17,1
WORTH NOTHING,"Twisted, Oliver Tree",3,2021,2,1,3521,2,30874,114,0,5,2,49,92.42890663386342,D,Minor,49.94197772028822,57.00759945979564,35.93868327486703,55.80655467812311,32.88167773446337,58.20174743320506,12.37618474507149,2021-02-01,1
Rich - Interlude,Kendrick Lamar,5,2010,9,2,4808,11,146917,229,15,52,9,46,90.60782891046168,G,Major,48.84976000099987,59.57969438669304,46.32125836382114,51.52555885433466,47.12263332034783,57.80254296602271,11.227088752053891,2010-09-02,0
"Phir Aur Kya Chahiye (From ""Zara Hatke Zara Bachke"")","Arijit Singh, Sachin-Jigar, Amitabha Bhattacharya",4,1970,12,3,3314,9,168250,202,11,36,7,11,134.39626359394703,E,Major,87.94916078319454,76.07237558495164,77.8138552337671,7.501712675492646,5.6296945267117815,6.5501312569253525,22.27644229335364,1970-12-03,0
Sleigh Ride,The Ronettes,4,1997,5,11,3266,1,120817,45,14,111,0,29,109.8891264910852,D,Major,47.31498835169587,55.05464522815586,55.5513465606488,43.250262378352176,40.24881967085133,55.88402141163984,12.17241501326173,1997-05-11,0
Mr. Morale,"Kendrick Lamar, Tanna Leone",2,2019,9,29,599,10,172355,137,9,104,6,22,99.54850826687088,A,Major,40.05098213747089,57.187829877735126,59.74529965403647,68.42840256581596,42.048181076743205,34.62288532241463,7.782844555129861,2019-09-29,0
Dream On,Aerosmith,4,2006,4,20,1385,17,59877,296,7,21,4,39,139.50403370593202,F,Minor,75.004896267721,64.49941976468826,86.68552152109268,17.48475604892082,5.15949309170367,11.65338410469134,23.809348289574693,2006-04-20,1
pushin P (feat. Young Thug),"Young Thug, Future, Gunna",5,2000,6,23,3932,12,122050,153,14,167,4,48,101.36695791817542,C#,Minor,44.04466575101056,45.5819089365073,34.50900114865266,57.41754419865036,45.3600702111096,49.54163141875854,9.109154838745916,2000-06-23,1
ULTRA SOLO,"Polima WestCoast, Pailita",5,2004,1,25,1742,17,78093,104,9,132,5,26,141.5869264529517,C#,Major,89.96929485558829,65.77689923980114,88.2026004421379,6.598057505309494,6.936848595736072,5.018331491588372,24.21927958643833,2004-01-25,0
Mal Feito - Ao Vivo,"Marï¿½ï¿½lia Mendonï¿½ï¿½a, Hugo & G",4,2014,12,24,2388,9,111496,263,4,165,6,43,98.69207128291214,Unknown,Minor,55.497536182076125,46.23643758424656,39.62510400973218,67.06098304623772,46.182298343806174,49.60365927718996,11.378940787179372,2014-12-24,1
Closer,"The Chainsmokers, Halsey",4,1986,3,23,1740,16,181188,131,6,140,0,7,100.2640113665642,G#,Major,55.53746931989441,43.09726612961996,53.29309493212476,61.98393739715792,32.338956163442845,56.06448436399763,11.37982622565751,1986-03-23,0
Me and Your Mama,Childish Gambino,1,2021,9,16,2651,7,59904,93,10,18,6,1,134.722823064313,F,Major,80.29930767304715,78.40220126743304,78.05655338905294,23.392564626404678,9.54978980324389,7.863100516810361,16.530299827609056,2021-09-16,0
Christmas (Baby Please Come Home),Darlene Love,4,2012,5,6,2827,10,168388,172,15,40,6,32,142.55882219599883,D#,Major,82.179488561011,62.69451740058013,79.80904158495443,21.037460864198582,5.550291215438783,15.373733249242546,16.3463824018945,2012-05-06,0
El Apagï¿½,Bad Bunny,3,1966,3,1,296,19,93094,135,7,63,0,47,106.61996030273475,G#,Major,59.590102505855,48.02024906506388,57.17224861551324,64.36441084817123,34.007069726072764,35.935427857428444,9.73182056905856,1966-03-01,0
Conexï¿½ï¿½es de Mï¿½ï¿½fia (feat. Rich ,"Rich The Kid, Matuï¿",2,2011,1,27,4367,10,19140,103,7,22,0,36,91.40666201218696,F#,Minor,55.91845185454302,45.7188042410916,30.727165506989728,45.732025435835865,32.710578354916095,45.085002394784624,11.843550736229812,2011-01-27,1
"You're On Your Own, Kid",Taylor Swift,3,2018,12,20,1431,11,88084,150,6,110,8,40,93.85432719550973,D,Major,52.289336603843935,57.03207595260093,53.08432452259733,68.51232822103148,21.460748529901803,54.21130805549893,5.240043539647864,2018-12-20,0
X ï¿½ï¿½LTIMA,"Daddy Yankee, Bad Bunny",5,2018,5,14,400,4,53159,212,11,21,9,10,133.7474493938131,G,Major,91.24889172452146,76.36868234177436,76.93638748692639,15.310187741389631,1.3180854498041628,5.59504802186174,22.27391777000851,2018-05-14,0
Pink + White,Frank Ocean,1,2005,5,8,4068,2,137643,193,3,131,6,38,141.52591879738603,A,Major,76.0438437356845,69.54803974806174,88.54043079622674,8.445764823894555,3.4741890510694464,12.656604670039597,22.80920147271464,2005-05-08,0
Worldwide Steppers,Kendrick Lamar,2,2017,12,21,1385,5,99494,155,1,161,2,32,144.69971165732707,A#,Minor,79.29218437776234,73.76419945937523,76.41685105159691,11.11916632222713,1.349443396609099,16.422257056568363,28.96608468019946,2017-12-21,1
Malas Decisiones,Kenia OS,3,2015,5,24,1214,11,151901,200,8,78,3,31,103.72173150876787,G#,Minor,56.57261061452136,45.995408147019525,40.778623898528885,62.58796327262479,36.12836928203148,41.8411157915464,14.441657600050998,2015-05-24,1
Sobrio,Maluma,1,2010,1,24,2676,16,150222,113,17,47,6,38,109.38632144509344,F,Major,49.64607149018099,55.97610396489566,59.089729032273695,51.647335528270375,41.38150423912559,41.98199445051003,14.4076731734221,2010-01-24,0
Daylight,David Kushner,2,2019,3,25,444,0,175058,155,18,182,8,36,109.47224593689056,D,Minor,59.16046936407567,52.755717333161776,41.89160313154615,40.02146589018329,38.9223627930344,48.89712859572489,9.481744410423442,2019-03-25,1
Creepin',"The Weeknd, 21 Savage, Metro Boomin",4,1997,12,12,2671,15,160513,227,0,15,6,26,143.48217103767112,C#,Minor,91.79757325702336,68.87935447954317,79.09258609069579,15.724192200622005,7.036654761070047,11.714236395367823,21.222426860209502,1997-12-12,1
Baile no Morro,"Mc Vitin Da Igrejinha, MC Tairon, DJ Win",2,2015,4,23,4265,7,192631,113,16,89,9,24,107.42997007608764,D#,Minor,56.14268643134442,57.12202248927075,50.8332587812367,62.32354205931598,47.52257303128514,38.56387901369753,8.01671279335424,2015-04-23,1
Shake It Off,Taylor Swift,4,2015,4,18,3199,5,8300,151,2,103,6,36,137.5384317724536,G,Major,89.2623449291382,75.75614302759686,78.28783799358288,20.553723548197294,5.77197164092595,8.808831130237847,29.37894931223912,2015-04-18,0
Selfish,PnB Rock,1,2019,5,7,4080,8,51058,213,8,172,0,16,95.08738551752198,C#,Minor,53.89264244066039,44.33371899685127,31.131172243758623,60.14233967163358,28.82270665066806,48.00395085938972,12.224822657643262,2019-05-07,1
Bigger Than The Whole Sky,Taylor Swift,2,2016,3,22,3016,12,28487,21,9,154,0,47,138.82644734266847,F#,Major,85.23517523851154,60.82701677205504,77.28247799398767,13.999391238961154,8.505998451298089,7.904875943772318,21.93677489323268,2016-03-22,0
Last Christmas,Wham!,3,2015,5,25,908,16,136632,47,3,113,5,35,134.6536728986962,B,Minor,79.17491897383539,77.87403729231508,74.7359283897769,11.25496341478684,3.977477980647323,12.890646406557394,25.095289006141265,2015-05-25,1
Classy 101,"Feid, Young Miko",2,2009,5,26,3629,18,143704,272,0,117,4,12,98.60640645944024,B,Major,44.58832600459667,58.51175850361208,37.19312236262495,46.607834825662806,27.18654303763985,58.16526177230847,8.917866046589987,2009-05-26,0
Dream On,Aerosmith,5,2003,3,15,3135,18,198875,213,15,170,7,29,107.62409196247847,F,Minor,41.20136117812077,56.70764958191934,39.03770340589088,44.659395535219694,27.0521280437946,48.02740806620371,13.922940153736391,2003-03-15,1
Numb Little Bug,Em Beihold,2,2018,10,5,882,6,164616,11,6,193,0,13,96.4296506772783,G#,Minor,46.00719427671629,45.70354555173811,51.71152103184474,57.42615923528762,23.023169568607837,33.53246591564413,12.128794303169514,2018-10-05,1
AM Remix,"J Balvin, Nio Garcia, Bad Bunny",4,2016,11,4,1621,11,146044,76,11,189,3,9,97.26401432308212,F#,Minor,53.23937954442542,55.54771362556433,53.57743811263256,47.86711906048435,46.28148256416269,50.79748758670426,12.999139973164093,2016-11-04,1
Smoking on my Ex Pack,SZA,3,2005,6,21,128,0,13602,91,11,16,7,12,103.00428883298464,G#,Major,43.64025919799994,52.990277856138256,58.738095395025006,58.6599478057102,41.63308958425445,59.854264581213954,14.343986502767171,2005-06-21,0
HEARTBREAK ANNIVERSARY,Giveon,1,2015,11,4,2159,15,119204,297,10,163,8,38,138.70179079451864,Unknown,Major,86.49759877445811,76.58720605032113,78.07510211941737,24.147166706033868,7.296998330864253,15.037332701764722,20.704408541896683,2015-11-04,0
Down Under (feat. Colin Hay),"Luude, Colin Hay",5,2004,2,22,3483,4,19715,127,7,162,9,10,131.37200580565366,B,Minor,79.66905002875606,62.135270805386575,84.09324298968681,13.229335629244886,7.136701714515895,13.591090030386214,25.30013541003285,2004-02-22,1
I Was Never There,"The Weeknd, Gesaffelstein",5,2021,8,10,2769,13,102036,29,13,128,2,33,92.6472805588718,A#,Major,55.52077602975863,53.78144490097475,58.5011338143883,48.571220971373535,45.04504790872842,39.03424231633714,14.911019330893778,2021-08-10,0
City of Gods,"Kanye West, Alicia Keys, Fivio Foreign",3,2001,7,17,1862,19,85097,149,8,62,3,3,91.59887489677897,G#,Minor,59.82389828299101,55.54286996979408,53.83440405747119,40.43415300935379,36.84082654363176,31.39847661667096,9.96514858314034,2001-07-17,1
Que Vuelvas,"Carin Leon, Grupo Frontera",1,1994,1,30,4969,0,71561,148,3,50,2,41,140.5083804961481,A#,Major,94.65664313475068,76.35976181905113,78.87852470634695,18.56284842607185,6.420171901306324,7.769710709151797,28.086434996829222,1994-01-30,0
Snooze,SZA,4,2000,6,24,2211,0,163966,159,11,96,1,7,92.8465512090406,F,Major,57.887638487375256,47.1828482654359,41.2477601811172,61.36683252352129,36.44545139885214,40.94324729547824,6.548383233316506,2000-06-24,0
Before You Go,Lewis Capaldi,3,1996,5,20,2092,15,66017,44,2,157,6,37,105.72939330822403,D#,Major,56.655917239552224,47.4758014660099,32.822854368257985,45.13933485233312,36.42015370384435,59.7548647767152,6.073015211566148,1996-05-20,0
Heather,Conan Gray,2,2019,1,1,947,11,131936,41,7,33,3,21,94.84061795408417,F,Major,57.72618875600839,48.67884936534288,30.356779940126472,69.86933635947187,24.93768594740936,41.03483481003833,7.879434578706776,2019-01-01,0
Forever,Labrinth,1,1994,2,5,1569,10,31531,57,11,49,4,41,130.6063665088685,E,Minor,79.71646386736879,79.79373940808911,75.34543489984866,6.307662895078465,8.54442193703106,13.861605890946018,18.196969448738155,1994-02-05,1
Agosto,Bad Bunny,4,2017,11,2,3866,12,51016,139,8,125,4,23,107.55397884620872,C#,Minor,55.154365701282096,56.407806863447504,50.04739218940759,46.71606506213459,30.849923301297157,46.00380365036269,8.721559593506356,2017-11-02,1
Lost in the Fire,"The Weeknd, Gesaffelstein",2,2017,10,5,3023,2,46986,177,0,11,9,23,135.40520553600504,D,Major,94.42215182132648,77.96179935356656,80.05586134281174,5.3714697777109,0.8050010913820882,8.046156453639368,15.050406123840895,2017-10-05,0
"Angel Pt 1 (feat. Jimin of BTS, JVKE & Muni Long)","Kodak Black, NLE Choppa, Muni Long, JVKE, Jimin",4,2022,2,21,3375,0,196143,164,5,6,9,35,139.93913822863155,A#,Minor,77.80465905867003,78.83238793513851,84.23049289570106,22.91902674289928,7.788052878157198,17.673534290046987,23.740606942093315,2022-02-21,1
Need To Know,Doja Cat,3,1998,7,8,4160,15,182644,96,8,101,8,22,92.66904837103188,C#,Major,48.47964090577308,43.95792826687636,46.03755287575793,53.005612355300265,28.28856604955516,46.26142003256191,10.77261809926054,1998-07-08,0
La Llevo Al Cielo (Ft. ï¿½ï¿½engo F,"Nengo Flow, Anuel Aa, Chris Jedi, Chencho Corleone",4,2006,2,13,3884,4,3023,79,17,105,3,42,148.05753835164285,A,Minor,85.03383217547086,73.65196339197813,71.33660332866971,20.43443181558056,6.753201416291658,17.14027342190401,16.1273674111131,2006-02-13,1
All of Me,John Legend,3,1963,2,25,3826,7,150129,162,6,177,3,0,148.91311136308587,G#,Major,88.97289370313702,67.69543103199483,70.62037923047977,16.926751185514078,0.765587867897366,8.06353339139815,25.231415706134637,1963-02-25,0
Escapism.,"RAYE, 070 Shake",5,2010,11,30,528,16,185470,280,13,72,8,4,103.56071007862644,D,Major,40.5373110379144,48.3709449573106,54.09600882917992,45.178369426059405,39.760208088961086,59.10141953171595,14.726685827614078,2010-11-30,0
Under The Influence,Chris Brown,4,2019,3,13,3115,11,107068,15,5,9,2,6,102.9322914455654,A,Minor,47.06915837768803,57.87815039676488,57.93012594287556,55.51217364303567,39.77202146199429,36.49907752277382,7.918281202483481,2019-03-13,1
Sigue,"Ed Sheeran, J Balvin",4,2002,9,22,1271,0,149815,170,18,195,9,37,103.7070661014189,G,Major,50.05266210655399,46.60909308131739,30.154970207110285,60.81201855509177,30.597023514825693,53.29673000721263,14.673445660929309,2002-09-22,0
Ditto,NewJeans,4,2022,10,11,2930,8,172531,257,4,20,5,40,96.450750225982,F#,Minor,47.35078753531546,44.262997040597774,58.75288966539802,53.13283484694695,33.97420938430863,56.62945796294749,13.807176481857166,2022-10-11,1
Formula,Labrinth,4,2012,2,17,595,5,64295,272,12,41,7,40,133.35429326212835,B,Major,91.2386473376333,75.89935095627749,77.06246470161355,22.211272342392835,1.7156415574564898,8.34824842559108,20.16626633663758,2012-02-17,0
Master of Puppets (Remastered),Metallica,4,1971,10,2,562,10,54415,81,8,45,6,40,130.6799233831932,E,Minor,82.66515585616808,66.2237401236936,83.50848249367209,12.12505830152005,5.850296826349073,16.20824213982865,24.88572999470837,1971-10-02,1
We Found Love,"Rihanna, Calvin Harris",4,2016,8,10,4499,16,29595,270,10,103,2,26,141.1050548526193,C#,Major,82.42543243198828,68.1998321175112,88.96552856232321,24.38242247215126,4.248444929985301,14.617436575824728,28.332086188492475,2016-08-10,0
Sprinter,"Dave, Central Cee",1,1956,12,25,4512,13,10334,113,12,136,3,5,108.4054454531059,C#,Major,42.44804087708344,48.68784143464028,53.25964945555778,47.91837388228128,48.24592509667682,58.19296034262023,8.04841434105135,1956-12-25,0
BESO,"Rauw Alejandro, ROSALï¿½",5,1996,12,22,2972,13,37710,56,3,120,4,12,147.32055856092404,F,Minor,75.0151217428766,66.05574374818987,75.04239189457712,17.91721725549563,2.3484824205332213,6.109759245570204,15.180968034757951,1996-12-22,1
People Pt.2 (feat. IU),"IU, Agust D",3,2017,5,4,3143,3,61101,78,15,31,9,42,95.83687455745086,G,Minor,40.05790777184867,43.94299642524612,35.159630275930944,67.13447743480609,48.09660520351153,30.216075666470555,12.61331821572148,2017-05-04,1
Sweet Child O' Mine,Guns N' Roses,3,2004,9,15,1300,9,60190,179,4,39,0,33,102.03423659671044,F#,Major,43.35008855711349,54.513960644974574,46.73786190449796,47.40144785858961,28.201932706241653,58.23072736586288,5.237889333933612,2004-09-15,0
House Of Memories,Panic! At The Disco,4,2002,8,3,1452,19,172062,220,11,71,4,36,99.58475960253418,B,Minor,59.114035318400525,55.09801613604185,50.0229085138595,67.0079928910281,45.66848203217934,54.088117660524986,14.513922217321031,2002-08-03,1
LOKERA,"Brray, Rauw Alejandro, Lyanno",1,2014,5,1,334,3,16019,280,8,20,8,6,148.5927744612457,B,Minor,80.24265633874639,71.63827516528102,74.73455640168933,7.579574178866723,9.925095422736243,16.858867857754962,21.52299706835312,2014-05-01,1
"Kesariya (From ""Brahmastra"")","Pritam, Arijit Singh, Amitabh Bhattacharya",5,2022,7,21,2405,10,4928,151,19,106,7,36,137.83345298059228,Unknown,Major,94.46160393139712,67.76998397950999,83.75844031457642,21.20013482038089,0.2887407319306212,14.467199612175698,22.373525362050813,2022-07-21,0
Running Up That Hill (A Deal With God),Kate Bush,1,2022,11,2,3846,9,177167,271,4,131,7,43,92.76758103177345,A#,Minor,58.24168740110312,45.88890093777414,48.43559052714624,47.47081187595013,32.32477087599522,45.87695265930407,9.1837778627,2022-11-02,1
You Right,"Doja Cat, The Weeknd",2,1989,10,15,2682,5,194670,276,8,7,1,5,94.02231469832918,G#,Major,49.07750548760151,48.16155660487161,32.18980550283202,64.5100763090436,36.42340860979135,55.31195318018987,5.813668937303951,1989-10-15,0
Agosto,Bad Bunny,3,2014,7,11,4153,9,35130,290,5,131,6,17,148.60937581474008,C#,Minor,78.14697383882336,75.65361890065626,72.67668108194951,20.978315098408764,3.0946131159495147,16.450367891194936,19.29327918150761,2014-07-11,1
Shut up My Moms Calling,Hotel Ugly,5,2001,7,12,871,3,24548,135,13,54,8,34,99.20481051987213,A,Minor,53.29895637980836,43.92072159053618,42.45301150523844,42.61283665416366,36.10167252028224,56.69832540034548,13.171680972804124,2001-07-12,1
Let Me Down Slowly,Alec Benjamin,1,2021,7,31,2411,6,24867,65,11,26,5,31,95.83615451334208,C#,Minor,53.62836514599832,42.86700519385575,33.15014039832254,49.631072148615566,41.66744598438429,31.54461772431001,14.164947579472088,2021-07-31,1
The Color Violet,Tory Lanez,5,2011,5,22,3822,10,174840,261,4,114,2,3,141.79920847867578,F#,Minor,84.94809412131306,78.32286508770508,78.48278723748264,10.762900408099142,2.552366994004951,14.75267983303125,22.938796190516648,2011-05-22,1
Gone Girl,SZA,5,2010,9,18,2631,18,51276,77,16,50,2,11,136.17260019530238,F,Major,92.28905482005908,71.1425050496898,73.35522703416126,17.491237849870373,0.1552243148240517,5.353395962212181,27.998945036408536,2010-09-18,0
F2F,SZA,3,2017,5,2,3426,2,93420,81,4,114,5,2,92.8095454127792,D,Major,54.99013542692016,53.70391483707924,30.707313085121925,61.58986958793536,21.51184266218086,48.2443781612838,6.5563240162960925,2017-05-02,0
PERO Tï¿,"Karol G, Quevedo",3,2009,11,19,3551,15,178075,228,14,164,1,10,93.6512301194473,F#,Major,58.37654963253612,59.86559500289824,43.27315113620413,60.912285705919146,32.726533280320595,53.8735609358893,11.130324010925548,2009-11-19,0
MORE,j-hope,3,1978,3,11,4219,3,6721,192,10,49,2,30,109.04728824884408,D,Major,47.30657107915365,48.914562759855706,53.98608308491285,43.426239254432,34.64839686069126,34.238385535216224,14.796524583782103,1978-03-11,0
Sem Alianï¿½ï¿½a no ,"MC Xenon, Os Gemeos da Putaria",1,2020,11,21,4170,18,105607,190,10,14,5,43,94.81040974277389,C#,Major,51.6681542071932,50.06490322137509,37.87263320418381,48.60121921422278,24.65437147009029,38.87610176321552,14.837356172867294,2020-11-21,0
cardigan,Taylor Swift,1,2018,3,27,2412,3,61380,181,9,140,7,24,102.9267270234605,Unknown,Minor,48.75143335415864,59.97592109939468,40.53216212263989,66.82121546773512,26.390515240454764,39.4031961311842,8.12540977650265,2018-03-27,1
PRC,"Natanael Cano, Peso Pluma",3,2005,10,31,107,16,26947,105,6,123,1,48,101.70650896846936,G,Minor,59.70423079116275,54.97185063083121,51.99388436345643,51.66863001436014,30.56316260380973,53.42294232831215,8.318671321551381,2005-10-31,1
Tak Ingin Usai,Keisya Levronka,1,2004,11,29,3760,3,195189,155,6,80,5,34,134.215768699921,Unknown,Major,80.638143968372,64.56569891539434,71.43920107716518,11.496229697918883,2.299783127941455,11.888188490729483,23.54181136848736,2004-11-29,0
I Hate U,SZA,2,2001,12,19,1227,17,143620,283,1,12,3,39,149.6020618778623,G,Minor,82.76920368196697,74.66648558953507,79.53675665386041,6.377673612565856,8.71513325271889,18.84105521295709,26.491567506053197,2001-12-19,1
When I R.I.P.,Labrinth,5,2021,6,30,4612,14,94242,24,13,165,6,20,140.6191157041515,G#,Minor,94.78077912024746,75.98128078053395,73.40410763362105,7.447311297744341,4.825903517864352,6.235783713927169,20.681447492679403,2021-06-30,1
En Paris,"El Chachito, Junior H",4,2007,2,19,2987,12,95773,129,7,53,2,40,93.31369740928174,D#,Minor,40.06551318226573,52.33177352625607,42.89918268739584,67.6910682847075,46.34175536261553,33.930677233187524,6.988255925036694,2007-02-19,1
family ties (with Kendrick Lamar),"Kendrick Lamar, Baby Keem",2,2004,3,4,2578,5,195169,268,17,12,7,31,105.53445110164458,C#,Major,43.86998320377659,56.334622804473085,45.06993300839344,62.37504079399798,28.007178253471523,34.635127710410686,14.107336322338082,2004-03-04,0
Nobody Gets Me,SZA,2,2016,8,1,1227,16,176220,87,8,168,1,17,138.66951396689453,G,Major,93.88798151684716,72.24255531763583,87.64745568461802,5.1883915972658805,4.851140067347066,13.96045939143511,18.754849458612792,2016-08-01,0
Gatita,Bellakath,1,2012,4,27,1162,13,102774,193,9,189,8,1,144.1207302443769,G,Major,79.65099838360409,62.30879108200104,83.36382913047879,17.06368491203742,6.007968256495582,9.479819871741816,25.170195752478985,2012-04-27,0
WAIT FOR U (feat. Drake & Tems),"Drake, Future, Tems",1,2012,11,9,4218,7,140043,226,16,191,0,14,109.15672604594084,C#,Major,53.29010009042679,44.98585979868,53.34981887020693,54.08907688671455,47.38612508772866,52.82046368403097,13.716754222668214,2012-11-09,0
Falling,Harry Styles,1,2013,9,28,3734,17,86331,61,7,101,6,34,100.13112091130708,E,Major,48.747942961520856,45.09905443039787,49.88412562223478,69.11550950399459,28.463970782760185,57.63020999255681,9.390318765049406,2013-09-28,0
Broke Boys,"Drake, 21 Savage",5,2018,4,20,3226,14,58416,132,13,198,3,24,149.87353136113333,D,Major,78.09365752382146,72.93788321498613,81.40907203243002,6.072238803586576,7.798313139750309,6.09771109110058,21.479013070948803,2018-04-20,0
All My Life (feat. J. Cole),"J. Cole, Lil Durk",5,2013,11,26,3965,16,22129,200,4,36,9,31,96.2775669531692,D#,Major,42.77971731171084,52.17627840522505,41.97747845379743,42.01194335455325,34.436510613448114,40.79157166377748,10.283749348672938,2013-11-26,0
Good Days,SZA,1,2014,11,6,1127,14,162200,100,12,42,1,11,104.97008827303723,C#,Minor,58.3169349906278,48.04061283867688,57.52528308260448,67.59368134072521,36.610791066976574,36.04071103388055,10.800159698253491,2014-11-06,1
Mastermind,Taylor Swift,1,2002,2,15,2710,12,19423,161,12,181,2,38,146.47103344889325,E,Major,91.13106917744892,74.23470247164032,86.70031613114226,6.246998494259943,0.1093709342263715,18.666946733304293,22.203198475600445,2002-02-15,0
PUFFIN ON ZOOTIEZ,Future,4,2011,9,18,4765,0,163551,113,0,21,4,12,139.28832940156252,G#,Major,89.37180090401287,78.50913035291629,88.408725674903,10.16223576189024,9.91921612730106,10.754831853907262,21.84378563704811,2011-09-18,0
I Ain't Worried,OneRepublic,5,1962,9,29,1449,18,127438,22,14,38,6,22,145.97274822510664,Unknown,Major,77.216644642721,62.75857331181444,82.8427901965538,11.827056310117378,6.232846737666953,19.12395409838596,20.55887526823054,1962-09-29,0
Vista Al Mar,Quevedo,1,2012,1,27,3163,4,95737,212,13,30,3,23,105.36146746257708,Unknown,Minor,56.451395997352485,55.53760197350034,38.05140000807375,58.270271591332666,35.538331334051,55.65310394205276,9.245046505309164,2012-01-27,1
I Know - PR1SVX Edit,"Kanii, PR1ISVX",1,2020,5,10,4567,4,173995,249,18,65,6,40,132.51418048985363,B,Minor,94.07914050415386,61.16241393313491,88.14025121045448,5.467587585878768,8.36674631096971,8.959022080137595,17.985121334913458,2020-05-10,1
If We Ever Broke Up,Mae Stephens,2,2022,5,15,1177,10,168205,103,17,112,3,3,140.61562788367584,G,Major,80.10255512826548,71.77671294594202,89.66522440409655,6.739505097174381,3.428552980577212,7.048988059823362,27.688475576112143,2022-05-15,0
Shake It Off,Taylor Swift,5,2003,3,12,739,4,13667,145,4,164,1,8,146.51552262732514,G,Major,77.7446232956031,61.45057543491187,81.99485848511056,19.25830219171864,8.664533282095984,14.03741736476282,21.87905135961096,2003-03-12,0
Igualito a Mi Apï¿,"Fuerza Regida, Peso Pluma",3,2015,11,23,4175,6,13547,117,6,198,0,19,108.49567113328186,E,Minor,59.768428534085885,52.06870369076118,51.09132243628636,43.08431197117386,40.888320196209975,31.3449729477325,11.75852189902539,2015-11-23,1
S91,Karol G,4,2004,2,24,2154,11,95189,77,4,57,0,37,102.1796761136907,Unknown,Minor,54.385332282740976,48.47740476586994,47.97572954315606,58.78954666102079,44.78879574108825,52.23301119208638,5.146254822871391,2004-02-24,1
you broke me first,Tate McRae,3,2008,11,24,3041,1,51641,226,1,21,0,34,108.58562514064133,E,Major,53.37647932625489,54.92593496381968,56.3464683269171,67.13856159219546,31.378750438143733,48.67062980572668,9.59200647314155,2008-11-24,0
Hold Me Closer,"Elton John, Britney Spears",3,1983,3,28,1917,4,73915,140,2,127,5,41,105.9055312454164,Unknown,Major,49.258748185855,52.73410256220876,39.83268200852224,66.0623664797488,38.56482843198425,44.13251648761703,13.92810469910324,1983-03-28,0
Snow On The Beach (feat. More Lana Del Rey),"Lana Del Rey, Taylor Swift",4,2012,4,1,2948,10,5508,14,1,138,6,26,148.5290488655573,F#,Minor,89.98277718402834,71.44051527276325,83.10114300696732,12.650449341581076,4.326420394932928,9.434514806643524,20.08440463548454,2012-04-01,1
QUEMA,"Sog, Ryan Castro, Peso Pluma",2,2019,8,3,2049,11,97467,111,7,59,4,17,145.60090699457095,Unknown,Major,78.74652694542586,79.1907832411379,79.93576544029634,20.32839132083698,5.623889214688047,16.13631038694188,23.747047815103976,2019-08-03,0
What Else Can I Do?,"Stephanie Beatriz, Diane Guerrero",1,2001,6,9,3611,1,121406,294,16,32,7,11,104.5109566931005,E,Major,53.11875267389501,51.80714717546894,56.8372231051661,58.359217489057926,28.93791452874897,41.21304172412336,5.83224979761494,2001-06-09,0
Sure Thing,Miguel,2,2022,8,11,3737,17,155572,232,15,188,8,41,143.81357628634848,B,Minor,85.60966972698688,62.70024401327137,84.54435145901354,18.343071701777323,2.0843807834516195,6.4510789439013205,19.90162288444272,2022-08-11,1
Shake It Off,Taylor Swift,5,2022,11,10,3231,8,163436,42,19,191,4,37,132.54725770649128,G,Major,75.90864910466486,60.67073316397706,86.89640081685882,7.48552675572234,9.836215493151084,12.959683115071403,15.760326706220033,2022-11-10,0
Dreamers [Music from the FIFA World Cup Qatar 2022 Official Soundtrack],"BTS, Jung Kook, FIFA Sound",1,2000,7,22,2468,12,198585,16,18,60,4,6,107.17071868751714,Unknown,Major,47.79691617134149,58.13977938783189,47.511384590200265,52.61712697079716,33.547779786621646,35.13827472515602,9.58753000733882,2000-07-22,0
Set Fire to the Rain,Adele,4,1979,12,30,3078,0,8551,299,15,7,0,10,136.15685472597193,D,Minor,81.61140262924447,69.6999220138785,79.05453231232826,13.568960461815196,9.144140595867311,9.67707592827792,17.791106257605357,1979-12-30,1
Hati-Hati di Jalan,Tulus,4,2022,2,9,3238,18,112325,135,2,45,8,15,132.5422204322953,F#,Major,94.6704788248842,62.5184524443471,72.29322630159696,13.54266054905408,8.964771217934802,7.397396471918545,18.298913144795737,2022-02-09,0
La Bebe,Yng Lvcas,5,2020,7,23,2273,8,103345,88,4,16,5,49,140.0920631336012,D,Minor,85.08504678971643,73.3313897022768,84.0064075090966,21.19539305599371,8.71913538776862,15.928445727232075,27.31131142060676,2020-07-23,1
Where Are You Now,"Lost Frequencies, Calum Scott",5,1988,3,29,4696,2,32155,104,13,133,6,29,149.7028695322301,F#,Minor,85.8731422267014,61.85214984361104,86.98479839152452,19.577645348269623,5.656443368302843,14.109467475735718,19.37191045463173,1988-03-29,1
Talking To The Moon,Bruno Mars,1,2002,1,10,1363,2,178086,191,2,99,1,26,107.58652316620012,C#,Minor,47.5402453887409,56.04498220070265,32.66120460999739,59.60869422005096,26.75325703747457,53.85372368223533,13.848325822135685,2002-01-10,1
Rich Spirit,Kendrick Lamar,4,1996,2,8,4073,4,20905,119,12,98,3,16,132.06530119366747,A#,Minor,85.26512083323884,71.48337602173879,75.15857706000952,15.669398763094932,0.626262156354046,17.297262029733915,18.440662880693026,1996-02-08,1
En La De Ella,"Feid, Sech, Jhayco",5,2009,11,10,2306,19,84501,260,5,39,3,42,97.68905901231464,C#,Major,58.24228158211281,46.05656123291661,58.483694844758205,48.11661697476541,26.716076615045537,31.24641200992104,6.441203614277854,2009-11-10,0
Die For You - Remix,"Ariana Grande, The Weeknd",1,2012,5,30,2854,8,196471,146,5,155,4,16,92.57271279753064,C#,Minor,54.43797831209298,58.85896281137666,43.51545379455244,68.54393703382283,31.53256986704086,59.10044986862404,9.982094941834792,2012-05-30,1
Lost,Frank Ocean,1,2009,7,15,1618,10,71163,51,1,121,0,45,106.33669253174232,A#,Minor,55.86140492462499,49.48829965929684,34.86906187344826,53.65093871149189,47.35118238770301,35.4828326443321,12.61930394353059,2009-07-15,1
We Found Love,"Rihanna, Calvin Harris",3,2018,10,5,2870,8,83770,243,11,73,6,7,90.00046678412548,C#,Major,45.32916272537496,55.18699597807922,50.45957750068208,42.11126133152186,23.639784228618822,50.73021308530917,6.644380527733521,2018-10-05,0
Typa Girl,BLACKPINK,4,2007,11,6,4011,13,79110,247,10,12,3,33,146.6574849315674,G,Major,81.33821948229982,71.4751755571337,71.82162485649287,24.249090086772952,0.0085136936158403,11.210776568615644,25.08952568244768,2007-11-06,0
After Dark,Mr.Kitty,4,2018,5,29,3210,4,55039,98,11,144,9,2,146.20611438565112,G#,Major,84.47875995865708,67.02150714298432,79.16705823907355,17.702044259313595,6.00597895877894,10.236131931236656,20.07079561676196,2018-05-29,0
Superhero (Heroes & Villains) [with Future & Chris Brown],"Future, Chris Brown, Metro Boomin",2,2014,1,5,4143,19,5249,143,11,14,3,28,109.07606434214124,F,Minor,54.978482891233575,59.57128428081795,54.59880503361526,48.21869930316932,24.25363958039319,33.36019120962918,8.675631934347663,2014-01-05,1
Unholy (feat. Kim Petras),"Sam Smith, Kim Petras",5,2018,2,11,3699,19,32336,280,0,11,3,49,109.60060474289187,D,Major,59.70333454102007,51.65868805721564,33.810581525105974,47.24240496152871,34.81521400581242,35.18219321283101,14.960165368606836,2018-02-11,0
Karma (feat. Ice Spice),"Taylor Swift, Ice Spice",5,2015,1,9,836,13,174319,295,5,103,5,26,134.23008349356618,G#,Major,86.67182697389705,78.5578077144521,80.60088135358112,17.34554854164762,5.184584419995474,15.020644017309165,22.574299496969758,2015-01-09,0
Vista Al Mar,Quevedo,5,2015,6,4,1699,9,107137,141,17,179,2,43,140.72166108989325,Unknown,Minor,92.21114334309652,71.28664764905915,70.34109930572929,9.610679618493643,2.7073750402622467,7.852993165151822,16.764236088830938,2015-06-04,1
Nail Tech,Jack Harlow,2,2002,6,17,2811,19,25729,28,0,138,5,38,148.93625332949722,E,Minor,93.53179151022212,65.60727236116551,87.23087637481527,12.540353344836344,3.328849631609301,14.086689324384768,21.17149226506055,2002-06-17,1
Superhero (Heroes & Villains) [with Future & Chris Brown],"Future, Chris Brown, Metro Boomin",5,2021,7,2,319,1,176354,38,14,131,2,7,100.6422045411248,F,Minor,54.3376020999136,51.01560962847359,37.0343694029144,69.56649025084036,46.80141030795488,45.22429068599119,11.074486272995763,2021-07-02,1
Maroon,Taylor Swift,1,2005,3,12,3896,4,3689,106,18,88,5,49,106.21280002585,G,Major,54.8869919740276,55.89190226381014,48.34443631090174,67.8574379006897,33.692501690414964,57.851868572502624,12.471840738501506,2005-03-12,0
Lost in the Fire,"The Weeknd, Gesaffelstein",5,2013,1,23,532,16,168151,31,2,78,4,5,106.92440557314504,D,Major,40.34651399671007,47.94497821807993,43.68876678076964,62.206862529035725,49.30408178048052,33.45840129081637,9.850229848939607,2013-01-23,0
Mas Rica Que Ayer,"Mambo Kingz, DJ Luian, Anuel Aa",3,2020,3,7,3317,14,151053,14,7,75,9,20,94.42378484571095,B,Major,43.39296152916332,52.45949352656118,55.38022933679144,52.48798668241736,47.79169364805946,55.20880216518825,10.823743480996391,2020-03-07,0
Excuses,"Intense, AP Dhillon, Gurinder Gill",3,1992,6,6,3968,3,186516,191,9,164,1,21,136.06152085974776,F,Minor,87.29188424264278,68.48838744507353,77.37069526939901,22.204529673606885,9.621474194683232,8.829822961635733,27.216654658320007,1992-06-06,1
Fim de Semana no Rio,teto,3,2008,12,30,3018,14,30118,27,7,186,2,44,135.0775671849058,C#,Minor,85.71092531738653,73.44733325890864,75.54419330607232,7.518624313496874,0.9699519164517768,14.288620724175294,29.8880226546463,2008-12-30,1
Me Arrepentï¿,"Ak4:20, Cris Mj, Pailita",3,2021,8,24,2490,8,155575,155,6,101,4,10,149.39783654811697,Unknown,Major,90.68452144513164,61.01768060345634,80.18153246024644,14.106040355017097,6.262984944912454,12.205326598102914,27.125607626,2021-08-24,0
Falling,Harry Styles,4,2018,9,23,1665,19,61400,131,18,24,1,0,103.75263123137933,E,Major,56.79182750887213,53.9132918303494,36.141678109958086,57.00522620035324,29.74798514212592,30.162993996432657,10.963028721475734,2018-09-23,0
When I Was Your Man,Bruno Mars,2,1977,11,29,1495,7,74501,34,13,72,6,5,102.37617158944546,Unknown,Major,45.39161272777669,50.767740370972575,46.63740059821417,47.09015848999464,38.18515353145956,37.2483681031494,10.34926865211689,1977-11-29,0
ALIEN SUPERSTAR,Beyoncï¿,3,2018,6,21,623,18,2510,150,5,80,0,19,131.34994080337583,A#,Minor,77.4617688364105,64.32881086223992,84.58729044681154,16.292267611059792,5.5198828045926485,16.181671807813593,26.839580757993097,2018-06-21,1
Enchanted,Taylor Swift,1,2022,11,11,2167,0,70348,235,19,64,8,34,148.33112169588216,G#,Major,79.78465820551918,62.53867457465669,83.19491475193912,20.052528446883137,7.544965802565735,16.730121709551874,17.56621736755761,2022-11-11,0
Kiss Me More (feat. SZA),"SZA, Doja Cat",5,2001,4,18,1840,13,148621,40,15,177,9,26,139.40529106534882,G#,Major,78.51753488585884,71.5738143777775,89.71389902976233,10.15285687867311,0.1683556066044422,13.54485496989258,28.94383039303476,2001-04-18,0
In Da Club,50 Cent,3,2002,1,18,3938,2,112578,112,8,34,2,44,103.98675836265242,F#,Minor,55.96053888298534,42.01668446905303,46.43547118967333,45.80342444509202,42.50587232028919,37.89277639394163,9.833408280523802,2002-01-18,1
Last Last,Burna Boy,5,2003,11,29,1249,6,112813,71,14,146,4,19,139.2401453670862,D#,Minor,78.98408940135874,61.562155027255216,88.04737612747329,13.108206761375168,8.702195445652697,12.494353703403997,21.42038250709617,2003-11-29,1
Merry Christmas,"Ed Sheeran, Elton John",1,1971,9,8,2413,3,183851,142,10,135,3,34,94.1998801642032,Unknown,Major,50.65607135893242,42.463748778489766,52.55634099257399,51.13533512203461,24.47513955302788,50.38051083236935,10.97422316682202,1971-09-08,0
Lift Me Up - From Black Panther: Wakanda Forever - Music From and Inspired By,Rihanna,1,2005,2,11,1465,17,108859,24,4,19,3,37,149.60523403923764,A,Major,76.83536680434754,62.12337121170313,72.97425510064468,21.91622249413466,6.744413691746825,17.967671859236248,17.851073510606252,2005-02-11,0
AM Remix,"J Balvin, Nio Garcia, Bad Bunny",2,2004,5,9,1337,15,91925,65,1,23,6,23,134.29455669941655,F#,Minor,92.221122659099,67.30171294277729,83.92203623673582,12.444922823663706,3.065015002444161,14.628582448146362,28.467329838105226,2004-05-09,1
(It Goes Like) Nanana - Edit,Peggy Gou,1,1996,4,19,3006,10,171345,89,5,82,4,26,96.41910916175564,G,Minor,58.443653818405416,51.79315147108122,50.65216966557638,65.12177467757436,42.02517458125956,41.82166220132015,13.724894207934025,1996-04-19,1
vampire,Olivia Rodrigo,3,1969,7,13,3054,1,121272,199,9,38,9,24,92.7450224725123,F,Major,47.20869279329213,46.90319230184774,42.545940903482965,66.64000860919012,43.18064014786175,44.91785674602169,6.546396914057231,1969-07-13,0
Pantysito,"Feid, Alejo, Robi",1,1961,2,25,4088,5,174066,174,10,140,9,24,90.06855663602437,G,Minor,51.38105417178807,59.55669239910797,54.02263721562935,60.04072570047798,44.36076104895642,50.4660455802248,8.754606599414512,1961-02-25,1
Con La Brisa,"Ludwig Goransson, Foudeqush",2,2002,11,19,4619,8,183856,192,9,131,1,0,108.7033226633316,D,Minor,57.06100972486955,53.36488528322832,48.90229337241587,52.21173209435776,41.95477179109274,37.99520225929137,14.992292756660303,2002-11-19,1
TO THE MOON,Jnr Choi,3,2015,2,2,759,1,134898,204,1,113,3,15,140.88161680839954,D,Major,90.35725281438168,60.39911723781479,73.01726202709676,24.429204630457743,2.520757295803944,15.817144163453392,20.74191160433507,2015-02-02,0
SLOW DANCING IN THE DARK,Joji,1,2015,9,29,2509,14,71360,48,6,49,4,5,140.17450887894964,D#,Major,84.5666380722701,62.591435890783096,76.31081072006234,16.01434976898483,5.058143713736807,13.197803562262123,18.207373414948293,2015-09-29,0
Forgot About Dre,"Eminem, Dr. Dre",2,2001,12,7,190,3,189699,260,16,143,3,36,90.88627248227556,G#,Major,57.8145510565845,44.74661136040088,47.65031777238814,55.04433518540991,36.07979832830117,47.46265743138515,13.201811465177617,2001-12-07,0
The Hills,The Weeknd,1,1986,11,25,1767,17,71160,37,0,168,1,42,107.61330571555769,Unknown,Minor,48.57834357795487,50.389314756339694,52.833906621100205,59.69838718457256,44.6702054491068,35.36674402671692,9.00923242228676,1986-11-25,1
XQ Te Pones Asï¿,"Yandel, Feid",4,1998,9,9,4882,0,173792,76,18,80,9,47,108.7648483114755,A#,Major,40.94414625785711,40.91250071376061,47.70229319906521,59.90307018365934,39.26499686419714,35.753894327666835,6.347421476554862,1998-09-09,0
This Love (Taylorï¿½ï¿½ï¿½s Ve,Taylor Swift,1,2009,3,23,2842,5,128460,148,1,182,5,40,130.15641403804523,E,Major,81.12182369535464,76.47523591863838,83.1412994010598,14.056075289070185,2.3097220482841485,14.691978646474464,28.67700996271981,2009-03-23,0
Seek & Destroy,SZA,2,2011,2,25,619,14,37622,296,12,71,3,41,139.55735103658532,C#,Major,82.09997182016558,62.57262240005433,76.48371137393848,22.830898311874414,9.852141476619424,13.733985779108863,15.606536677313766,2011-02-25,0
Good Days,SZA,2,2012,10,9,4956,4,178482,257,6,189,9,2,139.39554147529168,C#,Minor,75.07151932989557,71.0832359920372,70.16775937238022,12.535963940151184,8.484241678143096,15.049016100041898,29.84769741403409,2012-10-09,1
Monï¿½ï¿½y so,YEAT,2,2021,12,10,388,13,181957,150,8,101,9,21,91.9918522279224,D,Major,53.14532821041826,41.525383676713005,54.89089698555279,44.178698328064,36.74315748739872,31.58787922179668,7.780828205653549,2021-12-10,0
BackOutsideBoyz,Drake,1,2005,2,20,253,15,186776,111,15,139,0,22,145.57855082168328,F,Minor,94.6067982459532,79.14821586158743,78.39759020371861,5.880930478465918,7.193328051241278,12.48465671555654,21.4089921345836,2005-02-20,1
Toxic,BoyWithUke,4,1957,10,20,2212,19,63593,273,15,113,5,46,145.86329066984334,G#,Minor,85.25908932332831,68.62884897548051,75.29027433632686,9.729615752218317,6.449531313466914,11.645021608738956,17.265250863959892,1957-10-20,1
"Hey, Mickey!",Baby Tate,1,2017,7,4,1454,15,192468,136,9,19,0,49,92.45807587975293,D,Major,51.89673994516132,57.5065570081032,41.392614853129054,53.98605914324155,32.244651888483375,39.68879429113945,7.889881903353382,2017-07-04,0
The Heart Part 5,Kendrick Lamar,4,2000,5,30,4979,8,161319,194,1,49,2,42,102.75063274284491,G#,Minor,41.759604934469095,48.43986108689877,42.62618135131298,42.2639279944438,40.07776783836692,54.95661413203917,11.883222868264486,2000-05-30,1
Somewhere Only We Know,Keane,1,2012,4,5,4564,6,65165,130,0,61,9,31,109.15228600962412,A,Major,45.09602286229556,49.4656782957366,50.6728949832989,63.644908592365226,29.485283185090445,42.171809993084906,13.821758006851338,2012-04-05,0
Mary On A Cross,Ghost,3,2009,2,18,1427,6,34147,162,4,142,8,0,97.26165538891856,B,Major,48.325592040362366,49.99093495716335,58.95515736451069,66.15857565442208,27.909493560626853,40.68892699346821,7.160962801275309,2009-02-18,0
Save Your Tears (with Ariana Grande) (Remix),"Ariana Grande, The Weeknd",1,2018,3,13,2463,10,4863,10,18,55,5,24,142.10508186356455,Unknown,Major,81.9385335697667,72.38406815486196,81.59528293015717,17.16463240624124,4.762702308541533,19.53906852260453,20.94476684934726,2018-03-13,0
Zona De Perigo,Leo Santana,1,2005,4,17,3411,19,88249,44,1,159,0,16,137.60019240496146,F,Major,77.3745488931141,65.28172977366525,70.31559034728606,5.438551373376599,4.43859647152096,9.34735304764027,16.292896000765495,2005-04-17,0
Cool for the Summer,Demi Lovato,4,2010,8,8,4811,5,28243,252,11,182,2,28,92.6919165350048,F,Minor,41.48842072043653,46.28741838548401,43.8649416878457,68.91080258695001,40.00712654122577,32.54674415045626,14.22472764801622,2010-08-08,1
The Astronaut,Jin,5,2001,10,31,4326,1,77175,179,13,133,4,18,148.19857001449716,F,Major,91.38978274386592,73.55742207150922,74.47425377344413,17.0387953571657,5.23753922007054,16.142795680043967,18.622954926619173,2001-10-31,0
Man Made A Bar (feat. Eric Church),"Morgan Wallen, Eric Church",4,2019,7,8,323,12,179987,143,15,68,4,44,141.94195242636837,E,Major,84.5746298915196,71.65223688257424,81.27024336159835,11.710204887382346,2.563838567045611,10.02640124690592,25.702059112649327,2019-07-08,0
Andrea,"Buscabulla, Bad Bunny",4,2006,12,28,4482,2,140904,47,19,94,5,26,137.71414706652618,C#,Minor,93.25839758036363,71.99520008199282,76.90621044817588,24.57862522750508,1.630389580888183,7.389599474935549,21.204345203296445,2006-12-28,1
SOS,SZA,5,2016,1,10,1386,0,196344,175,14,83,8,23,149.91399272634314,G,Minor,85.8657198906569,67.71283547620762,83.12788987654905,7.713432510352671,5.843476448043406,19.41191257749218,19.243380453568708,2016-01-10,1
Agosto,Bad Bunny,5,2013,5,8,507,17,152277,68,16,159,0,17,101.77180865015586,C#,Minor,47.48094278464587,43.34412048024262,54.836010996589366,47.913519673553694,37.78229010690536,46.97115088495018,12.882528681648283,2013-05-08,1
Quï¿½ï¿½ Ago,"Yuridia, Angela Aguilar",1,2008,8,8,3771,18,118147,233,9,161,8,32,134.5749642066329,B,Major,84.71409363455041,66.12021444236396,88.95719476710616,12.368164903295195,7.327693847206033,18.878240634234796,27.457543812941367,2008-08-08,0
So Good,Halsey,4,2003,11,26,4422,3,175091,153,12,174,6,35,91.3646288422871,D#,Minor,45.90454871241639,44.42864519914495,46.73737568699282,41.46880080474455,39.012700004469465,51.44714516679625,6.574396847356549,2003-11-26,1
Falling,Harry Styles,4,2002,2,14,4101,16,153714,215,7,161,3,23,135.03122696820935,E,Major,76.45418702901843,73.6745737583374,79.4052281625803,17.727970019578898,6.021187458656955,9.30670226169004,20.620573464373056,2002-02-14,0
Sin Seï¿½ï,"Ovy On The Drums, Quevedo",1,1995,3,19,1604,6,116541,64,14,199,0,28,102.96830105666837,B,Minor,42.48932679432558,54.71253507283716,35.90223409769608,53.10218229544773,22.078277827148696,54.57521898419325,12.535064416509355,1995-03-19,1
The Motto,"Tiï¿½ï¿½sto, Ava",5,2019,5,23,4574,6,169133,180,17,148,7,37,142.71187052141235,G,Minor,94.20545382293317,63.59474405629564,76.83083093525896,10.357937177560071,4.915514488769153,10.333749859031968,19.47268739732782,2019-05-23,1
Dua Lipa,Jack Harlow,3,2008,7,19,3818,9,153169,71,11,122,3,13,134.31735946505611,B,Major,94.10023432253745,77.77104559648424,77.1605639819546,8.840887693575832,2.504116592283933,18.28385497006832,15.796750380826245,2008-07-19,0
Way 2 Sexy (with Future & Young Thug),"Drake, Future, Young Thug",3,2001,1,8,1886,3,174732,274,12,80,0,15,145.9672756905938,B,Minor,91.83675975765678,63.89984896441041,74.42966712454059,8.121579938610626,6.929512763487722,14.310180186548042,20.064356409191333,2001-01-08,1
Gato de Noche,"Nengo Flow, Bad Bunny",4,2022,1,15,3568,2,46609,298,19,161,1,0,140.85746529767192,G#,Major,91.53684560595084,72.12255865975776,80.92652559273716,6.755687171418767,8.59786589621324,6.527028071248413,22.71295988035156,2022-01-15,0
this is what falling in love feels like,JVKE,1,2009,12,27,4824,2,149300,186,1,65,7,28,95.91068155253848,B,Major,54.83557989397352,40.2974499901971,39.18475959851747,54.402684420589445,40.18526565010748,47.21890709906383,5.79130870231544,2009-12-27,0
Heather,Conan Gray,3,2022,8,2,1537,0,77134,47,17,179,3,23,98.98496634791348,F,Major,46.27281521718674,42.28358558892941,41.97711644083849,43.03810736233992,48.74662593191738,53.78037214171417,9.573811369845242,2022-08-02,0
Lovers Rock,TV Girl,5,2017,1,6,1728,18,87230,35,5,83,9,29,145.8786511017795,F,Minor,76.57732334907578,75.7633937923843,86.05675020691154,6.486450242148305,8.736148428632951,11.67518873065278,28.030972485065558,2017-01-06,1
Ditto,NewJeans,2,2020,7,7,542,2,43157,172,7,56,1,46,137.01528713466985,F#,Minor,89.45032676195162,67.6107714718743,85.22730883938284,12.809778562445654,3.6859016775470903,18.14803437268298,29.408355866877077,2020-07-07,1
BABY OTAKU,"Fran C, Polima WestCoast, Nickoog Clk, Pablito Pesadilla",1,2012,1,18,910,17,189387,280,15,62,1,33,136.73267871794965,A,Major,87.42922933394313,77.67185662569185,77.1184771177692,21.03427694203624,1.5168138712026558,6.019735597983654,24.51578197137536,2012-01-18,0
Kahani Suno 2.0,Kaifi Khalil,5,2013,3,25,4413,19,180528,152,10,92,4,32,141.78360111460532,B,Major,76.59107958407048,65.05415831447843,77.14514273103265,8.932449579027253,0.8335874165389356,13.853422457676288,17.501113568365717,2013-03-25,0
ULTRA SOLO REMIX,"De La Ghetto, Feid, Polima WestCoast, Paloma Mami, Pailita",1,2018,2,15,4847,16,174609,220,2,164,1,7,95.6852001258312,C#,Major,43.79300175104717,50.78016637805203,32.23923627704739,46.75237787425445,39.283259315811634,44.29389291028028,9.44870512420232,2018-02-15,0
Meet Me At Our Spot,"THE ANXIETY, Willow, Tyler Cole",3,2012,4,3,2002,3,188650,17,9,35,2,35,108.2952666051022,D,Major,47.27691596156019,47.1482198137757,48.6545401720161,62.95349580236674,25.333504462132737,41.4086635307344,5.994072162850083,2012-04-03,0
Santa Tell Me,Ariana Grande,5,2011,6,23,108,9,197214,59,19,100,6,25,99.34387562355494,G,Major,54.85035503769879,40.23658369951724,56.94479070415089,49.50064440224327,34.58860196262371,31.45753309484484,6.377862761397937,2011-06-23,0
BREAK MY SOUL,Beyoncï¿,4,2005,12,12,187,9,97241,74,9,149,6,23,136.38681158093564,C#,Minor,93.14011146008502,73.3963110565533,73.13360456130316,19.166824336196694,3.69750642613889,13.781841229740088,22.757502501875077,2005-12-12,1
Sweet Nothing,Taylor Swift,3,2016,12,5,905,2,138529,129,16,59,0,19,95.41655686701552,Unknown,Major,46.35292457549032,41.19312980227851,57.04094566600151,58.41252923917624,22.80339237428401,39.8280760144482,13.942010187780594,2016-12-05,0
A Holly Jolly Christmas - Single Version,Burl Ives,4,2002,8,4,1726,13,10850,99,2,70,7,13,139.95008388549897,Unknown,Major,76.83222329901314,66.88033381954811,78.24188524305478,12.967532984540105,1.533787661010273,6.009227715115829,22.789762535190818,2002-08-04,0
Chance,Paulo Londra,3,2019,1,25,4580,19,23584,111,13,171,3,34,135.1254447358398,C#,Minor,75.49415826870343,71.11405919345557,82.84993499148419,20.53065108456046,0.5854324303421077,18.74393635926214,16.67329187006144,2019-01-25,1
Dynamite,BTS,4,1960,9,15,4911,2,54863,195,3,86,8,19,109.65618677544654,F#,Minor,50.81702684565379,47.61412561149305,43.77701915055797,42.277183530641366,39.94954488511495,55.800422752959165,7.443868996720102,1960-09-15,1
SloMo,Chanel,1,2003,7,9,752,16,128163,23,7,186,4,45,132.5153759972433,C#,Minor,82.4402714112137,67.73838428568624,75.74785218591393,19.88832608516957,6.158512682584158,16.993096954729275,27.84624221523989,2003-07-09,1
X ï¿½ï¿½LTIMA,"Daddy Yankee, Bad Bunny",5,2007,10,28,4125,3,112744,270,14,118,2,10,104.28330138419574,G,Major,45.58699882356177,54.30921274377486,45.04785035165618,66.67460742407359,41.70213410106346,34.8420110887062,14.395824175315427,2007-10-28,0
Sweet Child O' Mine,Guns N' Roses,3,1972,5,12,4439,1,17110,190,0,179,5,26,132.7017349584753,F#,Major,88.16519441660807,77.41093726412466,87.40696730982947,14.325977282784423,0.7936524516509214,16.52552450299884,28.01172612874533,1972-05-12,0
Lï¿½ï¿½ï¿,Stromae,4,2017,6,1,2175,13,35242,279,1,100,9,5,135.29554692954508,D,Minor,80.16326132020626,66.06742475196927,86.70440413017306,14.336857018114218,5.137666179166949,12.55771115155735,28.88620927303097,2017-06-01,1
Potion (with Dua Lipa & Young Thug),"Calvin Harris, Dua Lipa, Young Thug",1,2002,1,31,89,7,10672,259,10,158,0,7,96.80067202944063,B,Minor,59.77434352973492,41.76798466857246,42.86403778753281,68.83835576181112,26.98150363942209,47.62403800125265,6.753279323899488,2002-01-31,1
Miss You,Southstar,2,1972,11,1,2311,3,175910,85,7,35,4,47,92.8253095343142,A,Major,45.09599112961417,54.039203964995686,51.37504504271631,61.25445239956751,32.73849883223151,42.80233257557255,11.14742620647356,1972-11-01,0
On BS,"Drake, 21 Savage",2,2015,9,22,4766,10,197930,147,19,164,9,21,130.8753805412169,A,Major,85.73079107314027,78.69657150632521,77.29721013965563,15.87787820064866,0.7221730091383272,8.538422494069255,16.5645945390776,2015-09-22,0
Boyfriend,Dove Cameron,2,2016,11,27,3341,18,66403,57,5,121,6,43,146.3098639836928,G,Minor,84.26399456344285,74.94888394574993,78.87708879477047,14.67932122931913,1.4608455949642474,9.41335272485438,16.347682750815782,2016-11-27,1
REMIX EXCLUSIVO,Feid,4,2014,8,9,1942,9,198186,238,13,120,3,3,93.16832787538952,F,Minor,55.701296080383415,45.52941820468549,43.82936425574266,53.86667654013846,44.55914876797355,30.26639320621818,10.639720096915784,2014-08-09,1
A Tale By Quincy,The Weeknd,1,2019,1,29,2031,18,144873,118,1,37,3,24,90.99144110086344,F,Minor,50.876784889876326,47.04270921634529,44.660889303041074,47.08898397477143,47.5403928306053,33.46705340377503,13.53219545011257,2019-01-29,1
Shirt,SZA,1,1971,1,16,1911,6,196070,285,8,75,9,37,130.89670584387014,D#,Minor,86.17123479851264,69.64999802430006,79.10943292993599,12.34212566537517,2.6500562520191986,9.03916893841988,27.582854506176083,1971-01-16,1
Zona De Perigo,Leo Santana,2,2019,5,15,2951,9,156993,203,5,95,4,43,101.56952439496033,F,Major,45.8022339352176,52.62382888545666,54.352589276171486,55.79190679574337,30.08336901453761,31.7448038464493,13.835378530735657,2019-05-15,0
"Stay With Me (with Justin Timberlake, Halsey, & Pharrell)","Calvin Harris, Halsey, Pharrell Williams, Justin Timberlake",5,2017,6,30,126,3,93391,150,7,157,7,45,97.12438277945952,A,Major,51.6620571947865,41.20562196314568,39.22444861091677,49.07059387077484,42.40534420886395,50.71167715014695,12.061610537263617,2017-06-30,0
Die For You,Joji,3,2015,8,13,1575,4,128893,235,5,139,9,10,100.25179127515538,G#,Major,49.58966433177527,42.71743200019687,35.717432131206444,44.64252478947636,31.75063494828532,39.86618816415021,14.336414578832668,2015-08-13,0
Born With A Beer In My Hand,Morgan Wallen,4,2014,9,18,3697,5,15066,56,0,82,8,7,109.16915552495576,Unknown,Major,46.36708514620963,57.22626684485122,32.42544551691705,52.80110440101147,45.82349161992301,32.27432873362231,5.781608485100085,2014-09-18,0
It'll Be Okay,Shawn Mendes,1,2011,3,25,1393,4,164246,202,17,33,8,11,99.47732116624866,G,Major,44.57224584893761,52.994253548028354,58.230267661018175,46.03093846490536,39.41142156540917,49.044518892942,5.520479566892378,2011-03-25,0
Leï¿½,Marï¿½ï¿½lia Mendo,1,1979,8,27,4152,5,194762,203,9,191,2,26,134.755691285488,F#,Major,89.49233701645527,60.81536668185535,89.10185871480749,6.413956069411881,2.2775404807184363,18.486835640181248,26.979231131095275,1979-08-27,0
Chanel,"Becky G, Peso Pluma",1,2004,10,12,4818,18,190933,125,13,144,0,10,134.20582252065702,D,Major,91.83653254551412,78.07319830848434,84.60526719788254,19.662834617816756,1.0919790450372502,17.649593634491197,21.334427759994952,2004-10-12,0
It's Beginning To Look A Lot Like Christmas,Michael Bublï¿,5,2000,9,10,4705,11,132394,286,13,195,2,26,134.43706069873568,E,Major,86.14443570706551,63.83173629885224,72.45534488108069,7.5621086213156,9.362916886346625,5.794846954613607,23.32823541094964,2000-09-10,0
Nonsense,Sabrina Carpenter,3,2007,1,8,2635,13,56192,106,7,190,5,37,109.85555132131353,G#,Major,49.82618043597889,57.170982487679,31.834384250224247,49.30926875133279,47.40919640832234,30.543276768291907,11.549978276188051,2007-01-08,0
Aguacero,Bad Bunny,4,1988,1,9,4648,7,113355,74,16,114,3,3,148.14139188781368,F#,Minor,81.51990051266081,67.68627724188153,79.02034387341422,14.750641602046382,7.229656895595995,15.39274847491322,25.822097638811844,1988-01-09,1
Notice Me,SZA,5,2009,6,17,70,0,35650,170,5,12,6,44,132.8148273133772,F,Major,87.92757509157231,73.05213487873448,71.080937817931,23.59535977560687,6.754652487632264,10.353928012828014,22.883939305924244,2009-06-17,0
Driving Home for Christmas - 2019 Remaster,Chris Rea,2,2012,6,30,4471,0,82792,24,5,153,3,39,135.04665107655052,A,Major,75.76348702849086,77.13157059091219,89.88589648350361,14.847308594445304,1.0441130952674682,8.660604235132201,22.84461642738888,2012-06-30,0
Alone,Burna Boy,5,1970,10,10,2880,16,67829,103,9,149,2,4,142.50734074522052,E,Minor,81.12531262503865,75.48906580703678,87.04610687960813,22.12879135221454,3.990413783250183,10.286999853876775,23.17577640570189,1970-10-10,1
PRC,"Natanael Cano, Peso Pluma",4,2010,7,18,4798,13,36835,75,2,71,7,31,132.82136254167267,G,Minor,90.7539611276343,69.64649658042211,75.43769010043403,13.74453975594951,6.301770621646229,19.77357670922114,26.423132595209267,2010-07-18,1
august,Taylor Swift,5,1987,5,23,4748,9,144821,38,14,82,0,26,136.37611493928628,F,Major,84.15955270073911,70.98459548227169,71.53645629531816,19.914495811844745,1.0346935786033873,18.861370135511784,16.747852423839944,1987-05-23,0
Broke Boys,"Drake, 21 Savage",2,2003,10,17,4037,6,73620,123,14,6,8,23,106.52146186988384,D,Major,49.25657239209524,48.81127383907675,43.50188718701718,40.6981906336004,30.68902081139909,42.14902435684479,7.953874527049902,2003-10-17,0
OMG,NewJeans,1,2006,6,11,4093,13,14596,267,8,189,3,26,142.00434598532715,A,Minor,79.0848843749644,78.57337660942954,81.85921821533815,15.938058821130062,5.258871511063269,18.94680797682756,29.841857544058165,2006-06-11,1
Kiss Me More (feat. SZA),"SZA, Doja Cat",3,2004,12,15,4381,9,27246,251,17,168,0,3,95.9721980052158,G#,Major,44.86152434338148,42.69185053468815,33.432549184402895,44.604290994447794,31.98590123997335,48.406874688131055,11.087924140451689,2004-12-15,0
Prohibidox,Feid,3,2014,5,25,1219,17,55128,56,10,163,0,43,140.56800199768549,C#,Minor,91.192660719947,79.8766064658588,74.54030116378995,11.432745391374706,3.997932648580458,11.731802312543962,29.35614228961735,2014-05-25,1
this is what falling in love feels like,JVKE,4,2021,9,23,4589,7,122391,40,12,108,9,6,92.4474776928325,B,Major,56.5848342777214,40.74878291916789,35.563815549077084,40.56319695206777,36.66283817133282,50.01018418688439,7.801956539529926,2021-09-23,0
Feliz Navidad,Josï¿½ï¿½ Felic,4,2013,4,3,4861,0,140503,243,3,126,8,38,98.87266897125622,D,Major,54.01097692104506,58.50504045576752,51.86122389538804,48.075954528432746,34.40558345650428,48.7603147636629,6.484245925898579,2013-04-03,0
BABY HELLO,"Rauw Alejandro, Bizarrap",2,2002,12,10,1598,5,105206,191,18,162,2,39,145.132718458494,C#,Minor,94.1588324392168,66.88540099028168,78.19419339269345,16.78018726668827,4.66150751048883,8.938882846144908,19.740200303150225,2002-12-10,1
Betty (Get Money),Yung Gravy,3,1968,11,30,4182,10,57011,115,9,87,0,13,94.21750187697586,C#,Major,53.32023865051639,56.9405343117341,31.3256998497851,58.94929811407774,30.38769914582634,48.380896729767855,7.1919016899890265,1968-11-30,0
Born Singer,BTS,3,2005,4,14,1784,11,38421,272,1,169,0,22,137.1473176326894,G#,Minor,91.54935053662304,73.329932433395,85.3827976482503,13.403557749949758,2.4534151274198024,9.034019396390264,29.456833309326893,2005-04-14,1
Space Song,Beach House,4,2014,3,17,4836,6,195976,228,19,20,8,38,147.0770481163484,Unknown,Minor,94.72297040893672,63.836046152540966,82.00255901068229,19.16392957496732,7.683209852372529,11.038871498185532,29.8732469198924,2014-03-17,1
How Do I Say Goodbye,Dean Lewis,4,2009,6,10,4238,14,196158,145,9,133,9,15,134.26983031259326,G#,Major,82.53539155788732,71.08663631356373,85.31950961886632,14.521871160803784,2.672208721205495,17.1567277602881,19.661707910230422,2009-06-10,0
Superhero (Heroes & Villains) [with Future & Chris Brown],"Future, Chris Brown, Metro Boomin",2,2014,12,24,4034,4,145411,49,4,5,5,31,109.84879066852042,F,Minor,45.250171665130665,42.99191201259538,59.63139941511864,47.43472231653977,26.91033866320061,33.96569282009196,11.20740852317693,2014-12-24,1
I AM WOMAN,Emmy Meli,1,2004,9,15,557,18,86090,263,8,138,8,14,140.44791714675785,A#,Major,89.16961976819454,72.03795761228973,78.79376184732072,17.703553941744932,7.722346932393265,12.220409864926188,29.589584755278334,2004-09-15,0
Es un Secreto,Plan B,4,2015,5,25,3385,11,15686,134,8,194,3,49,101.4176530281794,F#,Minor,48.06728656874766,44.170582461799846,57.24699988795879,44.92489327193488,27.424770711135565,58.33515967538378,11.69275015425428,2015-05-25,1
Zona De Perigo,Leo Santana,2,2005,3,25,3466,10,119728,66,18,177,8,9,145.629654175754,F,Major,76.60350274828924,69.176735533711,79.61153848075286,11.04633303643529,5.882483540530678,12.369883227614604,18.43219069402589,2005-03-25,0
O.O,NMIXX,2,2020,6,23,383,18,11839,77,19,113,7,37,130.15943440192282,B,Minor,88.39975671613885,68.17522474141529,75.54406812034222,9.56412164659536,9.912241978716152,11.786799677182511,26.119672305626143,2020-06-23,1
La Jumpa,"Arcangel, Bad Bunny",3,2018,12,8,4840,2,29776,246,7,162,4,11,105.38663203308604,G#,Major,51.13009782609805,46.86151398617882,48.79181492114616,60.6177590983302,39.07658038559588,44.49348118722587,12.657399711858517,2018-12-08,0
What It Is (Solo Version),Doechii,3,2013,8,11,799,5,165150,180,19,87,6,18,143.13960248649423,C#,Minor,94.1240326972844,60.76312912852489,72.61690776895541,18.298032003587338,8.653217923286192,19.44131790735984,24.34867096702172,2013-08-11,1
UNFORGIVEN (feat. Nile Rodgers),"Nile Rodgers, LE SSERAFIM",1,1966,4,4,2917,11,84805,280,7,130,5,0,100.65047245000513,E,Minor,55.44597341305473,49.21889276928713,53.82985638425382,54.61690816941008,41.83700762456433,39.22844796716936,10.28556094118844,1966-04-04,1
Driving Home for Christmas - 2019 Remaster,Chris Rea,4,2004,6,7,3830,19,28875,272,2,109,4,20,137.7604306920423,A,Major,76.58955513168064,75.37992753472483,81.37408200040198,24.696410985422677,1.689787151805242,11.482504336767894,27.014579193519893,2004-06-07,0
Feliz Navidad,Josï¿½ï¿½ Felic,4,2018,2,16,62,14,27875,278,17,113,6,3,103.56562347222868,D,Major,45.07907052909602,50.64359494982784,50.33975554735025,68.57147948064015,28.49737253673246,43.212559775857386,8.99458659144161,2018-02-16,0
Snooze,SZA,2,2007,3,21,3105,17,156896,181,1,106,4,1,143.953357141582,F,Major,82.05102221131733,64.50512551554938,70.12388489298858,24.632751935788903,5.617166467856956,5.100862565620155,29.751612565303,2007-03-21,0
Desesperados,"Chencho Corleone, Rauw Alejandro",5,2020,2,20,834,1,159772,174,18,193,7,48,142.23423872589854,C#,Minor,82.59581944996998,66.93011734452286,87.6464110038663,24.972655899837783,7.839834486283292,8.144404073852085,15.106800203147912,2020-02-20,1
"Here We Goï¿½ï¿½ï¿½ Again (feat. Tyler, the Cr","The Weeknd, Tyler, The Creator",5,2012,8,24,955,1,120018,290,17,42,8,11,140.06518754018447,C#,Major,93.30353950606988,78.82806686942207,74.05690418848845,5.911215603230017,2.5934639230911927,17.986432029026073,20.260334601867413,2012-08-24,0
Thunder,"Prezioso, Gabry Ponte, LUM!X",3,2012,2,12,1860,17,107120,45,17,8,9,43,141.41157239823693,C#,Major,76.03485056782988,62.92598323723425,85.25575745258143,19.701266264711737,3.371543632173224,12.22669625398579,29.01744731895083,2012-02-12,0
Me Fui de Vacaciones,Bad Bunny,1,2018,1,31,3659,14,14089,84,16,126,6,12,109.65989541741584,A#,Major,48.07840127000964,42.63101667136404,40.66493784086137,48.55724825697144,24.52660587103375,38.05650496321105,11.28792819497713,2018-01-31,0
Ghost,Justin Bieber,5,2001,5,30,674,14,9721,265,10,22,9,17,149.71791264278522,D,Major,77.68953549113468,70.70034725868574,85.4896556250824,6.438981022756611,3.5006360951757065,15.919328095788254,27.973556644673035,2001-05-30,0
Under The Influence,Chris Brown,2,2001,12,1,4525,8,45973,215,18,35,7,32,107.6969501168875,A,Minor,52.31140763491357,44.55299270528796,42.07506044038797,40.731958365577135,29.943211384978746,47.05139934016092,12.717511439908815,2001-12-01,1
Starry Eyes,The Weeknd,2,2002,7,18,3002,12,155289,78,2,39,5,21,143.43275363920628,A,Minor,94.05249784923107,61.73576219506616,73.76793777412705,24.12053125098753,7.797716090359699,10.092212599861483,26.461759352023225,2002-07-18,1
Overdrive,Post Malone,5,2019,11,20,4563,11,197041,31,0,66,6,2,102.05345562844064,C#,Major,49.09852474921516,51.57743021105671,55.75377654495541,58.44856992349836,20.77435710656417,54.50417458496485,11.533623343793485,2019-11-20,0
Me Porto Bonito,"Chencho Corleone, Bad Bunny",3,2014,1,10,261,9,3206,280,15,33,1,47,107.68263122050624,C#,Minor,57.65662441017395,40.73522950056815,43.23991686206389,62.11789552015615,40.71608609054569,33.977052575805615,7.767066862153222,2014-01-10,1
we fell in love in october,girl in red,1,2022,1,24,772,19,192258,177,11,114,2,45,103.38600326225612,G,Major,58.47466044346362,47.18288757028866,54.71743661724864,46.857228508581294,27.87125577190917,53.014200524339216,11.726867996356386,2022-01-24,0
White Christmas,"Bing Crosby, John Scott Trotter & His Orchestra, Ken Darby Singers",5,1983,10,28,2865,18,169055,187,9,171,0,2,107.04221894508314,A,Major,49.03344787913357,54.06451147264793,52.01965582841305,69.20955803854613,36.459215025872,44.15002170952855,13.38169869206227,1983-10-28,0
favorite crime,Olivia Rodrigo,2,2002,9,29,3977,1,105832,288,8,102,1,19,147.08473150117348,A,Major,82.25465718442635,76.86349916289808,83.99762440340399,18.283879248067187,8.947756219306465,14.319578000512928,18.389406675386216,2002-09-29,0
Better Than Revenge (Taylor's Version),Taylor Swift,1,1993,12,28,3604,18,168513,47,4,59,6,30,94.45096607140025,B,Minor,48.98333502532451,48.56957822024405,58.48860689755208,46.46673527084402,49.325522605812935,58.36570367340784,9.315325576657736,1993-12-28,1
Lady Mi Amor,Feid,1,2008,9,4,2524,7,193950,113,19,108,8,20,149.4222261125503,D,Major,77.57271027459542,71.62217240229465,84.4295691431582,8.962271369725322,3.754344826900816,13.203316095177987,22.40972400807454,2008-09-04,0
Starlight,Dave,1,2014,7,21,4349,8,104412,134,13,85,8,25,144.90638272671097,G,Major,83.03692504101403,64.56250441895392,87.6399408908265,15.691998036033931,1.0551853043200077,7.631417852244793,26.100125526519307,2014-07-21,0
Princess Diana (with Nicki Minaj),"Nicki Minaj, Ice Spice",2,1964,3,3,816,17,138023,18,12,76,9,9,96.54602788199736,A,Major,51.71871249699464,52.23098229745168,34.680580776400404,62.97320340033063,23.626158409089907,58.77765667868947,11.594023218376416,1964-03-03,0
Take Me To Church,Hozier,4,2005,4,29,4472,13,58997,261,0,142,1,16,131.11550837384604,E,Minor,87.5322849292381,66.58659504680337,88.69522307112865,20.525869644816986,9.251777312953646,6.19481443653468,25.846268289367742,2005-04-29,1
Te Felicito,"Shakira, Rauw Alejandro",5,2003,10,18,2428,2,40288,259,6,11,5,26,105.30613039861696,F,Major,45.93298810820362,57.73112547430426,52.62808586160793,44.07625326038936,27.13924237673488,43.677679058140015,9.386126395898016,2003-10-18,0
ýýýabcdefu,Gayle,1,2019,11,8,1115,6,56800,196,9,141,1,33,140.41521860154126,E,Major,85.09131655101514,61.441729487801496,80.36507782548125,24.88506948005837,7.096271118964609,6.02289868954174,26.434149023630862,2019-11-08,0
Pope Is a Rockstar,SALES,1,2002,3,23,2239,5,121450,291,5,43,4,42,107.92342360287384,E,Minor,42.85323216026672,43.5452275960906,46.846287269586384,51.251655573606975,42.51721635493261,43.25885650943192,9.400924610099237,2002-03-23,1
That That (prod. & feat. SUGA of BTS),"PSY, Suga",2,2013,11,30,845,11,29356,295,16,141,4,2,134.046945190463,E,Major,83.08854079459442,77.05443587307799,81.28771255394454,17.97208174765118,1.9564393932563784,13.062490759380246,21.724040540966797,2013-11-30,0
Merry Christmas Everyone,Shakin' Stevens,3,2010,11,15,2324,8,30794,131,10,93,8,15,130.6920110105428,C#,Minor,90.61734321407282,68.10652194678597,79.51878655616522,16.861169497314954,0.3784370052873853,6.082119556702956,29.678676413153124,2010-11-15,1
Mother I Sober (feat. Beth Gibbons of Portishead),"Kendrick Lamar, Beth Gibbons",5,1991,5,17,2916,16,140705,143,15,26,1,22,103.56239102737364,G#,Minor,42.3927244207628,48.41212902220303,52.11302927130855,45.79191761516493,23.08357412909231,38.634816226362105,9.5646822714568,1991-05-17,1
Aguacero,Bad Bunny,5,2020,12,1,1687,9,121796,216,10,26,4,25,104.61276358568963,F#,Minor,49.459033716990376,58.94053112632608,30.76141473831355,63.49525283100067,45.95441690574396,42.82328777341149,13.27396896987593,2020-12-01,1
My Universe,"Coldplay, BTS",2,2014,6,13,1706,8,37620,164,14,175,0,30,130.73355733034455,A,Major,91.7297499338155,70.76919194016942,75.6999493755702,6.964121866501374,6.824372486757665,19.45392954022527,22.855167755360704,2014-06-13,0
I AM WOMAN,Emmy Meli,5,2015,6,17,2525,3,18898,147,14,13,0,32,142.2418677930127,A#,Major,86.68784419096546,67.19023350356788,79.67359551584362,11.153222144589805,7.999438666814421,15.87974496234455,27.79157847030691,2015-06-17,0
Set Me Free Pt.2,Jimin,4,2004,5,5,3257,0,107569,269,16,85,7,36,93.22092924165771,Unknown,Minor,54.31393410691058,58.0184312151557,41.076696628349744,57.5464065537211,38.07636997345463,50.871801999663,9.902784576718638,2004-05-05,1
Heart To Heart,Mac DeMarco,5,1992,5,22,2789,0,23177,255,16,120,8,37,133.1224755923706,G#,Minor,82.93782417048497,65.53261302590758,78.2869097428449,6.191670826967832,0.9588111094374474,5.6326254035082925,26.35867288575504,1992-05-22,1
Boy's a liar,PinkPantheress,1,2008,10,21,1668,6,41816,292,19,186,0,19,102.31246991831624,F,Major,44.46314223505521,55.63962790779005,52.11718377622432,65.95063771885908,26.238683896196733,35.52223658756794,6.943092003244503,2008-10-21,0
Falling,Harry Styles,1,1967,10,16,2418,3,57445,254,7,120,5,49,134.30385111117175,E,Major,78.63995217720456,63.8034121447666,73.74778729041654,8.95823254509008,2.036286641027875,11.370473921365273,15.48372690545736,1967-10-16,0
Monotonï¿½,"Ozuna, Shakira",4,2016,6,3,4790,2,29784,232,5,181,5,43,146.22351166479143,Unknown,Minor,83.58123594433197,76.88876214940903,74.92909659665627,21.45175367723201,9.172736874611305,12.74643804834912,24.70722188411686,2016-06-03,1
Fuera del mercado,Danny Ocean,4,2015,10,31,1946,6,140839,145,9,28,5,20,142.4433161968085,G#,Major,79.76356645556584,61.99492720612989,82.3228158309125,6.832309883645795,0.878156399200406,7.359771061257574,28.32754012565661,2015-10-31,0
Praise God,Kanye West,1,2017,12,3,4616,18,181362,247,8,35,4,14,149.42083273389696,C#,Major,87.28779734059285,79.53740301374981,81.67832245304214,8.915909154388249,6.539195815571489,6.846052775706084,17.459009641596918,2017-12-03,0
California Love - Original Version (Explicit),"Dr. Dre, 2Pac, Roger",1,2016,1,27,1366,16,103623,286,19,11,7,12,100.85945076888476,G,Major,57.48255470222728,56.61079314782543,43.289343906569925,62.53888696065818,43.9647063238904,56.9126662459153,13.09254268607078,2016-01-27,0
Something in the Orange,Zach Bryan,2,1957,4,8,3480,3,160397,145,13,184,2,47,97.38034340197538,G,Major,57.99891286665974,44.19442022351583,31.381081435956485,40.25783475006971,23.950992129526384,36.69781183069768,11.456127944969904,1957-04-08,0
Christmas (Baby Please Come Home),Darlene Love,3,1978,1,18,4510,13,91846,267,2,44,4,2,136.62848219916157,D#,Major,92.01469456597336,63.31262192998448,85.17553247829208,14.9931390883041,2.712725088692405,13.085816623134995,18.271017420781845,1978-01-18,0
Everything I Love,Morgan Wallen,3,2015,5,28,391,16,183561,235,5,85,5,40,93.46020203777212,G#,Major,47.85560877287946,43.814169205558514,58.15053795077125,69.91161176210065,25.080817828291732,34.09646728295541,7.097622756269773,2015-05-28,0
MIENTRAS ME CURO DEL CORA,Karol G,5,2011,8,10,2601,16,60722,41,18,82,4,36,93.93748979103444,Unknown,Major,47.98327214704783,47.84796799032192,52.06530833956971,68.1115368452675,39.26356531982849,39.19617310880902,14.4343720062806,2011-08-10,0
I'm Not The Only One,Sam Smith,1,1977,5,23,2136,8,167843,115,14,198,6,17,94.14053632452088,F,Major,54.02976147340033,44.3645118338422,51.03064099537061,56.65555063580034,40.42112304846474,59.73605664099715,14.126923868031994,1977-05-23,0
Toxic,BoyWithUke,4,2017,8,13,594,17,121825,182,13,154,3,43,96.53466682506208,G#,Minor,54.01156024595521,58.69697320430987,42.575843006113296,69.18091419885188,44.7544394336309,59.27204124982386,6.431988743563901,2017-08-13,1
Ainï¿½ï¿½ï¿½t Tha,Morgan Wallen,1,2003,1,22,127,15,134696,201,13,44,8,16,138.34511131598197,F#,Minor,92.91423786677072,76.19490939802927,84.18938319980316,16.754353946296057,5.167033594051661,17.40298626498715,24.692729158784875,2003-01-22,1
BESO,"Rauw Alejandro, ROSALï¿½",2,2007,8,29,795,0,20474,46,13,87,4,7,146.83854442036397,F,Minor,78.20837837426886,60.52461022600781,85.99043889131208,22.870947781762943,9.801033826138632,13.844303687314552,20.33179059258289,2007-08-29,1
positions,Ariana Grande,3,2021,6,13,3503,19,70872,108,0,187,7,41,103.75295877185631,Unknown,Major,46.619009907059706,42.01635488271089,49.27354663670724,44.6807783895809,26.51586854700742,42.57131137742918,14.719155161808317,2021-06-13,0
Thought You Should Know,Morgan Wallen,1,2020,3,11,3183,8,121112,174,15,5,4,35,100.38063793572792,F#,Major,57.21679572940045,52.31878667673647,57.06219850526451,41.2053939515355,37.60056792239723,49.88225675471985,13.043351282544922,2020-03-11,0
WAIT FOR U (feat. Drake & Tems),"Drake, Future, Tems",2,2011,8,3,3887,7,36260,178,6,10,1,11,93.33452607458496,C#,Major,41.68427022845062,41.11426543325253,55.247848466956256,57.36196314234788,34.76719944065374,38.07846789454284,6.050457546213974,2011-08-03,0
Sem Alianï¿½ï¿½a no ,"MC Xenon, Os Gemeos da Putaria",1,1997,9,26,532,10,153479,21,14,140,3,49,136.9561732379793,C#,Major,76.10466940132414,66.67296427028063,81.3654364757805,24.655475295681317,9.515078457117314,12.823084416424908,22.519729247361543,1997-09-26,0
Medallo,"Justin Quiles, Lenny Tavï¿½ï¿½rez, BL",2,2011,12,11,2907,13,17806,62,11,177,1,9,107.37731806585738,E,Minor,52.52800779848288,50.55398621899983,37.73096402010579,63.58081181760326,46.58593527249401,53.97302405358153,7.770379236454806,2011-12-11,1
Beggin,Mï¿½ï¿½ne,1,2016,5,22,3165,8,103296,126,2,166,3,22,99.006592056204,B,Minor,54.8267630355604,50.48339578611077,41.31201572621269,47.15882170946679,42.75689096715563,35.44406052819349,11.251747164493928,2016-05-22,1
Dreamers [Music from the FIFA World Cup Qatar 2022 Official Soundtrack],"BTS, Jung Kook, FIFA Sound",5,1971,11,30,197,10,190803,131,5,83,0,4,143.96953514811392,Unknown,Major,94.09972712097928,79.64740944718339,71.75806262586,8.776725277089522,4.131959370547452,19.750477058770564,15.487652303778772,1971-11-30,0
Down Under (feat. Colin Hay),"Luude, Colin Hay",3,2018,7,8,4129,3,51286,162,18,119,9,22,107.97153049736004,B,Minor,50.47317552235621,51.92453947201393,47.87531788634948,54.37068977618655,34.548764810568265,56.73829378486492,14.825931151764852,2018-07-08,1
Why'd You Only Call Me When You're High?,Arctic Monkeys,1,2017,9,9,1465,7,86809,106,16,192,5,27,95.22823686378872,D,Major,41.89356124040116,54.305437282743846,57.32861489044367,61.96026019129382,49.87625652863778,53.68222665815363,6.143650664932655,2017-09-09,0
I Can See You (Taylorï¿½ï¿½ï¿½s Version) (From The ,Taylor Swift,1,2013,5,14,3203,8,9478,169,18,19,6,19,144.66659615454913,F#,Major,76.18951322197117,67.39621067294705,81.656322378246,21.89529269402384,2.2284346415019805,12.438912268641534,23.72524434342495,2013-05-14,0
Haegeum,Agust D,1,2006,6,14,380,9,122475,78,8,178,1,38,143.2089466071592,G,Major,85.30345001496242,78.8375921997375,84.87566202864238,11.689233919736552,0.3721177905202422,16.000160912439583,19.464811665380736,2006-06-14,0
Need To Know,Doja Cat,1,2013,9,29,980,5,151857,278,17,7,8,43,131.85839227589346,C#,Major,77.6116209878036,74.01682976444148,70.85157975202023,6.012818998493216,2.129098967121481,5.002436886519476,16.197916700048626,2013-09-29,0
Sparks,Coldplay,5,2001,3,22,1709,2,27705,98,17,193,1,15,143.40257259817025,C#,Major,77.50672660206479,69.23785649037012,86.85877033678915,11.515417349511116,3.172109700073276,19.467803052451927,16.461382558134005,2001-03-22,0
PLAYA DEL INGLï¿½,"Myke Towers, Quevedo",4,2020,8,26,1366,4,6232,82,15,68,7,45,104.90134648210464,G,Minor,58.54311983944716,53.27311292776568,59.44667085760795,53.64489496198542,29.952867955789515,36.20448664962771,5.765776829554154,2020-08-26,1
Conexï¿½ï¿½es de Mï¿½ï¿½fia (feat. Rich ,"Rich The Kid, Matuï¿",2,2011,2,26,4650,17,120733,254,17,198,7,24,105.79874294111757,F#,Minor,40.934039281694766,47.55730270278866,39.97465246995195,45.87318507801506,38.33396674581519,49.74654667415753,11.872867184600434,2011-02-26,1
MONTAGEM - FR PUNK,"Ayparia, unxbected",2,2000,4,16,672,10,95003,148,1,123,8,4,137.1191418391495,A,Major,78.78416464600353,70.40298992655329,78.13205401858497,23.17742326729317,8.039744285709684,7.771160027378958,17.394787341796288,2000-04-16,0
Something Just Like This,"The Chainsmokers, Coldplay",2,2012,5,24,3133,13,49260,175,8,132,8,39,108.06073244708952,B,Minor,40.08447278704725,45.59447473726787,54.67559924922023,64.38791515483653,45.06240542845083,48.51672320052316,9.420023990132396,2012-05-24,1
Bones,Imagine Dragons,5,2013,1,1,3373,17,119706,160,0,98,2,21,138.74883269673435,F,Minor,83.55008135933086,67.40059432555648,78.81824269444392,15.229120860922883,7.455438130527423,15.204788009483398,29.318081448047455,2013-01-01,1
Un Coco,Bad Bunny,4,1957,9,8,1723,19,59797,185,6,24,0,46,144.83267684086996,B,Major,86.28538819334588,76.77351645200362,88.91964490516006,20.436964007785427,9.102324871507436,10.178398972797568,23.547723280291574,1957-09-08,0
Calm Down,Rï¿½ï,4,2003,7,11,1340,3,136930,212,7,50,0,38,97.533974916614,B,Major,59.13649565518808,57.886378037357154,52.52291187119952,43.24385466806302,32.42429690568159,31.99951635419393,6.662141100313393,2003-07-11,0
TULUM,"Peso Pluma, Grupo Frontera",2,2004,6,13,1593,0,152260,247,12,103,1,33,104.19654278824412,F#,Major,59.748639030336605,56.94066467045505,56.05039343803813,61.090268263951344,34.427374375598845,35.639008193974426,9.017761988769228,2004-06-13,0
As It Was,Harry Styles,5,1966,12,25,2362,0,115172,119,4,53,4,47,136.09545095340243,F#,Minor,82.95216367747204,70.95953815412572,89.42095611602029,18.82173711965961,6.030717049494653,14.637557379972913,28.32894705455005,1966-12-25,1
Massive,Drake,3,2005,4,19,3150,5,164083,152,18,107,9,29,106.50636026793237,E,Minor,54.78279808859041,52.03804295162072,59.42978843616456,46.72823511585983,47.74274059579305,38.28454889408901,12.036733602323828,2005-04-19,1
We Cry Together,"Kendrick Lamar, Taylour Paige",4,2019,9,8,545,1,177743,249,7,112,8,48,136.30102173297703,B,Major,79.19188949104634,71.50491716393407,86.06660416537464,7.288467415958493,1.5047522463866323,7.594991311678331,19.293359095256427,2019-09-08,0
Watch This - ARIZONATEARS Pluggnb Remix,"sped up nightcore, ARIZONATEARS, Lil Uzi Vert",4,2007,7,24,4600,3,165926,112,0,168,6,33,149.86577430887974,B,Minor,89.49571925773208,69.48620282225413,74.68000224818554,9.210452233871155,4.669614804092608,10.688371145106617,18.626002686424307,2007-07-24,1
Bad Decisions (with BTS & Snoop Dogg),"Snoop Dogg, BTS, Benny Blanco",2,2014,9,7,2494,14,146305,166,10,188,8,15,134.18040799780556,Unknown,Major,80.28615419025284,74.52410768264919,82.99153409413337,23.29499740535876,6.477903793102802,13.492067466149026,29.52965168432103,2014-09-07,0
Father Time (feat. Sampha),"Kendrick Lamar, Sampha",3,2019,11,23,1174,12,46710,139,1,98,1,33,141.32197718811204,A#,Minor,85.82951191790868,75.82888618979844,85.83887289022046,23.95783844634097,3.512196817986678,15.633841093529352,26.40752318197696,2019-11-23,1
Levitating,Dua Lipa,5,2001,1,10,4574,14,119711,261,7,103,3,20,100.2582027364765,F#,Minor,43.24494764736781,42.27158001164212,49.05782804603574,52.36772534220609,35.35149679407842,51.89254765122736,6.533238024466401,2001-01-10,1
S91,Karol G,1,2003,11,6,2968,9,123553,179,17,70,1,37,105.22811700468952,Unknown,Minor,51.884041416244685,48.98914366056288,51.307506643858574,43.18616442463817,30.092165206071822,47.9409174601939,5.9417888056036485,2003-11-06,1
Las Morras,"BLESSD, Peso Pluma",3,2006,9,29,4967,18,38553,190,4,11,7,22,92.79509161986913,A,Minor,56.389033915643566,54.699897818709765,52.42452734324768,40.003492213534486,35.686099885727224,40.89698945192677,7.768192006008451,2006-09-29,1
fukumean,Gunna,4,2005,5,12,4246,18,122918,149,13,198,9,41,134.35848280321466,C#,Minor,94.79251408890802,61.789949402783705,71.45322878853776,9.510578184662672,0.8619375855089917,11.399368283983996,16.393291899216972,2005-05-12,1
Despuï¿½ï¿½s de la P,Bad Bunny,5,2003,8,2,884,11,18760,273,4,18,8,20,93.33771255867592,F,Major,52.03002191568039,42.927346786914725,57.85802037710574,53.672679179626655,37.86504641755941,41.77385833028683,6.507642428466091,2003-08-02,0
Savior,"Kendrick Lamar, Sam Dew, Baby Keem",4,2021,12,10,3306,17,19540,196,7,91,5,15,95.69203520022567,G#,Major,50.99902206117822,48.17918608814678,40.758423476429776,46.273728516189806,37.11880833034508,33.94897724827819,10.93147619512038,2021-12-10,0
Too Many Nights (feat. Don Toliver & with Future),"Future, Metro Boomin, Don Toliver",2,1959,9,21,1769,19,92922,192,11,194,7,46,96.84810308479292,G,Minor,53.601517608647214,45.90945982580693,30.43424129709437,52.817835597866015,32.71882465292072,51.07262194699575,11.40200645438898,1959-09-21,1
Barbie World (with Aqua) [From Barbie The Album],"Nicki Minaj, Aqua, Ice Spice",1,2022,8,25,117,10,13927,286,1,67,7,20,102.43946359164372,Unknown,Major,49.2036076365808,51.989915915174194,40.62141704447206,56.65210596005923,47.70060458862266,59.35917374110443,12.924233178472736,2022-08-25,0
Enemy - from the series Arcane League of Legends,"Imagine Dragons, League of Legends, Arcane",3,2010,12,11,1296,2,66043,86,12,130,8,49,97.34563734479264,G,Major,56.153480784489616,59.435050701331015,52.42932941294855,52.97601691950042,28.155676912956565,56.95633286634322,13.509689093789332,2010-12-11,0
Antes de Perderte,Duki,5,2015,1,9,689,4,160495,103,13,131,2,21,102.51314809938556,F,Minor,46.34474406137279,56.9017914380201,46.21577332301939,40.06565454980116,48.32601510259589,53.87745640410952,8.986540305960409,2015-01-09,1
SPIT IN MY FACE!,ThxSoMch,1,2017,2,22,2766,6,1560,257,19,99,4,42,93.25042845043602,G#,Major,49.10294379989881,43.60269921123245,40.31924239557982,43.41943283355216,49.06027721550736,56.744825283021314,14.308842332864083,2017-02-22,0
Hits Different,Taylor Swift,4,2003,4,10,3754,10,195257,88,0,197,8,17,137.77225062519142,F,Major,76.85975739273866,74.45753236909744,88.18550098663616,18.242559452133968,1.916389348660411,15.36032214858422,18.577969460897123,2003-04-10,0
Love Language,SZA,4,2021,12,10,1176,9,159000,36,1,129,8,36,108.70021215945631,A,Minor,53.82554646529242,42.84227080613731,41.73572733903672,66.16627161272555,24.142213299904142,41.23304025018797,6.940375084542001,2021-12-10,1
STAY (with Justin Bieber),"Justin Bieber, The Kid Laroi",2,2003,4,23,2981,9,45250,166,19,148,1,46,132.11253661235028,C#,Major,94.22428231548018,67.04604712824516,74.30863988398444,10.957130139069148,6.307716126435761,11.676529914490402,20.691391759946743,2003-04-23,0
Sad Girlz Luv Money Remix (feat. Kali Uchis),"Kali Uchis, Amaarae, Moliy",5,2012,1,28,4498,4,82197,95,6,19,5,31,130.77156775023417,C#,Minor,80.16237258151443,79.00804036692224,89.24706811525539,16.835094854610666,8.413888604987717,15.553316579459157,24.01149178220576,2012-01-28,1
pushin P (feat. Young Thug),"Young Thug, Future, Gunna",4,2016,1,2,1250,16,43139,232,10,48,6,42,130.55874413791372,C#,Minor,94.62440102898702,64.87064657415782,84.794447076375,10.65701761998846,8.781299804089397,14.567029335898656,28.40753572579979,2016-01-02,1
Hold My Hand,Lady Gaga,1,2008,3,8,4414,2,100766,205,16,140,2,1,141.6232542317197,G,Major,87.78327716379958,64.95777281985893,88.03163819267954,14.521662777009244,8.829192040545129,5.707088084342526,21.81276563171897,2008-03-08,0
Calm Down (with Selena Gomez),"Rï¿½ï¿½ma, Selena G",2,2010,8,24,2795,2,73923,44,8,177,0,10,138.79058087917554,B,Major,89.21927304968611,70.9392622479559,83.89685813701591,13.278440360721508,8.749562033737208,15.803411611545911,26.008777058790887,2010-08-24,0
La Corriente,"Tony Dize, Bad Bunny",3,2015,12,6,712,13,166343,91,6,153,8,31,143.813708867874,B,Minor,89.46964020195111,67.39752113435793,89.91527108022709,7.812381169718117,8.251299183847248,6.156155326345017,25.23026307209896,2015-12-06,1
LOVE DIVE,IVE,1,2020,7,30,3381,12,44193,155,12,141,8,37,91.08206316951242,C#,Minor,59.452976589199935,59.45581333126759,50.35555895641085,67.1766896674728,49.37425611203896,33.51953265380474,13.3120240926235,2020-07-30,1
Entre Nosotros (Remix) [con Nicki Nicole],"Lit Killah, Maria Becerra, Tiago pzk, NICKI NICOLE",5,2020,8,31,1162,15,90113,85,1,40,2,23,131.8967407411307,F,Minor,78.91908037121728,71.25625410909306,79.62455680898327,18.633689129833524,1.2811102338255564,9.945533809715403,16.389532780636547,2020-08-31,1
Tubarï¿½ï¿½o Te,"Dj LK da Escï¿½ï¿½cia, Tchakabum, mc jhenny, M",3,2002,4,10,3336,15,20587,84,4,65,8,17,135.68584966127693,E,Minor,87.10648422624459,60.43606565504007,78.94827102623239,14.143046691672623,0.3653684694294667,5.343682133585021,22.182424872848998,2002-04-10,1
SUPERMODEL,Mï¿½ï¿½ne,5,1956,12,18,3596,10,120585,140,5,18,4,19,93.0051158699626,G,Major,42.22760898383385,53.03396533120206,39.23977860106101,42.76936292501873,32.37811395876377,53.29503977903016,10.177150782673827,1956-12-18,0
"Link Up (Metro Boomin & Don Toliver, Wizkid feat. BEAM & Toian) - Spider-Verse Remix (Spider-Man: Across the Spider-Verse )","WizKid, Toian, Metro Boomin, Don Toliver, Beam",5,2012,12,12,903,12,119267,33,7,67,7,37,131.01290321433794,F,Major,91.6468535470264,70.3699455236488,80.87290671703309,6.374652735864412,6.6588263489808375,11.34739585113431,17.081060624771975,2012-12-12,0
Count Me Out,Kendrick Lamar,2,2005,8,10,188,10,21127,266,8,148,2,29,99.3580438129343,G,Major,48.41544332722212,54.172360615634574,58.011638573845545,42.16118715632829,33.945594523297544,36.26189719116879,14.47967873850244,2005-08-10,0
Starlight,Dave,3,2003,9,23,4454,18,136509,299,15,92,6,48,97.325707202587,G,Major,45.64761869138164,40.33013799391597,37.42072970413031,61.9251996095866,47.218282684264864,47.90743569991871,8.084922730059887,2003-09-23,0
HEARTBREAK ANNIVERSARY,Giveon,5,1974,5,27,448,1,51478,130,0,23,9,4,140.98826580958732,Unknown,Major,91.89957183649908,66.4508465877544,81.75209409517676,20.35975767344353,9.17927361427741,7.391902751782641,17.48081021736494,1974-05-27,0
ýýýýýýýýýýýýýýýýýýýýý,Fujii Kaze,3,2006,5,30,530,4,143357,76,2,41,8,4,95.12506822344012,F#,Minor,54.15200588314447,58.60597412800081,52.0964928000196,48.908457647802926,47.80714905957507,34.91688854892591,10.631950385241977,2006-05-30,1
Wake Me Up - Radio Edit,Avicii,1,2003,7,26,3804,11,71296,221,4,108,6,3,90.15000899303844,D,Major,47.12209591850748,50.81416454185328,36.81211459803952,54.25679258508734,29.00611202701716,43.37104033688826,9.613584394359414,2003-07-26,0
Golden,Harry Styles,5,2019,4,10,3955,12,104930,189,0,96,0,44,138.4804158019553,E,Minor,91.13274680886629,66.88630211962071,89.72450228346065,23.32568073557895,8.947904794205343,14.558231162271094,19.46591729929263,2019-04-10,1
Alien Blues,Vundabar,4,2012,7,18,2711,15,93173,262,4,82,9,24,134.86198754496252,D#,Major,89.89353515711207,77.97583667023801,73.67524798256586,12.416450016434414,8.593954324605797,13.906049099750527,26.896581838194376,2012-07-18,0
Super Shy,NewJeans,4,2002,12,22,3890,1,12433,228,14,99,2,31,148.27572003204767,F,Minor,76.43166086834269,78.62871526804786,80.01637718798571,10.219267399429077,8.332599358083634,17.005934539256103,16.034315972216554,2002-12-22,1
Glimpse of Us,Joji,5,2010,5,10,511,2,190872,256,1,105,1,3,144.26422926797702,G#,Major,77.39706721936948,67.07895103355183,75.32585493045231,12.059592792359986,7.511082826264253,6.85227864804884,18.974611535012947,2010-05-10,0
Baile no Morro,"Mc Vitin Da Igrejinha, MC Tairon, DJ Win",5,2016,12,9,4948,19,91906,168,11,109,7,29,138.7430027674583,D#,Minor,89.30267461356185,69.44127004459942,88.30479599459319,7.726713265762843,6.413933322923553,18.0689278929598,18.35015538740693,2016-12-09,1
"All The Way Live (Spider-Man: Across the Spider-Verse) (Metro Boomin & Future, Lil Uzi Vert)","Future, Lil Uzi Vert, Metro Boomin",1,2016,9,20,4938,10,150557,239,14,157,3,39,131.5303588981085,A,Minor,91.36030267780151,64.94289584840948,88.76027188022064,13.42684554849098,6.192330796872062,8.450307088351678,24.57564065916354,2016-09-20,1
X SI VOLVEMOS,"Karol G, Romeo Santos",4,1989,8,27,3239,18,67803,99,8,58,4,0,97.77862510414217,C#,Minor,40.31951676152046,42.85698671092004,35.39222800617521,53.80212975000694,40.83292041145479,34.69834540853714,14.61815871958834,1989-08-27,1
BREAK MY SOUL,Beyoncï¿,3,2019,5,28,2792,11,143955,134,4,66,8,26,138.16272251827814,C#,Minor,84.32674765253176,78.09242882878661,89.50091115484955,11.776026462115002,4.08186018177002,10.317755221928632,23.656251313694774,2019-05-28,1
Streets,Doja Cat,2,1988,4,13,2999,11,21206,146,2,104,3,1,139.81100496250596,B,Major,80.92535818291663,62.053325737656685,88.31303768593895,6.55463490738679,6.902365930967561,7.729205065306931,26.80614499270801,1988-04-13,0
BABY OTAKU,"Fran C, Polima WestCoast, Nickoog Clk, Pablito Pesadilla",3,1982,5,21,170,17,144509,62,13,92,0,23,136.21186927760454,A,Major,78.60164868838925,67.02987361747248,82.07387286982146,13.978495499115889,0.2951546826469664,18.136443459380345,29.785209546400026,1982-05-21,0
Grapejuice,Harry Styles,4,2016,5,10,3512,15,138664,83,6,186,2,31,141.68906323128903,F,Major,82.00364475590983,76.79131821188909,83.54552244608753,20.73331364437223,0.3418627669014651,5.84457594317244,26.7434517990044,2016-05-10,0
POP!,Nayeon,5,2008,5,26,2504,13,181155,295,11,6,5,19,136.56160670882096,D,Major,78.34622753713425,73.55230593699194,85.61509567940936,7.823821470236989,1.4766187020116772,14.6825430637813,27.72742763965317,2008-05-26,0
The Real Slim Shady,Eminem,5,2002,3,13,2227,9,89039,19,10,103,2,15,95.4205018512638,F,Minor,49.53712545036129,58.86699783048166,54.53555307561304,54.98325264261397,40.108154788203024,51.13016714300525,5.963019069575372,2002-03-13,1
La Corriente,"Tony Dize, Bad Bunny",3,2000,5,14,2743,18,199445,154,15,116,8,9,133.53732176281997,B,Minor,81.48991218774566,67.30561154851775,85.83485188696389,16.83544594926866,9.554735177075264,13.326496742523815,15.636927987525556,2000-05-14,1
People,Libianca,1,2007,9,26,1196,5,13109,99,4,60,9,24,146.38742055662084,A#,Minor,75.92701707543593,60.64437500137039,79.20817432135904,22.6568831240064,1.2054350069489506,11.36276084381794,23.344513018750263,2007-09-26,1
Shallow,"Lady Gaga, Bradley Cooper",5,2007,10,22,3214,16,44187,163,8,30,1,25,104.38159904254393,G,Major,53.82129179305847,55.50951046357756,54.39295504676439,48.705930074076704,31.167075108415148,34.745355399477134,9.726290838407827,2007-10-22,0
Everybody Wants To Rule The World,Tears For Fears,4,2014,12,22,750,9,74670,91,7,60,1,6,141.5207498910358,G,Major,94.42116636802668,75.02985371374595,89.81083907430985,6.00898882498049,6.206933585610505,15.76215370617399,27.37313053880173,2014-12-22,0
Heather,Conan Gray,2,2003,4,13,963,4,146723,286,2,73,4,15,132.0584770027889,F,Major,86.56848397599812,62.78280753955388,77.04337660139554,8.109907084615632,3.932415414333399,6.507299943303254,18.890796475026487,2003-04-13,0
Do I Wanna Know?,Arctic Monkeys,1,2004,4,19,575,15,16710,120,9,52,2,17,143.77910036014697,F,Major,79.06148413262913,77.3716535255188,74.50905570588452,6.886356143375574,1.8953526944528087,13.410650520093176,17.630300063218144,2004-04-19,0
Lost in the Fire,"The Weeknd, Gesaffelstein",3,2000,12,31,840,18,186694,33,14,75,5,22,135.26702291274833,D,Major,91.73934470396912,72.4458932220926,77.73989316854708,6.512724180967011,0.1443018768963422,10.928449137321952,26.72567117768734,2000-12-31,0
2 Be Loved (Am I Ready),Lizzo,2,2021,8,21,316,12,146284,40,13,156,2,36,91.57012654939057,G,Major,50.297113666901495,57.09727433369179,55.80485928065195,60.276133485141926,27.248373084828323,41.92714769204039,12.134902671988218,2021-08-21,0
Starry Eyes,The Weeknd,4,2014,4,20,903,8,17427,189,1,32,0,17,90.49715384218528,A,Minor,54.27846076233597,54.59746535827857,49.94613397400671,43.60836592567514,30.67343448687221,52.24487951451404,10.420414925193016,2014-04-20,1
Do They Know It's Christmas? - 1984 Version,Band Aid,1,1979,8,2,1151,2,86563,141,9,54,9,26,144.5169289485463,Unknown,Major,90.41173181022096,62.053496591659766,82.45981893634867,21.790682024384157,4.473454945738403,5.460322885753141,27.70277288148026,1979-08-02,0
"Tere Vaaste (From ""Zara Hatke Zara Bachke"")","Sachin-Jigar, Shadab Faridi, Altamash Faridi, Amitabh Bhattacharya, Varun Jain",3,2010,7,30,3400,1,69817,92,4,23,9,32,98.67418144221676,G,Minor,51.99675228511464,56.03380416197687,41.7324914935778,62.506796087694944,32.265877574258624,42.28584044634764,11.822353371617693,2010-07-30,1
"Tere Vaaste (From ""Zara Hatke Zara Bachke"")","Sachin-Jigar, Shadab Faridi, Altamash Faridi, Amitabh Bhattacharya, Varun Jain",2,2013,2,12,2489,19,45990,115,8,165,5,29,145.68802737509768,G,Minor,87.342913975963,71.21364924651088,83.33888751381012,18.146900838737885,5.309581372391097,10.443574905470513,26.98370766696459,2013-02-12,1
Astronaut In The Ocean,Masked Wolf,5,1979,1,29,4457,13,129660,59,3,112,3,36,144.60928352789907,E,Minor,78.86159718580805,70.16212100642032,76.95032328768175,5.768306657273008,1.3094454292738056,14.567597930592568,29.715738890594583,1979-01-29,1
Thinking with My Dick,"Kevin Gates, Juicy J",1,1987,9,20,2838,0,92670,84,12,43,7,26,92.25487905587283,Unknown,Major,57.42253015528489,44.8644627450013,51.7238234424842,45.406420674225416,41.394691447517445,37.8442954719098,8.464803821352273,1987-09-20,0
ALIEN SUPERSTAR,Beyoncï¿,2,2016,12,26,4623,9,158760,218,16,171,0,38,148.08823876027913,A#,Minor,83.19219390771197,69.89771784067122,80.53415474106689,6.07648598487428,6.942830863122216,18.82098716117853,23.98258349976927,2016-12-26,1
Miracle (with Ellie Goulding),"Calvin Harris, Ellie Goulding",2,2021,8,22,3669,4,23713,245,12,145,3,27,141.4216577109968,A,Major,90.05363470026604,65.62459942854332,79.23350963989694,7.486307995761026,1.0332819817633587,14.49202397444478,16.884882224854316,2021-08-22,0
Keep Driving,Harry Styles,3,1980,6,19,2281,7,131777,188,0,47,5,1,92.5225096716101,A,Major,44.45140028161715,59.66319658558084,39.08360521958919,67.71598924383717,24.21595315550221,44.13440014609873,14.37093155967082,1980-06-19,0
PUNTO 40,"Baby Rasta, Rauw Alejandro",2,2012,4,13,3950,6,108975,164,18,128,4,17,145.184921523018,Unknown,Major,75.39157588606656,67.33007198271052,71.65315167675374,14.901479813936447,8.959800150831535,9.230851027430887,23.006063093299662,2012-04-13,0
New Jeans,NewJeans,4,2022,4,22,3027,0,18901,127,7,107,5,20,105.1679087120792,E,Minor,59.45758382586829,55.04221515554799,37.02132124013761,47.39272473030999,40.55373422064036,32.940853753569435,13.549892836868638,2022-04-22,1
Bigger Than The Whole Sky,Taylor Swift,3,2015,1,11,2018,1,131441,60,11,58,6,28,136.0613415533095,F#,Major,78.41353920399375,74.62193143565224,83.49007798224567,12.539895425025936,5.185709170939319,14.07662256478578,17.183882325020235,2015-01-11,0
Attention,NewJeans,3,2019,1,17,3794,10,26124,215,3,115,1,3,101.62138332813576,A#,Minor,44.444405095189175,49.93104685358575,35.857729200719795,52.42565932164087,35.43069828951573,36.65184370966912,11.38686096930204,2019-01-17,1
I Hate U,SZA,1,1995,9,13,3693,15,2393,241,16,142,5,31,109.39592680920506,G,Minor,53.62049093853405,40.26008103749989,33.28788800432364,66.7687924644254,33.02215362159265,41.61202367467861,11.577724526954675,1995-09-13,1
Somebody That I Used To Know,"Gotye, Kimbra",1,2016,2,27,1849,6,154253,210,7,44,8,41,108.14317468434903,Unknown,Major,40.69949004200966,49.00592176518386,36.91299555377006,50.00332697381216,43.03120470488514,36.82507106920812,10.465901755767725,2016-02-27,0
Freaks,Surf Curse,5,2017,8,13,2395,5,76008,184,5,21,2,18,90.44096565185724,A,Major,41.10154348394887,44.80221247130433,47.99193251056966,67.4042828586816,41.78158122591396,39.70360053411437,8.926212240087686,2017-08-13,0
I'm Not Here To Make Friends,"Sam Smith, Calvin Harris, Jessie Reyez",1,2013,5,22,1488,6,170209,296,18,113,9,40,91.6245406206191,Unknown,Major,47.715571038078245,44.08987103738183,45.34379372201293,50.88263270679583,32.88278017773966,57.69262581155081,12.9148666477167,2013-05-22,0
There's Nothing Holdin' Me Back,Shawn Mendes,5,2016,4,8,130,7,3729,199,5,83,9,1,138.1651864985574,D,Major,94.44788413045438,63.63002885548171,81.26608533755054,10.073887233729938,0.9709817456276272,14.864011828756968,16.286311466968286,2016-04-08,0
Why'd You Only Call Me When You're High?,Arctic Monkeys,5,2019,7,30,2091,5,20237,152,9,96,0,1,141.88493900951624,D,Major,93.54150095474108,77.75309560620579,83.50550619030732,6.781591976034886,2.378602625777182,11.607259529339425,20.325009723947204,2019-07-30,0
Mas Rica Que Ayer,"Mambo Kingz, DJ Luian, Anuel Aa",3,2006,10,5,3881,7,153126,211,11,9,6,24,92.13599624254714,B,Major,45.388386187388434,49.206967987819645,47.77532488695196,61.5728027175266,32.34441846466584,45.02680798171759,12.191445310828913,2006-10-05,0
House Of Memories,Panic! At The Disco,5,2002,11,23,1830,15,8408,259,9,57,1,20,147.6675407480131,B,Minor,84.832922262237,77.23235155015533,81.25495271737311,11.57328250322401,4.192067022216665,9.743484938993074,26.993275795696608,2002-11-23,1
WORTH NOTHING,"Twisted, Oliver Tree",5,2022,6,15,3257,4,192728,113,2,102,1,31,95.58336738790229,D,Minor,45.01779172898146,59.28291822066256,39.83029191518796,61.04321733221538,42.82310192590052,41.70347832277478,14.415775244227827,2022-06-15,1
Double Fantasy (with Future),"The Weeknd, Future",4,1962,9,7,4615,7,5088,23,13,19,2,6,132.9121010165099,A,Minor,78.51866008195964,76.47496260258042,86.51729942544853,22.607829430293783,8.003193241223773,16.04379756630659,20.497252420015297,1962-09-07,1
Thinkinï¿½ï¿½ï¿½ B,Morgan Wallen,1,2013,5,6,3242,11,14248,216,10,12,6,43,95.17761114648438,D#,Minor,43.92452823132248,57.26936192033767,38.25476173665143,44.21926013570348,25.65495696725587,37.412814770771256,12.714190395301092,2013-05-06,1
Take On Me,a-ha,1,2019,9,11,4616,6,173271,164,16,27,3,29,102.12269470789178,F#,Minor,53.82203307735589,44.61309751538644,51.181923925698605,48.580824766204174,47.18729226066671,31.24299474485946,14.689261134775156,2019-09-11,1
Mother I Sober (feat. Beth Gibbons of Portishead),"Kendrick Lamar, Beth Gibbons",3,2014,10,22,3135,14,128750,192,9,76,8,44,90.16375942708386,G#,Minor,51.85067285113699,43.77353692958162,56.9631049525844,43.26704885666579,49.6548667848639,48.40899434782932,13.85822737133696,2014-10-22,1
Everything I Love,Morgan Wallen,2,2008,5,27,2180,3,149943,109,0,138,2,36,144.1055594734646,G#,Major,82.70446887758538,67.45327944782031,77.98196445375977,19.322594566835853,8.011152617428225,12.034784590669677,28.70288133970232,2008-05-27,0
Komang,Raim Laode,3,2011,4,27,4354,2,15879,145,6,18,2,22,134.50813050782722,G,Major,81.96059032415556,61.29426301709256,72.89607105219079,6.397749431317344,3.3323659062840583,14.552119512520552,26.62920278994397,2011-04-27,0
Aguacero,Bad Bunny,3,2012,8,15,2388,10,110864,203,14,129,6,47,145.75626087029417,F#,Minor,81.39201769750122,62.738060424371184,75.55246165919283,16.58485473749688,3.3610644438483392,18.93611964641581,22.2793271508942,2012-08-15,1
Lovezinho,Treyce,5,1992,12,1,1732,3,140359,151,17,60,8,4,132.79787152422352,E,Minor,76.57017969885155,61.346495401009406,86.94071887153669,23.425336970341245,6.362990445839806,17.24922310399506,25.47506185433309,1992-12-01,1
Take My Breath,The Weeknd,3,1979,5,27,3979,15,24419,35,12,145,2,34,102.84384847287846,G#,Major,56.75249008446602,44.68916776003475,45.86185230150849,58.14283673094562,22.75276470017911,46.994127238571664,8.946913629485955,1979-05-27,0
Oi Balde - Ao Vivo,Zï¿½ï¿½ Neto & Crist,1,2021,10,2,1811,10,162544,233,1,136,9,25,131.9675001314406,D,Major,87.4853925227006,77.74200636458882,70.89060564174217,13.032995361735072,8.261983981713513,11.598735391472696,25.791353002985087,2021-10-02,0
LA CANCIï¿½,"J Balvin, Bad Bunny",2,1956,6,7,2393,17,180667,89,17,84,5,37,95.21302011862916,G,Major,56.41039664887822,57.73316402223843,58.38921293874371,54.78512098878536,25.469293009381605,46.64106553039545,6.301987710146849,1956-06-07,0
Rumble,"Skrillex, Flowdan, Fred again..",5,1968,4,7,4926,16,53328,293,19,107,9,39,145.65591010593712,C#,Minor,77.64489205542137,73.47280201482013,72.43488796421539,10.11019581183151,1.9454801893040172,6.209697726941545,22.272962964693804,1968-04-07,1
Di Que Si,"Grupo Marca Registrada, Grupo Frontera",3,2017,11,21,3817,7,54876,110,11,67,7,47,135.22871836674776,A,Major,79.05475909981043,66.4959983687528,74.47337235411779,24.850140487556057,7.471950634431859,9.675135725116135,24.0100939381647,2017-11-21,0
Kahani Suno 2.0,Kaifi Khalil,4,2011,4,29,3693,4,190842,71,14,137,4,24,147.84638115697842,B,Major,83.25810846052958,78.03987790553694,76.4745055773286,16.536867652321348,3.1440170513374777,16.404838656103937,18.965938833578395,2011-04-29,0
Lucid Dreams,Juice WRLD,5,2022,12,13,4239,13,54753,262,12,12,3,28,144.4341443910796,B,Minor,82.64773774787193,77.87036884117416,72.6356290519903,17.961947965518696,0.6665944007527957,19.75155831389572,19.88696333392063,2022-12-13,1
Jimmy Cooks (feat. 21 Savage),"Drake, 21 Savage",2,1976,12,4,2515,19,137244,50,5,180,3,24,143.57945511398964,Unknown,Major,88.20546559761753,79.62780096993124,79.7161032674668,23.07131797787396,3.4042725151054354,15.840360763377548,21.37099901881283,1976-12-04,0
Get Lucky - Radio Edit,"Pharrell Williams, Nile Rodgers, Daft Punk",2,2009,4,22,1933,5,188578,133,11,169,8,48,99.99158797931663,F#,Minor,53.78914948883024,41.55709698744467,55.81305329083061,57.145375849826834,46.60221028308347,42.10399380137373,7.057240216037966,2009-04-22,1
Baby Don't Hurt Me,"David Guetta, Anne-Marie, Coi Leray",3,2008,8,17,1838,9,61631,127,1,199,9,13,136.71102430707904,G,Major,83.08433725300077,65.29503546274154,75.4546581754561,22.531559586281805,0.0050353416803805,6.923721590167097,25.01782072098877,2008-08-17,0
Belly Dancer,"BYOR, Imanbek",2,2011,11,12,159,17,39797,295,10,83,5,4,133.70696395428533,C#,Major,92.78233419729736,73.15647807576366,89.15723252589504,19.680474446146874,1.0722441852159117,7.161087976199362,19.197583910131105,2011-11-12,0
El Azul,"Junior H, Peso Pluma",5,2004,8,14,745,13,126250,162,11,5,7,4,102.34936971466846,A,Minor,50.32672162166045,59.7268293545982,34.76125212832692,61.0091788835539,31.65840779738712,57.83052976475199,5.39214922330912,2004-08-14,1
TRUSTFALL,P!nk,3,2014,12,11,842,12,140168,158,16,148,9,4,142.03498395425123,G#,Major,93.593222749515,62.49238276274046,88.65457767276628,6.064897898716697,1.7462997745740738,5.676376260083244,16.607979875597458,2014-12-11,0
Snow On The Beach (feat. More Lana Del Rey),"Lana Del Rey, Taylor Swift",2,2005,6,23,4620,15,121807,271,0,72,1,7,99.04468504003188,F#,Minor,57.84759259920519,53.93138979232991,46.05105763699174,68.09793981179439,30.861345508461383,30.759264895127416,5.380623212774973,2005-06-23,1
Hype Boy,NewJeans,3,2011,12,23,894,1,4945,279,2,129,6,7,101.39389636852816,E,Minor,58.63686929066481,58.26641529268936,40.88178802987258,58.19954310453109,43.67790664623847,58.36521846051642,7.285221563091841,2011-12-23,1
Efecto,Bad Bunny,1,1959,12,26,2945,2,192989,149,10,40,8,19,147.4992032218339,G,Minor,75.96133731425553,71.72969481172173,86.73961621505302,13.528076751294831,4.00571352397974,9.840925080448082,17.00814833971682,1959-12-26,1
ZOOM,Jessi,5,1955,8,19,3411,2,28640,81,5,159,7,31,93.36233746884676,F#,Major,50.2836545109086,58.13835524677306,54.14504675073493,48.78879178334012,38.53502941231569,40.25682826387873,5.005194173809677,1955-08-19,0
THE SHADE,Rex Orange County,3,2013,1,5,3627,2,173594,107,19,182,7,14,148.84259485397692,F,Major,92.73483765689764,72.72048867036655,77.43690488484351,21.703850493382248,3.0817094314140148,18.58514725130956,19.79203001755891,2013-01-05,0
Do It To It,"Cherish, ACRAZE",3,2011,6,27,2815,8,129185,66,3,136,1,43,98.00843157230972,B,Minor,52.87471838051308,40.1384756634645,39.84875101633931,44.88959516661568,46.58150637230832,33.26345969113345,8.403956325830507,2011-06-27,1
Party,"Bad Bunny, Rauw Alejandro",1,1998,5,21,4320,17,165594,65,6,136,0,15,93.2787135299328,A,Major,41.549464985135074,45.77348148733266,59.54408333551342,69.5593987023069,28.385733387378394,41.24453404179812,6.772766788863192,1998-05-21,0
Vegas (From the Original Motion Picture Soundtrack ELVIS),Doja Cat,1,2005,11,9,4372,3,65301,170,2,156,3,35,105.911151887784,G#,Minor,44.30124236784568,41.424269933190665,37.97614875247969,69.40912281624877,30.40966965176226,42.83976501670839,5.36713336219333,2005-11-09,1
One Thing At A Time,Morgan Wallen,1,2001,10,7,3174,7,15744,238,9,53,1,23,140.28708784874394,G,Major,89.18293364200153,64.98346063679386,82.85958908036693,20.438666690360463,5.494408655502834,5.370537648181913,15.59017080412958,2001-10-07,0
Creepin',"The Weeknd, 21 Savage, Metro Boomin",5,2004,6,8,3112,2,115376,71,0,14,9,1,147.60396955067645,C#,Minor,80.9462874842591,68.72681071531248,72.23480303742411,5.908537586047833,4.169356333268186,17.765674962887694,15.711797033034228,2004-06-08,1
Yellow,Chris Molitor,3,1988,1,16,1720,11,108270,113,11,52,7,5,132.07767752804065,B,Major,76.48253962312634,78.50730713515124,81.84946695081327,15.953019329640544,9.531088935536246,15.742571854697424,26.647104557907117,1988-01-16,0
Sure Thing,Miguel,3,2017,5,20,3790,2,92139,67,11,37,6,32,106.83733648831438,B,Minor,51.58660140138464,58.445555489475815,47.161502870737,43.27562256457476,37.76382831500425,54.97393347331386,10.418048813735826,2017-05-20,1
I Like You (A Happier Song) (with Doja Cat),"Post Malone, Doja Cat",5,2015,9,2,3124,16,85080,136,12,121,0,47,99.17308546013726,F,Major,51.153984444431536,42.08482326934135,55.68856081437551,59.99746191859839,47.35997179352996,30.207941630919905,5.126669835146896,2015-09-02,0
Boy With Luv (feat. Halsey),"Halsey, BTS",3,2013,11,6,4998,10,160027,247,13,110,9,27,135.1351092863268,B,Minor,90.9753314094274,69.6253729925649,87.70713596958413,5.815817211394753,0.8236867142478388,17.73606952447335,17.893176158262083,2013-11-06,1
Honest (feat. Don Toliver),"Justin Bieber, Don Toliver",4,2010,10,30,691,1,30217,124,19,5,7,29,94.00712003714078,G#,Minor,43.7834644042588,42.83326004622499,33.60214667162222,59.25881222281038,35.398896900612634,45.59257031580643,12.306025861646145,2010-10-30,1
Superhero (Heroes & Villains) [with Future & Chris Brown],"Future, Chris Brown, Metro Boomin",2,1966,10,23,127,11,58155,189,3,72,0,32,104.22868137282197,F,Minor,46.89647266201172,59.33376894731737,36.73153282307351,50.7673274511526,34.208781779965335,32.16202339095767,8.63914625687876,1966-10-23,1
Santa Tell Me,Ariana Grande,4,2007,6,21,3120,8,18352,95,13,61,4,37,132.85504788144982,G,Major,78.22189633474795,69.57591508036785,79.3365071344914,5.82664632999043,6.890996750500323,18.2551544928728,16.715995048015454,2007-06-21,0
Rosa Pastel,"Jasiel Nuï¿½ï¿½ez, Peso P",3,2004,3,13,96,0,69164,267,4,123,0,39,103.42843702915266,G,Minor,47.14155113400213,54.09624794191718,59.07358432492765,46.203422997044505,24.02541124608195,50.83766144560952,10.910898951241345,2004-03-13,1
pushin P (feat. Young Thug),"Young Thug, Future, Gunna",1,2006,2,17,1647,8,66507,47,15,186,9,40,131.34469086114368,C#,Minor,77.92709643961646,72.71456772405202,76.80728898146849,23.670074118780448,4.849035400172585,19.274098227289503,18.489517877730485,2006-02-17,1
Anti-Hero,Taylor Swift,5,2010,8,13,2383,17,45670,217,11,123,6,34,143.66521655783717,E,Major,89.68776259085985,78.9318055816776,84.30662111783225,14.913551903975398,8.76380061221409,13.776224637270738,26.974675571394076,2010-08-13,0
love nwantiti (ah ah ah),Ckay,2,2014,2,19,2156,9,160906,12,14,89,6,25,134.57477802836777,F,Minor,79.43760486466581,62.91022324527524,84.95707159242055,19.91228555493864,1.1024027800610448,12.465961601991616,18.15550262114961,2014-02-19,1
Say You Won't Let Go,James Arthur,5,2007,3,2,4337,1,49380,55,18,20,4,23,133.43713983010437,A#,Major,85.96504678134947,77.36304734950122,80.20451189514908,13.574752267239775,8.562325759505656,7.089366493745863,19.79623943490289,2007-03-02,0
Fim de Semana no Rio,teto,1,2000,5,11,1000,17,151891,239,8,157,3,28,149.9657992672709,C#,Minor,88.17317196558449,77.54517060016829,84.26950532968148,14.3831912242489,6.2684333876290825,13.137245223887614,19.9533003570132,2000-05-11,1
Life Goes On,Oliver Tree,4,2011,5,28,3158,13,9569,122,10,120,8,0,108.82798939961285,Unknown,Major,51.4831302902957,54.64394474254188,45.25658623451779,44.12787415479135,33.69130715553561,30.31685818539165,8.71197627728241,2011-05-28,0
TO THE MOON,Jnr Choi,5,2021,10,14,3822,12,173031,18,0,76,8,35,95.2281945779601,D,Major,53.68823563652997,42.505318464881,51.291106733738445,41.64909431054787,43.60238623601279,50.88677916332499,14.54681951957986,2021-10-14,0
Dance The Night (From Barbie The Album),Dua Lipa,3,2000,1,22,2175,11,70550,203,5,15,1,24,132.60957455694793,B,Minor,89.19968643508419,73.42637175939097,75.90067066144545,7.011795910036716,4.7824373070851145,10.897706702486492,15.353878906946823,2000-01-22,1
WORTH NOTHING,"Twisted, Oliver Tree",2,1984,12,10,4387,19,165072,288,19,129,2,31,136.9915372434045,D,Minor,83.88445613873967,78.93434033674379,71.41942239086204,20.831963949422946,8.865251311791853,8.743155150734331,21.567385651605463,1984-12-10,1
Kiss Me More (feat. SZA),"SZA, Doja Cat",3,2011,11,16,2670,6,118016,286,4,178,9,16,104.128067557597,G#,Major,44.4282477340334,45.78620708833856,58.09389775101084,46.55009747688275,30.83559679833724,49.76169900361021,9.501427237254264,2011-11-16,0
I Can See You (Taylorï¿½ï¿½ï¿½s Version) (From The ,Taylor Swift,5,2008,2,3,1535,15,181461,189,12,29,4,48,146.14008721430216,F#,Major,81.95870385938785,74.80494013578661,89.23812653113717,7.0473674747942034,7.311263678600762,10.982802128721357,19.29751226593317,2008-02-03,0
Mount Everest,Labrinth,3,1999,4,16,439,1,60846,237,14,44,0,4,98.42119297594824,Unknown,Minor,55.86883310281157,54.90845074734956,33.24211749042612,65.96789849498482,34.56436417415017,49.167656422872994,14.030710931937625,1999-04-16,1
La Santa,"Daddy Yankee, Bad Bunny",5,2021,11,27,4779,4,42490,277,16,158,3,39,93.72270908695454,C#,Major,49.24061883236303,52.38723548026061,40.814197170194944,63.861945203992406,45.39128308669503,35.895352709071055,5.390553331845029,2021-11-27,0
One Kiss (with Dua Lipa),"Calvin Harris, Dua Lipa",5,2011,4,10,200,8,58252,87,8,87,0,29,130.2304423381078,A,Minor,93.14831400506957,61.198337555483626,73.80194686690463,16.984869635859102,8.6193381528655,16.278443333306324,23.6556338289746,2011-04-10,1
HUMBLE.,Kendrick Lamar,2,2007,9,2,2867,18,124832,99,11,43,9,42,140.55823498153984,C#,Minor,88.41102887366212,70.83024934161162,75.73841623294143,8.548048322894875,8.540235908047137,12.308171135767171,27.107949013919587,2007-09-02,1
Out of Time,The Weeknd,2,2018,8,8,3274,19,162581,135,13,195,7,42,144.51310585539943,Unknown,Minor,75.31703109554994,77.31259241953074,79.61006627669391,21.89305079324293,1.4347253775333224,6.398698110520841,23.89606078471158,2018-08-08,1
Do They Know It's Christmas? - 1984 Version,Band Aid,4,2011,8,10,842,12,85573,40,1,108,7,3,94.36705091019245,Unknown,Major,52.86331146584131,50.15785554334607,55.29627629462081,65.75600804011415,33.844402316692786,35.50645229793907,5.907798687563117,2011-08-10,0
Man Made A Bar (feat. Eric Church),"Morgan Wallen, Eric Church",5,2000,5,27,2320,17,62509,204,3,155,6,28,103.68987347616672,E,Major,52.6640696681822,45.57364310491582,32.75238774954196,41.82102815135437,37.370564521142185,40.83085684048069,12.908591272249144,2000-05-27,0
Circles,Post Malone,4,2019,12,3,2008,5,180492,67,10,60,1,11,135.0460954461658,Unknown,Major,77.85481241629778,61.267211244941045,82.7300523563317,16.333664055640174,3.2317247411853858,17.097405945017762,22.511841018502903,2019-12-03,0
Heartless,Kanye West,2,2013,4,1,4669,19,16686,98,19,154,5,25,94.4737917548124,A#,Minor,56.09552213458373,43.472374040859805,53.26023963443389,52.209443661659705,43.200112177146,49.91573214957775,7.146172934562401,2013-04-01,1
A Holly Jolly Christmas - Single Version,Burl Ives,5,2000,7,24,2106,14,167052,292,18,40,9,18,98.57334468861112,Unknown,Major,43.44551891609782,56.03201834038848,36.9940057659545,60.22250159910061,29.596977469535886,54.700323489567424,10.60401637742818,2000-07-24,0
BREAK MY SOUL,Beyoncï¿,3,1989,2,20,1641,12,146308,265,16,167,9,24,140.4625306251933,C#,Minor,84.05152759322232,70.082571378137,82.96647511912728,8.212090748994614,9.22061335929593,11.084837015972337,25.934169342049124,1989-02-20,1
CAIRO,"Karol G, Ovy On The Drums",5,2017,1,19,2342,3,151045,26,0,166,9,15,109.2897646461911,F,Minor,42.82227775433656,51.10078950536156,32.97291240669697,67.57466857439535,22.891825875551262,47.60642356530682,14.429490410704927,2017-01-19,1
Something In The Way - Remastered 2021,Nirvana,2,2003,11,28,1128,19,177270,273,8,132,9,47,140.31341812193446,G#,Major,79.30085008838398,65.4509375889777,71.4916906667193,19.40184327592299,6.809441847051846,18.16813550113136,26.400909922878387,2003-11-28,0
Dawn FM,The Weeknd,3,1989,10,9,3420,19,72426,12,18,196,9,11,96.52755926105996,A,Minor,52.951682283003066,52.33577307497698,55.92668054453918,41.22443550499715,49.08683999095896,58.641705499884814,13.986937913378412,1989-10-09,1
Blinding Lights,The Weeknd,2,2021,12,3,3633,10,45664,18,11,12,1,35,144.7487560955025,C#,Major,76.33192578950059,75.28185698922718,84.32798714251774,11.565028399713892,4.436825592451591,5.950796427962438,20.85916631059637,2021-12-03,0
Numb Little Bug,Em Beihold,5,2019,7,3,1961,12,160250,69,0,199,3,48,104.99139313735644,G#,Minor,43.5556025727324,59.05673316710619,55.66634160183271,43.25102299786308,26.94229909337771,56.68016695620035,13.853661921277231,2019-07-03,1
Ya No Somos Ni Seremos,Christian Nodal,2,2009,4,8,1655,17,74104,54,13,52,6,42,144.35401307644605,G,Major,83.69395282065456,66.4514552031562,73.47522139194086,8.881466057658995,8.939958157400836,18.576578063023547,18.175730969495294,2009-04-08,0
Mount Everest,Labrinth,3,2006,3,14,4111,12,166566,108,0,67,2,5,144.4116082846643,Unknown,Minor,83.63339561290988,77.41084345718377,85.71341596072021,13.40757685634139,0.9060289738966998,7.0381331649676016,16.709447895434355,2006-03-14,1
Bite Me,ENHYPEN,3,2007,6,18,734,2,53852,189,19,62,4,7,131.06280076423107,C#,Major,89.55449631181138,69.7004041231776,85.80407039200077,22.85062899215393,6.710636911275593,16.695814496154117,26.84779229332812,2007-06-18,0
Like Crazy (English Version),Jimin,3,2020,8,15,4755,16,31413,153,11,41,3,26,135.60050824462792,G,Major,75.15205329437944,62.65067348650497,78.87831159996193,9.74985422886122,0.5861979045708243,18.919129751094264,17.99594517426499,2020-08-15,0
I'm Not Here To Make Friends,"Sam Smith, Calvin Harris, Jessie Reyez",1,2012,8,25,1236,1,35573,224,14,35,3,11,134.88109819097562,Unknown,Major,81.62852865153235,62.0626006865608,82.65622360210126,17.500219270550165,0.4222035468376872,17.88007911086168,28.790847304784783,2012-08-25,0
Demons,Imagine Dragons,2,2000,2,22,4801,11,182131,93,16,191,0,16,135.18002597478684,D#,Major,78.53667158627147,62.29469053876553,82.43764850332975,24.05699640150977,1.6570333575896912,17.523568089233954,22.82229855204399,2000-02-22,0
Stand By Me (feat. Morgan Wallen),"Lil Durk, Morgan Wallen",1,1973,10,26,282,19,156948,292,10,50,5,45,102.37938292797196,B,Major,59.01324850937608,48.36751061621202,42.16747816136171,54.64555563249495,40.01660590659691,33.32647603469512,8.484849025108417,1973-10-26,0
Night Changes,One Direction,4,2005,11,2,1450,7,60914,286,12,189,9,46,107.49652824247778,G#,Major,40.53350423684556,56.546214214178406,52.57784380985856,67.23184847344268,23.63249371001884,48.71073827231173,12.773054000374517,2005-11-02,0
Running Up That Hill (A Deal With God),Kate Bush,3,1990,2,21,1945,3,79975,40,14,101,2,40,130.45608935023944,A#,Minor,75.40312299432001,69.36603821916219,89.0656137260871,5.213571758080933,6.120950201991535,12.091062000882616,27.628836604263743,1990-02-21,1
ULTRA SOLO,"Polima WestCoast, Pailita",3,1970,6,14,131,9,96021,296,10,38,9,27,136.06340827269963,C#,Major,93.6250024824895,68.13830075090601,75.4800693715886,10.047902249727798,5.751653134740398,19.83400596121548,17.797872153564207,1970-06-14,0
Snowman,Sia,1,2020,7,18,4887,5,168135,288,2,166,3,25,105.70003461928935,C#,Major,43.65476490038851,42.77406849926146,34.56075697075871,67.64764716650384,40.02385823461532,47.47804080063919,8.422691386146917,2020-07-18,0
STAY (with Justin Bieber),"Justin Bieber, The Kid Laroi",2,1983,10,20,290,13,101419,285,12,36,4,13,100.6769773356337,C#,Major,55.88074078219728,46.89550077853279,57.2164776726994,51.73828044274115,35.7402757142067,36.70425305397156,10.581793930009054,1983-10-20,0
Ghost,Justin Bieber,5,2021,7,4,3424,15,150256,128,17,110,7,14,94.44075737354628,D,Major,58.71483665194654,52.4331704497429,31.79097339695177,40.15147073783773,46.5606291236525,42.70486236920553,5.0628084627615095,2021-07-04,0
Unstoppable,Sia,1,2003,10,9,795,19,178663,15,6,146,6,13,137.83903259683044,A,Major,81.39202999601497,73.12356228903998,87.94495659222598,15.532813205588177,7.61789144727976,8.1515299772725,26.1587502613116,2003-10-09,0
Christmas (Baby Please Come Home),Darlene Love,5,2017,11,7,1894,14,64549,133,19,197,7,24,137.1398133623256,D#,Major,83.26654338277223,74.94906160085836,76.46960863341289,15.72506037854809,7.499660260110891,9.336916650844422,17.572966010567423,2017-11-07,0
Jordan,Ryan Castro,5,2021,8,3,1981,4,49028,99,9,187,2,44,108.61538421610874,A#,Minor,52.355817018461366,57.0965222661492,42.86266093944199,58.905478922202505,20.76205891487282,54.12537682580693,8.8389043778572,2021-08-03,1
Mary On A Cross,Ghost,2,2012,5,28,3811,6,68148,270,14,27,5,14,102.99641025827378,B,Major,46.617149116974126,46.26940441140564,56.642742003858814,48.83723675571642,28.0327178639328,52.22994107556282,5.557084641748803,2012-05-28,0
Prohibidox,Feid,4,2010,5,14,1650,5,71219,45,19,114,6,32,137.48893409117878,C#,Minor,75.91759677457875,64.28020141864901,80.66245233629185,14.94241061451579,3.9537231374787,18.557239266529475,29.643999599215743,2010-05-14,1
Under The Influence,Chris Brown,3,2016,2,17,969,3,91821,173,19,74,5,42,101.55447388851002,A,Minor,41.24753328860235,46.5422753973309,54.881382652947565,45.47145463072548,40.03727583981032,47.082546939844406,13.994053695285746,2016-02-17,1
Ghost,Justin Bieber,5,1962,3,20,3054,12,16054,123,6,173,4,26,107.42561137953768,D,Major,58.23719875178364,42.66545983021054,49.01998790734786,47.245084121706725,45.70632654569104,35.55302098846372,11.702920269349164,1962-03-20,0
Starry Eyes,The Weeknd,3,2011,1,28,1459,1,154010,177,15,187,3,40,133.52958486180125,A,Minor,76.41511898311884,77.49267935446755,83.11316965692588,19.58165728361564,2.1371554389187497,19.552996590790585,22.522803049347655,2011-01-28,1
Unholy (feat. Kim Petras),"Sam Smith, Kim Petras",3,1979,9,4,1718,0,70091,123,17,139,1,14,133.7570190920854,D,Major,86.03655014946405,79.55798866783826,84.98149284244276,21.912688756193617,0.226686570892578,18.15037602842236,23.9144772160554,1979-09-04,0
Until I Found You (with Em Beihold) - Em Beihold Version,"Em Beihold, Stephen Sanchez",3,2003,4,1,3368,17,179644,194,12,80,0,3,145.53845305071565,A#,Major,77.7040765973926,78.24105692132801,73.67072733729847,23.57345476089456,3.862329460982681,19.280199998822177,23.5513718406151,2003-04-01,0
Antidepresan,"Mabel Matiz, Mert Demir",4,2015,5,18,389,9,185977,255,13,149,8,20,146.2100383775758,B,Minor,93.69597028553451,63.9486657944139,76.30092509419879,18.14558869625916,9.059037306386982,9.026457265718486,16.8613693880616,2015-05-18,1
PROVENZA,Karol G,4,2008,12,31,1541,11,126789,207,13,60,0,36,143.15588098751684,C#,Major,82.67996251871028,62.01824798066173,83.60729715906022,13.120574256684952,9.673718157677326,9.773053108852672,25.46452832066384,2008-12-31,0
Bar,"Tini, L-Gante",3,2014,1,5,1474,5,15924,66,18,11,2,31,109.37295079616705,C#,Major,53.94399823801179,46.20313155605616,58.28635064835484,58.81434930780391,48.7211312649739,37.17044524472194,11.458072623186068,2014-01-05,0
295,Sidhu Moose Wala,4,2005,4,4,353,1,50383,214,18,33,3,38,109.07782604516495,B,Minor,52.50578858216765,57.4987145121062,46.20704650417497,66.6314151434131,49.10493807246978,53.30215822706518,10.809069233001876,2005-04-04,1
Rolling in the Deep,Adele,1,1998,9,12,777,16,20634,84,13,106,6,49,133.24289900729167,G#,Major,85.41916562507562,64.52595756146353,88.1810443999577,22.33268647339424,9.832238081427557,16.750429770524722,24.6975431957938,1998-09-12,0
Freaks,Surf Curse,4,2002,8,13,2177,2,123976,286,16,153,8,36,104.68916272260265,A,Major,54.55882560986702,54.53390158315402,43.77636573190412,52.6424188249694,43.50054277231185,52.40168317291623,10.994183823839712,2002-08-13,0
good 4 u,Olivia Rodrigo,2,2014,4,24,2974,16,21549,165,13,116,3,17,136.16802296878714,F#,Minor,84.78861041281641,77.24779381190865,71.23175130357689,22.95672038534669,2.8968464374274614,7.617763048684979,20.88004030807236,2014-04-24,1
Grapejuice,Harry Styles,1,2018,11,3,3698,4,190605,114,4,82,0,29,133.30878073845477,F,Major,92.03800043966726,62.5475337705064,83.04922854682565,20.038253736158584,0.3757364005063945,6.687450806362637,25.504281076441487,2018-11-03,0
Hrs and Hrs,Muni Long,4,2002,11,25,3327,18,157889,121,3,89,4,7,103.89798027376456,G#,Minor,53.02082162391698,54.4054553853405,58.244593062698456,45.60253635379418,25.54490235937393,38.846073662214245,7.251158784489262,2002-11-25,1
Sprinter,"Dave, Central Cee",2,2011,2,20,2110,1,117810,187,12,78,9,0,133.42437046671284,C#,Major,79.75384786020273,66.87521482663333,77.90747035928241,6.685625165802536,8.990289908161802,11.207995952063287,23.56185991946724,2011-02-20,0
Grapejuice,Harry Styles,1,2016,8,27,2248,19,2461,12,14,97,8,45,100.30641635616205,F,Major,56.20235335631315,52.25517799805908,54.273318986011546,65.679100226309,40.77046251623341,32.08055399073666,11.898169866262704,2016-08-27,0
California Love - Original Version (Explicit),"Dr. Dre, 2Pac, Roger",1,2022,7,17,1291,12,38181,207,7,104,4,23,133.3613065584852,G,Major,82.88902376481877,70.67573045527682,71.90675368781912,10.75822787695272,9.028551911504294,10.808954561380936,15.259124746542,2022-07-17,0
Take Two,BTS,5,2008,7,12,2970,3,119942,78,15,163,9,2,134.32410964923776,G,Major,94.71146113491002,64.67839783941386,78.19695707264796,19.255083132942644,5.638331531332648,17.21742197657361,23.17694848670448,2008-07-12,0
En El Radio Un Cochinero,Victor Cibrian,5,2018,4,27,3100,15,112487,256,17,184,5,14,130.9312992099908,F#,Minor,77.2023963224575,68.25937912453055,74.5364845711591,19.4192498023576,9.599134975702356,18.79102979824137,17.659327345039383,2018-04-27,1
Born With A Beer In My Hand,Morgan Wallen,5,2017,5,13,2696,14,4391,109,9,8,4,29,90.6902974683164,Unknown,Major,44.3845281306731,49.651695714870456,32.5307238200557,61.55615793708506,33.00257065525354,45.37167658156483,7.397845369852196,2017-05-13,0
La Bebe,Yng Lvcas,1,1981,1,30,2121,17,171749,38,16,191,6,11,99.96501032278928,D,Minor,49.03628237202834,56.81277935339149,39.64766482101391,45.03652790905558,31.735078014119573,41.72078866769998,8.726949843561906,1981-01-30,1
About Damn Time,Lizzo,4,2014,2,3,1427,1,111653,140,8,39,0,11,102.30247974661836,A#,Minor,49.369325328498,56.59768405699369,46.74976184455004,40.37438138784087,22.15609135552225,40.13509657965656,11.945655358288128,2014-02-03,1
Demons,Imagine Dragons,2,1973,7,24,2774,0,166523,82,8,110,2,7,141.9125922062002,D#,Major,90.6556322652726,76.90286252779401,82.72008139618575,14.930407279671238,9.02644349108165,17.32632902550689,22.64754714512564,1973-07-24,0
Last Night,Morgan Wallen,3,2002,3,6,412,10,124725,234,6,45,3,13,137.45583100311163,F#,Major,93.14495036549228,69.99924727131769,86.50794479975656,24.03008894566228,5.713792588177555,17.4992948408134,22.98794783228681,2002-03-06,0
Calm Down (with Selena Gomez),"Rï¿½ï¿½ma, Selena G",3,2001,10,17,1202,5,47981,208,5,142,5,48,106.96174834849413,B,Major,42.160799608574365,49.160802688967706,36.89884772477577,42.91071750821502,35.25156432058079,40.99239602725129,10.516989937556662,2001-10-17,0
Iris,The Goo Goo Dolls,1,2017,3,15,2381,12,132246,113,13,16,1,5,95.62292691895352,B,Minor,45.78815842158936,45.58654750612626,56.92372575056139,51.633749806695896,47.828894283885205,45.02096639517453,13.575606532947816,2017-03-15,1
Ley Seca,"Anuel Aa, Jhay Cortez",5,2021,4,8,4091,17,87253,290,9,185,1,34,96.4942037595884,G#,Major,53.529414167583376,40.075655570039785,30.6544478077026,56.84857410882658,49.64688999331443,39.74061827151377,8.197965748709795,2021-04-08,0
Take My Breath,The Weeknd,5,2006,12,30,4548,0,184577,156,1,156,0,0,132.0939588112955,A#,Minor,77.48633273279482,75.86552432354709,84.01620244810688,5.361955755934879,9.474533340125715,10.494752486873663,24.135638562299576,2006-12-30,1
Everything I Love,Morgan Wallen,4,2021,6,11,1853,5,164710,146,0,68,6,5,96.553698931995,G#,Major,57.38084296664985,52.118882039466456,49.82857458802481,42.03107305635772,23.325467853867416,38.92167778705188,7.427028647219743,2021-06-11,0
Ojos Marrones,Lasso,1,1970,8,17,3821,10,23993,174,13,116,4,5,102.92699794149216,G#,Minor,54.64422653844702,57.696647406166974,47.74062353341683,40.86842534196881,27.470744561949907,32.99131932199089,14.796564041096005,1970-08-17,1
Callaita,"Bad Bunny, Tainy",5,2008,1,8,3862,18,11401,293,5,26,0,22,147.52957610288445,D,Major,79.72549242582919,66.35107377683916,80.24143889397328,7.738329336401478,6.4134209389912655,12.748882634250757,28.48977344007711,2008-01-08,0
Private Landing (feat. Justin Bieber & Future),"Don Toliver, Future, Justin Bieber",3,1968,8,19,4608,4,126884,258,10,21,7,10,137.44458907317414,C#,Minor,83.10219508723947,76.01583868722572,85.91478849119103,19.548815375329447,2.6992328692548173,15.42619951485718,22.73828353221317,1968-08-19,1
Static,Steve Lacy,2,2014,1,23,1690,8,104504,114,13,115,9,8,109.99098760658802,C#,Major,56.9227454325592,42.20829788993671,55.15078572226827,52.95605454119566,29.58204990319793,39.73864906300758,11.38902097073887,2014-01-23,0
Gone Girl,SZA,5,1983,6,18,509,16,117986,156,5,129,9,30,93.36045813969513,F,Major,41.66795995215168,52.16431573581812,31.52796556595269,40.29463117473185,27.69170786849352,53.4539822933412,14.673550567026686,1983-06-18,0
The Real Slim Shady,Eminem,1,2004,5,9,2685,10,180944,195,11,186,6,10,147.791559936248,F,Minor,92.55023076449636,65.19586435624575,80.71495155641445,8.711334828052912,6.67729984559705,11.852144011587512,29.80459040455637,2004-05-09,1
THATS WHAT I WANT,Lil Nas X,4,2014,2,7,191,16,95335,95,6,165,2,24,94.11195769390402,C#,Minor,56.03338305771947,49.09201601157045,36.33717320916588,66.62661723524779,22.63715739410877,49.576170008798414,12.707211188350264,2014-02-07,1
Malvada,Zï¿½ï¿½ Fe,5,2003,6,23,3596,12,123223,88,17,86,4,24,92.96993663842127,F,Minor,52.71330581573413,58.46521082247574,43.393156489565314,41.3319843813012,47.902754909664125,39.22707532121908,10.241350353815667,2003-06-23,1
Mejor Que Yo,"Mambo Kingz, DJ Luian, Anuel Aa",5,2020,3,14,1838,4,50761,258,8,17,6,11,100.63675514898692,C#,Minor,59.140446867444815,45.011032935679175,34.8106826186434,48.2772433659372,35.028798207215274,42.767209397500665,12.209989614961607,2020-03-14,1
Those Eyes,New West,3,1959,6,6,2454,16,142265,63,12,114,5,44,131.75916263483543,E,Major,81.0246186935786,65.29130952486827,81.49106772571366,5.9032551387771415,8.390470435042172,14.23450303607119,28.794169640110265,1959-06-06,0
Bar,"Tini, L-Gante",2,1955,1,17,4930,8,116246,252,9,24,7,17,147.6988376015145,C#,Major,90.65374454039862,73.83409606213908,75.61813094127041,14.028883015410354,1.1208127742142535,12.444572780587162,16.983459765046845,1955-01-17,0
PUNTO 40,"Baby Rasta, Rauw Alejandro",1,1963,3,1,3636,14,180482,144,1,121,2,26,103.90323185236063,Unknown,Major,59.97594301636484,50.598668085085215,46.74519021566763,53.84853465386734,31.106266654909263,55.20070919033991,12.295746552133856,1963-03-01,0
10:35,"Tiï¿½ï¿½sto, Tate M",3,2020,12,12,3572,6,90219,274,5,95,7,26,143.2951881585461,G#,Major,76.46625517768939,77.76922621582484,84.60424609654439,8.501559337529784,8.302278244317739,11.33458258606646,19.11644007374189,2020-12-12,0
When You're Gone,Shawn Mendes,2,2008,2,20,1030,16,91328,244,1,155,0,19,90.90310780142669,F,Major,43.00430487074226,45.59131511918699,44.75139663546156,52.96328766602417,45.57173116607414,35.3052008978348,7.110583100583511,2008-02-20,0
Have You Ever Seen The Rain?,Creedence Clearwater Revival,1,2007,12,8,2220,10,22878,250,9,15,9,43,132.57117674872944,Unknown,Major,92.51839910783576,63.89692435221589,72.98613045740952,23.438443913882157,3.56329227392715,13.88098217814555,19.2195130017274,2007-12-08,0
Un Ratito,Bad Bunny,5,2014,1,20,3835,1,185470,25,0,14,9,16,132.48543718536183,Unknown,Minor,88.96715541221903,63.015713294279806,74.89569898830312,7.885025893734103,7.149311219067117,13.463869608356436,26.1250891008348,2014-01-20,1
Lucid Dreams,Juice WRLD,3,1980,10,21,3444,5,187077,103,17,106,5,38,107.034698936924,B,Minor,48.69738501754464,54.01914957160087,54.67062554438103,64.85600582130778,23.14816602874336,54.8540287752941,11.733240070750698,1980-10-21,1
Happy Xmas (War Is Over),"John Lennon, The Harlem Community Choir, The Plastic Ono Band, Yoko Ono",5,1984,11,15,2279,12,196902,73,3,35,5,13,102.43197975034434,D,Major,57.64318743442602,48.4684087065108,37.611474322446966,54.90928164560569,38.892022932322575,32.91787314877088,11.137183003481596,1984-11-15,0
Yandel 150,"Yandel, Feid",2,1992,8,13,3776,6,190964,223,4,67,6,24,135.6288411392318,F#,Minor,80.63193037793425,61.05640891709376,70.34008509744515,7.022401614987974,9.944256657797416,13.487663931521856,16.075003884901776,1992-08-13,1
"Nobody Like U - From ""Turning Red""","Jordan Fisher, Josh Levi, Finneas O'Connell, 4*TOWN (From Disney and Pixarï¿½ï¿½ï¿½s Turning Red), Topher Ngo, Grayson Vill",4,2018,6,19,4027,17,109370,89,0,137,3,23,145.0829669016988,A,Minor,93.112633658838,66.84541016039152,78.33985075340529,6.854032942090704,3.808183365230876,8.429029114863757,29.881705034823558,2018-06-19,1
pushin P (feat. Young Thug),"Young Thug, Future, Gunna",4,2010,9,1,1469,0,11649,153,3,91,4,13,99.18645673902108,C#,Minor,57.29718288523942,40.22225505096776,59.91657375877338,47.54605212048156,32.94213336505408,42.19465874359739,8.718799727954249,2010-09-01,1
"All The Way Live (Spider-Man: Across the Spider-Verse) (Metro Boomin & Future, Lil Uzi Vert)","Future, Lil Uzi Vert, Metro Boomin",5,2002,4,30,1737,13,4622,129,1,28,8,22,103.92973078336055,A,Minor,58.74957986437883,59.74784128335426,42.2371681819528,63.2225631501692,22.42444653482681,37.0177187171648,7.984159302247324,2002-04-30,1
I Know - PR1SVX Edit,"Kanii, PR1ISVX",5,2011,2,4,164,13,161590,254,13,23,4,32,136.05123169167072,B,Minor,88.64538766740036,75.4515197800651,72.21047553545398,11.181094437728405,7.351087660257222,17.655882081396467,16.976833960619242,2011-02-04,1
SNAP,Rosa Linn,4,1961,9,7,3224,8,52189,96,13,48,5,3,142.28041053402188,Unknown,Major,78.41142228415524,73.03074127919572,71.45500300927002,13.91853296215157,9.152683099271734,10.712207036413975,22.21476991127726,1961-09-07,0
Yet To Come,BTS,4,2006,5,22,233,4,98902,239,8,56,4,18,133.49754281220157,C#,Major,85.30416896253652,68.44673408758341,88.31451211937764,10.683999835411829,5.757268806971322,8.30601500914552,27.300828358877748,2006-05-22,0
Gato de Noche,"Nengo Flow, Bad Bunny",3,2002,4,8,180,4,136577,108,18,180,2,10,93.65520451518223,G#,Major,51.33757032943792,47.565123871137175,35.66249628911737,64.44314910234183,24.98398597484377,47.22001280627481,12.029003886753866,2002-04-08,0
"Tiago PZK: Bzrp Music Sessions, Vol. 48","Bizarrap, Tiago pzk",3,2016,11,10,655,18,141750,175,8,67,8,44,108.85996257848512,C#,Minor,43.35081783813487,42.60117764158095,31.497400004057223,40.5287784300664,33.826069883467525,52.64585066215234,8.860209831648952,2016-11-10,1
LALA,Myke Towers,3,2017,2,20,223,12,104477,195,4,89,2,15,139.65528777620725,C#,Major,88.78044120764133,64.81316336968456,70.76484326126102,22.9900264511519,4.210810643262279,19.709838095732312,25.872600689297307,2017-02-20,0
Ella Baila Sola,"Eslabon Armado, Peso Pluma",1,2020,1,19,2308,19,30855,24,10,172,5,8,100.17480772604613,F,Minor,47.74743033456943,59.73460489672119,51.26559100920045,42.56757780279142,41.82928270075835,51.72547763392732,9.15793156010148,2020-01-19,1
Vai Lï¿½ï¿½ Em Casa ,"Marï¿½ï¿½lia Mendonï¿½ï¿½a, George Henrique &",3,2014,3,5,3932,14,197975,101,7,88,9,25,137.45852930423945,G#,Minor,79.88208005779686,76.24836932629516,75.3172312499723,21.397368058557703,1.7093590423023697,11.531113768872334,18.296050297080757,2014-03-05,1
Neverita,Bad Bunny,4,2020,7,18,666,3,96857,292,3,31,4,8,138.65134904707458,A#,Major,85.7841905692828,76.47045082565056,81.32122856939458,11.041548419611614,3.92661991748636,17.15921670260241,23.58431499216856,2020-07-18,0
Danger (Spider) (Offset & JID),"Offset, JID",1,2011,3,23,2578,2,23985,282,8,122,2,27,148.5294291106994,B,Major,86.5523959393035,69.40764797298547,87.77629838021224,22.487749037671044,9.81314460031148,13.073416641050107,25.922061155609967,2011-03-23,0
Leï¿½,Marï¿½ï¿½lia Mendo,3,1984,7,18,800,10,94295,197,6,182,9,32,92.20586390047087,F#,Major,47.63629438517694,49.74970424096682,31.54926567079449,47.537932093836616,25.79251229289866,39.86978922645991,6.285979074551737,1984-07-18,0
Numb,"Marshmello, Khalid",1,1957,6,27,4157,17,139130,14,18,179,9,5,144.6905763997819,Unknown,Minor,79.78944665942579,61.70955905782487,87.78079520797533,9.706100593512977,4.414916354476842,19.811985251218857,25.940866308838967,1957-06-27,1
Shape of You,Ed Sheeran,2,1961,4,6,1745,8,22018,264,17,86,7,14,146.322372827878,C#,Minor,84.7211232169164,78.86209809601758,73.60780095524,7.997966124516262,2.5822435710947147,10.125200374996844,20.3330507281975,1961-04-06,1
Ya No Somos Ni Seremos,Christian Nodal,1,2017,3,9,4170,17,6766,17,13,68,0,48,108.01924829124684,G,Major,51.80420670381523,51.879179831024295,54.51458203896961,50.42162427832646,26.80790514047661,37.53277872848424,6.111246021320263,2017-03-09,0
Still Don't Know My Name,Labrinth,4,2019,8,23,2040,16,39427,103,10,156,5,31,139.91398917688142,F,Major,87.9541022631603,77.69009278338628,74.00601060632718,16.545315424231525,1.0163222908371516,6.350175730702484,16.320617559276936,2019-08-23,0
Holly Jolly Christmas,Michael Bublï¿,2,2005,12,22,477,10,32718,219,1,167,4,16,101.39639419207892,G,Major,49.29326073781928,45.72346380114327,48.28362824751757,62.25948404901165,41.966865976585225,35.770013579561514,9.638743778429774,2005-12-22,0
Major Distribution,"Drake, 21 Savage",1,1967,11,23,1305,15,133509,294,9,133,6,6,103.8203629378934,G#,Minor,45.80993399960951,41.2736964284727,52.58784442985679,64.6998443615501,46.267452884428224,51.1172841236145,12.7302056304954,1967-11-23,1
Boyfriends,Harry Styles,5,1967,12,2,3088,14,77841,160,16,160,0,39,93.54105309108516,Unknown,Major,48.24276016093296,59.70460045602716,40.589906227923535,50.84801273438789,42.15313679796117,41.72978673160917,14.165662751260644,1967-12-02,0
SPIT IN MY FACE!,ThxSoMch,1,2014,5,1,4434,19,107188,80,18,188,9,24,108.341201180072,G#,Major,44.2953020792641,59.18563788012567,31.77256527778387,53.308308360778376,30.231612617005187,39.916809494814544,9.77967874315132,2014-05-01,0
Adore You,Harry Styles,3,2004,3,4,4541,8,174346,227,7,179,5,15,103.17493304408512,G#,Major,55.97616745890754,47.38726720617703,32.209630138162375,65.43521666617289,30.07955562559748,42.04201239999764,7.657921603687252,2004-03-04,0
favorite crime,Olivia Rodrigo,1,2001,5,11,4501,0,15893,83,19,126,2,30,99.9372990436293,A,Major,52.16152021624356,57.20194633449798,34.85360571334391,66.19532280759485,46.78867029041139,41.23568247686458,12.533748061534052,2001-05-11,0
In My Head,Lil Tjay,1,1988,10,13,1182,16,46619,268,12,197,0,48,98.72128318894237,C#,Major,56.0519183235806,53.49155634898607,43.59168897299196,51.90205772236147,42.14290413476163,57.20791571375175,7.980848853800085,1988-10-13,0
Better Than Revenge (Taylor's Version),Taylor Swift,5,2018,12,5,4924,4,70064,115,7,75,2,8,105.183347267021,B,Minor,41.74595180480311,56.35347466659354,51.39201609738966,64.32565847679768,39.62074163417869,49.02929270225716,14.26047058643997,2018-12-05,1
Un Ratito,Bad Bunny,3,1984,12,24,4159,3,147124,207,13,48,2,0,134.0206157146721,Unknown,Minor,83.13498851079089,62.86922535366319,84.35539015320101,5.039715522206105,8.612206929011885,7.438298030887015,25.49680372820552,1984-12-24,1
I Was Never There,"The Weeknd, Gesaffelstein",1,2008,9,28,671,6,111054,261,7,166,6,34,135.8934289732972,A#,Major,93.03100223496264,65.86873618749482,78.88174342856863,18.42718303807752,3.988643674382784,7.483435070767308,28.036017808442978,2008-09-28,0
"I'm Tired - From ""Euphoria"" An Original HBO Series",Labrinth,3,2011,7,23,3765,18,13531,14,3,199,8,29,90.97614454197122,Unknown,Minor,43.87336612013135,45.25979447064788,30.00776888177048,45.54557498767875,21.302546951202167,59.87196596438518,12.736661967761323,2011-07-23,1
Phantom Regret by Jim,The Weeknd,1,2013,3,15,3121,12,180061,108,10,24,7,42,105.91631568621956,A,Minor,49.710143498288,57.16441580848956,52.93980765344432,69.51827262199743,40.43549439866491,34.050243848828764,12.576925975241606,2013-03-15,1
Quï¿½ï¿½ Ago,"Yuridia, Angela Aguilar",3,2001,7,9,2535,5,73377,229,13,41,9,45,131.25412929223867,B,Major,87.78887560007043,63.880942188584974,75.3039385827377,16.903267991173045,7.315959344833324,8.920198235298628,19.641429744352877,2001-07-09,0
CHORRITO PA LAS ANIMAS,Feid,3,2022,3,4,1715,15,132559,11,9,175,3,4,146.84440760621058,G#,Minor,75.34195875863526,69.6164814532458,74.87046685701465,21.17369423329594,6.037049288746407,10.092663893544051,15.12893750973558,2022-03-04,1
The Business,Tiï¿½ï¿,3,2013,3,13,534,1,188703,145,14,120,4,42,145.7417013941193,G#,Minor,85.06426385118007,76.15129328747615,89.91198547955081,22.531806642496296,0.0829206183152586,15.61833373515107,22.937765131719733,2013-03-13,1
69,"Nicky Jam, Feid",4,2014,6,1,2907,2,118314,170,13,148,8,14,101.6486843999207,G#,Major,54.58541355810542,54.39061555708327,36.43433290354236,49.33743291868757,30.327062789992937,47.6745126402444,12.15732503482425,2014-06-01,0
Midnight Rain,Taylor Swift,4,2013,11,20,2321,17,51858,275,12,161,6,8,93.78205513726846,Unknown,Major,41.58027504191481,47.38311824949968,56.64173885228495,44.23858070419141,40.51567550911926,44.31145713902206,8.522147766557865,2013-11-20,0
Better Days (NEIKED x Mae Muller x Polo G),"NEIKED, Mae Muller, Polo G",3,2003,2,17,1295,16,167330,67,13,163,7,38,108.52427204466748,Unknown,Minor,59.03758682012765,58.36228408692728,55.21132086340188,51.77496552841395,40.39539565600927,57.225703408039806,8.748572462189076,2003-02-17,1
WORTH NOTHING,"Twisted, Oliver Tree",1,2010,9,2,2913,5,26685,236,9,25,3,20,145.53329143035273,D,Minor,82.52695269255608,66.67150749630962,87.88456295931721,6.916980284825662,2.7047262119308337,17.810945456627195,29.152184706197925,2010-09-02,1
Creep,Radiohead,1,2008,1,26,4780,8,10625,181,15,114,7,15,147.93374600089854,G,Major,84.68659006083219,76.66248121964017,81.65071070071699,5.958876608673589,4.870171135969676,16.214905103313292,21.89330615771325,2008-01-26,0
Pink Venom,BLACKPINK,5,2001,5,21,2058,9,173483,103,7,167,9,39,147.24952544614175,Unknown,Major,85.32882595734732,75.21844308820278,71.6529621328664,14.453295653594688,4.088567717267858,8.932078944020905,17.058154464342227,2001-05-21,0
Without Me,Eminem,5,1993,9,15,3544,8,112584,59,8,143,4,7,104.77961934783777,G,Major,59.0274561958644,45.50583603791063,46.737133334364245,62.81533202611904,30.508288201027018,42.90894035464862,12.246535703210316,1993-09-15,0
Hot Shit (feat. Ye & Lil Durk),"Kanye West, Lil Durk, Cardi B",5,2014,6,7,3570,10,56216,162,17,169,5,46,106.58523999420684,A,Major,40.58262113048198,49.23115385092632,31.75006042262585,64.64456939653184,45.47530004563154,51.45434113010043,13.849964559313763,2014-06-07,0
No Role Modelz,J. Cole,1,2014,6,16,4325,10,113283,26,9,108,6,13,105.54326764061786,A#,Minor,52.69021236575777,40.38743175230132,46.6662707590861,56.74038367374212,40.71308364846956,42.107225531320985,6.3887374255277845,2014-06-16,1
Die For You - Remix,"Ariana Grande, The Weeknd",4,2004,2,8,180,1,96863,192,3,190,7,42,90.37108586489892,C#,Minor,50.61139158294255,53.96234157043551,48.126684067824776,65.86796632275471,32.35870335368955,51.50352677213212,8.841025665630436,2004-02-08,1
Can't Hold Us (feat. Ray Dalton),"Ray Dalton, Ryan Lewis, Macklemore",5,2010,5,20,1251,8,82862,276,7,54,6,40,103.92424742186482,D,Major,47.17841370051454,40.10710037659585,55.609857761086815,62.876861180658615,46.17004728773051,48.56612913899852,14.223161585923826,2010-05-20,0
deja vu,Olivia Rodrigo,3,2013,9,27,4717,2,68102,298,1,163,4,35,145.4662061995924,A,Major,83.03978556834373,67.28892607683778,74.32888506935592,22.65910692906733,3.389375212383622,7.244997293194275,15.370679820506952,2013-09-27,0
SPACE MAN,Sam Ryder,1,2009,11,10,444,7,91159,214,19,51,9,13,149.31331345053076,B,Major,80.07965503636017,64.03969596685182,82.02033622461244,10.079518250169793,4.631321715430636,14.036373245605368,15.605295074925492,2009-11-10,0
Mirror,Kendrick Lamar,2,2005,5,27,1333,0,48104,213,8,65,0,23,90.52735561544998,E,Minor,42.77270297717377,54.79895621948516,41.625943843159234,69.4157222166207,42.584762107104666,34.9920822006301,8.675370155775218,2005-05-27,1
Aguacero,Bad Bunny,3,2017,8,17,1890,9,105337,108,7,179,0,8,138.1647396072968,F#,Minor,86.11656242725225,73.59456301865306,80.41878637241217,5.671876038980268,1.5197912948683845,9.44682203193323,27.682893001138257,2017-08-17,1
The Business,Tiï¿½ï¿,5,2010,3,1,3860,12,176689,152,1,19,3,10,97.10802548989062,G#,Minor,54.43679912302151,47.54112630480101,47.45415628034776,55.71417604929633,27.379635775096595,54.86316776506356,5.103604386448376,2010-03-01,1
Don't ever say love me (feat. RM of BTS),"RM, Colde",1,2012,9,12,504,2,123321,198,19,22,1,5,130.7684445049979,B,Minor,91.2783486666805,63.1935807059401,76.26156071704942,18.22609478570699,1.1886292124827258,8.27959808271883,21.96544693957736,2012-09-12,1
This Love (Taylorï¿½ï¿½ï¿½s Ve,Taylor Swift,3,2015,1,20,1618,12,38805,85,19,146,8,21,147.57121695571627,E,Major,81.22633968798053,79.39030298081599,81.79957559998303,11.420001306783949,7.6488903599195135,11.286965092713231,28.06995115540165,2015-01-20,0
All For Us - from the HBO Original Series Euphoria,"Labrinth, Zendaya",4,2010,7,17,4827,8,167970,264,5,145,6,16,139.15552323326014,D#,Major,86.13902717863031,78.13981953472933,72.22945822184519,5.896437663622189,4.217621530441809,8.812618833661531,24.397963169056936,2010-07-17,0
Bound 2,Kanye West,3,1962,8,20,2418,15,174620,39,2,53,6,29,98.2531022623058,C#,Major,55.34335421858613,54.962737669301326,49.678642712287015,51.530033966917685,32.703493779507426,36.64537020928677,9.502448847516526,1962-08-20,0
Rumble,"Skrillex, Flowdan, Fred again..",2,2018,12,17,1400,7,61755,197,10,56,4,9,143.06506690571914,C#,Minor,76.76036304511636,65.73277031761768,84.67815848399715,11.56158643203386,1.996698681508735,5.3079842815214135,20.92233489613769,2018-12-17,1
Dijeron Que No La Iba Lograr,"Fuerza Regida, Chino Pacas",2,2007,1,17,1205,2,61469,139,7,146,7,36,145.18638803511914,G,Minor,81.3476100617653,70.78030174555172,87.8372413316017,5.022070047742497,8.18645749055234,15.402590803828693,16.101372825257712,2007-01-17,1
Pipoco,"Melody, Ana Castela, Dj Chris No Beat",1,2008,7,28,1501,18,115715,107,14,39,9,11,109.18715857837536,G#,Major,58.48726748097653,52.550699125161486,35.887736532364684,46.64554698589937,40.26785448327343,59.16857089160997,11.264428602037974,2008-07-28,0
Let It Snow! Let It Snow! Let It Snow!,Dean Martin,1,2014,2,14,854,0,157057,204,4,120,9,38,148.50746014195124,C#,Major,88.08388820081599,79.4690708776412,70.61564168831845,15.658072190390996,0.669661520335072,7.860469051325984,20.46662913921168,2014-02-14,0
All My Life (feat. J. Cole),"J. Cole, Lil Durk",5,2005,5,13,4750,7,195357,124,14,39,8,27,148.43112372163657,D#,Major,86.51486016009991,74.97774453189407,77.85542818141839,16.922049142218103,6.705451535589738,18.375666635535065,28.259763266726264,2005-05-13,0
You Make It Feel Like Christmas (feat. Blake Shelton),"Gwen Stefani, Blake Shelton",5,2022,6,19,3346,16,45194,174,7,166,8,44,99.76069448833054,F,Major,48.9574626181599,57.3009650157783,49.235049106368365,60.11405547269205,21.08369668863944,36.199796279175686,13.61171928498621,2022-06-19,0
Broke Boys,"Drake, 21 Savage",1,2000,12,28,897,7,3152,146,19,98,5,11,92.73571298329662,D,Major,55.64339491438248,53.94649105637787,35.67650948253289,40.04396925524097,35.468302950392,57.64520795003321,14.87945985047944,2000-12-28,0
Dijeron Que No La Iba Lograr,"Fuerza Regida, Chino Pacas",4,2021,9,26,4741,16,141336,135,5,95,3,47,102.16329407102262,G,Minor,41.65324007765199,52.76910520637148,41.80756801342494,49.83137002458342,43.9063711561667,34.312362844693034,6.393140600343318,2021-09-26,1
Sugar Rush Ride,TOMORROW X TOGETHER,2,2010,5,26,222,9,54744,27,18,118,4,22,140.42414967639897,A#,Minor,90.05044489493183,78.53469240297125,84.5821064522746,11.935214425961409,2.834671304755303,16.133710016631536,28.33739513326023,2010-05-26,1
Where Did You Go?,"MNEK, Jax Jones",5,2016,1,14,1859,4,54858,30,16,177,8,25,145.22309054748862,A#,Major,82.6427310593355,73.54842327686087,86.85738334822653,24.81751020123495,2.0227803041995704,12.297085310733207,28.901188981770773,2016-01-14,0
Take My Breath,The Weeknd,2,2018,11,3,4632,3,112113,272,11,179,8,10,135.34564302568313,A#,Minor,88.14375068673085,67.54751959155995,80.99085960405488,9.032025275345235,1.0333844559658278,10.091934853649224,22.206956663713875,2018-11-03,1
Special,SZA,4,2017,1,25,1533,6,43364,88,8,168,5,30,146.48029287387436,Unknown,Major,78.24168810756457,75.41152368742101,77.92503206095441,21.30119454854128,5.942125243014225,18.89186552688082,25.274953819418457,2017-01-25,0
Streets,Doja Cat,5,2020,3,30,1124,2,130108,277,0,5,2,10,103.0191367132318,B,Major,53.76304421124132,48.72907693869268,53.26879370378695,68.98112547848316,43.70448025748031,30.712780047097027,14.055969322473,2020-03-30,0
Cupid - Twin Ver.,Fifty Fifty,1,2020,6,30,1821,5,97989,199,3,10,7,26,138.0672107007867,B,Minor,77.23653427789138,74.1291485770347,79.7323417249092,13.87178520182613,3.8971495130823497,9.258173318943424,20.165032847364685,2020-06-30,1
Kiss Me More (feat. SZA),"SZA, Doja Cat",2,2015,9,28,727,14,64645,163,9,154,6,31,95.82498559066548,G#,Major,44.3717077402927,41.45325665927309,48.61733770526896,57.39002527128165,21.01590376402665,44.805843308548575,5.113086408594375,2015-09-28,0
Notice Me,SZA,4,2001,11,18,4189,16,32909,35,18,18,8,18,95.60604463775849,F,Major,59.24973531419822,40.90642707412288,47.49332549851717,56.154110227922615,31.62995003980253,32.28018727694572,8.274318342732224,2001-11-18,0
Pink Venom,BLACKPINK,3,2003,10,8,4398,13,32924,185,17,182,5,44,108.4299264282499,Unknown,Major,52.306181446131696,58.44183279388349,38.54846832102624,56.61143156402761,33.09817756366052,39.59783743986906,9.393288265582417,2003-10-08,0
CAIRO,"Karol G, Ovy On The Drums",5,2003,4,16,224,17,45762,116,13,52,2,19,105.83117015384693,F,Minor,52.40126722343616,45.50978404039115,59.07267753793986,45.74427224377895,36.70102748044212,49.83612638984855,7.394513341460671,2003-04-16,1
Quï¿½ï¿½ Ago,"Yuridia, Angela Aguilar",3,1959,10,5,3247,15,132634,15,2,192,3,14,108.8411341138332,B,Major,49.75730745400217,48.40866826058541,58.44623374077242,60.63731419541491,33.10482184534695,57.43841966283476,14.145738498586311,1959-10-05,0
BackOutsideBoyz,Drake,4,2013,4,17,3245,14,40520,102,7,137,4,44,103.82979020590524,F,Minor,51.98837033754141,44.86054152662028,47.24118407619538,69.22886670883813,35.17186303812144,35.56128964202146,12.52685058578528,2013-04-17,1
All of Me,John Legend,1,2015,1,2,1466,1,86836,114,2,125,6,1,96.68823119714878,G#,Major,56.56762588096103,42.66630687727667,39.35295862431877,65.67702303947772,20.760139061479137,48.543245995084014,14.854459083895492,2015-01-02,0
Believer,Imagine Dragons,4,2010,9,1,3823,10,88157,97,9,164,2,15,106.3997950024546,A#,Minor,58.85236651673579,40.33888287586824,48.44181260731735,66.22956311338854,28.048348265032907,47.5678311405993,9.86765619917439,2010-09-01,1
Pope Is a Rockstar,SALES,5,2017,3,10,1490,6,154662,299,6,184,1,3,136.80412989263965,E,Minor,84.2673356930233,65.26320460439723,88.38834448419962,19.679199030016303,8.439918469203876,14.436045099391968,20.208788838836625,2017-03-10,1
Los del Espacio,"Big One, Duki, Lit Killah, Maria Becerra, FMK, Rusherking, Emilia, Tiago pzk",1,2004,11,24,3585,15,131084,105,19,191,9,49,102.84990143493252,Unknown,Major,46.90328164445242,54.17444804753266,39.95721638955769,47.22821170405545,25.540423708824303,46.729417579834994,11.928593205797805,2004-11-24,0
drivers license,Olivia Rodrigo,4,2008,3,26,4120,18,195040,195,2,75,9,33,138.66939224993163,A#,Major,80.53687054207988,61.81252391368668,76.978387943076,9.619085376200104,5.427333786754965,7.201561000744459,15.54034682828862,2008-03-26,0
cï¿½ï¿½mo dormi,Rels B,1,2007,11,27,1655,6,66456,10,4,117,2,18,109.33703130289568,C#,Major,42.852306519929456,42.44213508227315,57.16349836769291,64.39922614609094,37.04953038204057,36.4517096708739,11.365306572732097,2007-11-27,0
MONTAGEM - FR PUNK,"Ayparia, unxbected",4,2008,4,25,569,14,169284,217,4,54,5,45,140.84659588793562,A,Major,77.57398198600626,62.51262265650747,75.37739180181268,24.82183292047857,2.0090014543288515,10.79476481790045,27.507795488809144,2008-04-25,0
"Besharam Rang (From ""Pathaan"")","Vishal-Shekhar, Shilpa Rao, Caralisa Monteiro, Kumaar, Vishal Dadlani, Shekhar Ravjiani",1,1966,8,23,4960,16,184234,38,5,125,3,43,99.8623774744584,G#,Minor,49.42639221425371,41.06660092462825,33.50726868483032,57.09478493582752,35.303407598092974,31.45683603461332,11.90493882547613,1966-08-23,1
traitor,"Juan Cruz Toledo, Huilen Toledo",3,2019,3,5,2290,10,99348,32,19,66,8,20,91.59050919626137,D#,Major,58.72501446089839,46.25035122793866,44.106930436192776,47.23190619302565,29.98751447181853,40.3235574230953,7.772542481065897,2019-03-05,0
Gatita,Bellakath,5,2016,5,9,3140,6,100101,196,13,31,8,30,107.100749045353,G,Major,58.51451185864118,59.303361097830205,33.879486105016746,54.24124695559661,31.13921120867545,35.83448012278606,13.48063756012454,2016-05-09,0
Moscow Mule,Bad Bunny,3,2002,4,9,1227,3,193861,28,0,194,0,4,144.274517362091,F,Minor,82.67996851796889,70.74930338070801,78.59381831071586,8.315074018223834,7.373743630136205,18.132037049652084,21.93888853648187,2002-04-09,1
You Right,"Doja Cat, The Weeknd",1,2008,1,5,4258,6,1503,133,8,108,7,31,139.62730682219453,G#,Major,79.47322634256463,73.40333277447472,87.92328617666142,19.39171412371128,9.019054351915251,13.137428900863377,18.215860463331467,2008-01-05,0
fukumean,Gunna,5,2021,6,16,838,10,20307,167,19,94,6,13,130.8701418193789,C#,Minor,85.96638795140387,61.58967666852268,87.75638584840459,12.524929633404692,4.38151373812267,9.329642707554813,17.065810070326954,2021-06-16,1
La Corriente,"Tony Dize, Bad Bunny",5,2012,9,8,351,0,95400,98,5,39,1,8,109.6834211740692,B,Minor,43.15221023651375,46.08338162917588,59.44744882270355,64.24876348731209,29.782764787994694,39.126494094635255,11.270159368936705,2012-09-08,1
Coco Chanel,"Bad Bunny, Eladio Carrion",3,1960,8,28,1056,18,130233,64,17,155,9,2,97.18049170857851,D,Major,54.77757136769435,51.20330465847119,37.36649225965958,53.1278016955416,44.85114291297644,47.88858261487211,9.9514515358251,1960-08-28,0
TUS Lï¿½ï¿½GR,"Sech, Mora",1,2018,11,25,3497,8,35779,101,11,31,2,44,94.8917948693358,C#,Major,41.48606507519111,46.10014307698726,40.75667396922724,67.31223033942103,31.35871571671532,36.38916151874269,13.941448248723738,2018-11-25,0
The Christmas Song (Merry Christmas To You) - Remastered 1999,Nat King Cole,4,2015,2,1,2289,3,26683,188,4,19,1,46,91.3237218212423,C#,Major,46.04575789456465,57.85100408911759,53.78717096077379,68.12510333371611,27.587066916009206,32.87418868053117,11.351942355668983,2015-02-01,0
Nos Comemos (feat. Ozuna),"Ozuna, Tiago pzk",3,2010,8,19,2275,3,89250,240,7,34,6,12,136.65547783641517,F#,Major,84.28375475537662,60.19402836940468,87.95742195972653,12.403401420143648,4.716553602258084,13.75184002073946,25.860164494757697,2010-08-19,0
Frï¿½ï¿½gil (feat. Grupo Front,"Yahritza Y Su Esencia, Grupo Frontera",5,1968,12,9,625,1,7175,102,0,126,2,15,145.92234920492368,F#,Major,89.52934869833399,61.02445640335753,79.02049902111887,17.954117483131498,4.852321558674662,10.773560059054134,28.30390723912593,1968-12-09,0
Komang,Raim Laode,5,2019,6,19,532,15,54494,255,6,75,0,24,134.09101214194487,G,Major,77.0072503986008,74.57760424186216,85.12145644091963,16.78092614781279,7.41903384959963,16.845643142674135,20.99517727692625,2019-06-19,0
DANï¿½ï¿½A,"Mc Pedrinho, Pedro Sampaio",1,2012,1,1,850,12,34248,215,16,161,7,27,141.95378866319672,A,Minor,87.44425620928328,68.80187962696672,71.1306274234306,12.92632968212664,5.781009579057253,17.96895647799453,17.001165553286043,2012-01-01,1
For Youth,BTS,4,2009,5,28,4790,16,197069,181,14,9,9,35,106.71565413001296,D,Major,42.04677982599482,45.77120804816246,57.30009947692095,66.87071349110494,49.257463439262125,46.73665494276541,6.140319945391132,2009-05-28,0
Envolver,Anitta,5,2005,7,12,1113,18,138415,20,11,67,3,24,137.90283598711167,E,Minor,75.10734532377174,65.52849058439475,84.93383916449416,7.299870208867878,3.6273359843949216,8.104662926329702,25.52234787143842,2005-07-12,1
When I Was Your Man,Bruno Mars,3,2017,12,9,4928,13,55362,52,16,61,9,32,95.82743406768051,Unknown,Major,46.46972924846693,56.555001566733935,34.432404331137015,65.27287938058554,32.0655872719196,57.17361937825476,8.463368016310927,2017-12-09,0
Beautiful Girl,Luciano,5,2019,8,5,3029,8,63134,223,14,106,3,40,102.76995470990592,B,Minor,50.59187138763101,43.82835387120618,39.23007806012305,56.4113431223354,24.09693885676203,31.568057022244925,12.148719066093664,2019-08-05,1
golden hour,JVKE,4,2021,8,20,4619,11,192652,80,10,117,0,48,149.64730302115532,C#,Minor,94.65869622990324,74.7651297320723,72.5566462780643,18.6906095513611,0.9540862372057468,15.494624322387944,17.972538220048328,2021-08-20,1
Alone,Burna Boy,5,2017,9,24,1181,3,108965,225,5,78,3,33,139.1336283670824,E,Minor,86.37580687665833,74.14611756754339,75.28832508079796,13.03168516445158,5.087809383530021,11.663112440209442,17.60551779078591,2017-09-24,1
Still Life,BIGBANG,1,2020,2,28,1358,0,157374,15,9,135,1,16,97.96338727928196,G#,Major,41.54052454748404,42.27807584896573,58.17822242004833,63.42375328947915,42.11393464749965,33.89218378401475,9.386347998994168,2020-02-28,0
I'm Good (Blue),"Bebe Rexha, David Guetta",1,2017,7,11,2139,17,90174,213,12,174,5,45,133.4558021978374,G,Minor,82.46795623362608,74.2119797396791,84.36827916420803,9.978175288473178,0.488842342822241,5.689523554431979,17.460933280410178,2017-07-11,1
Angel Baby,Troye Sivan,2,2004,1,8,3281,17,118603,121,7,161,0,35,138.78212019025017,B,Major,85.74849761992937,74.41761748760702,84.10364939023482,19.20388655494253,2.7733250406631846,6.748887782751427,24.65251721918081,2004-01-08,0
SOS,SZA,1,2016,6,30,1902,8,30765,147,10,125,5,43,134.63997770659515,G,Minor,78.55729532956427,69.02649206967732,72.33608996341252,14.523179664510025,8.912116803415898,6.678206532137116,21.179679800367303,2016-06-30,1
Phantom Regret by Jim,The Weeknd,3,2013,4,26,4331,19,87687,52,10,30,9,5,90.00480667736433,A,Minor,56.25381879141031,56.56071987200174,51.28573303789005,66.01379306087651,44.11741870539856,43.64197296091281,5.059407569048276,2013-04-26,1
"All The Way Live (Spider-Man: Across the Spider-Verse) (Metro Boomin & Future, Lil Uzi Vert)","Future, Lil Uzi Vert, Metro Boomin",5,2003,6,19,3003,6,119505,11,14,195,5,49,97.45311190782944,A,Minor,53.49482264671482,47.17687442119554,46.41985464535844,53.59451437638237,22.096097002437464,37.35803627229913,13.055180763437315,2003-06-19,1
Karma (feat. Ice Spice),"Taylor Swift, Ice Spice",2,2006,1,13,4171,19,151847,80,7,184,1,35,137.58902329400237,G#,Major,76.62212403355656,65.95095062512681,75.10406570352605,21.29227060580261,0.76938352986195,14.598190651259,20.69747712907114,2006-01-13,0
"Residente: Bzrp Music Sessions, Vol. 49","Residente, Bizarrap",2,2017,4,25,1352,7,149597,65,0,81,1,25,102.74241842888004,C#,Minor,48.06742691650791,53.79543731993093,52.8602294087887,55.60195234782808,28.923575857551423,55.06323924684149,9.897413267595375,2017-04-25,1
All Of The Girls You Loved Before,Taylor Swift,4,2013,3,19,2647,19,63090,250,0,124,9,0,141.19641099406962,D,Major,88.977404508201,63.70041802415588,75.82123559572373,13.4259306159559,6.5595239543320485,19.95150465604705,23.64867313825258,2013-03-19,0
Gato de Noche,"Nengo Flow, Bad Bunny",4,2016,4,22,197,15,125993,277,14,95,9,38,147.7005001948495,G#,Major,83.7676496230448,69.93188281610169,81.57089340135045,7.14640106414786,1.3808303130608002,6.677570664531063,20.57672567334769,2016-04-22,0
Super Gremlin,Kodak Black,1,1978,1,26,4310,2,77259,209,6,179,5,14,140.3695258908504,D,Major,80.73505321788758,66.66113919297106,71.14719115153511,12.18252832574792,9.99693214895624,7.770517353541485,24.17942032020736,1978-01-26,0
Purple Hearts,"Kendrick Lamar, Ghostface Killah, Summer Walker",4,2004,8,8,1288,14,25929,298,1,85,0,48,100.05993934786687,D#,Minor,44.04772216277378,45.69164806660204,56.04886550568749,53.7652857180105,44.58062107848068,41.35224817805063,5.079068089586224,2004-08-08,1
IDGAF (with blackbear),"Blackbear, BoyWithUke",3,2005,11,6,3920,16,133045,181,4,121,1,43,106.49890520153797,F,Major,49.21297381172671,56.23716251117527,35.65128947852489,58.36658311829783,41.524666475176886,51.09230613089342,10.245570876785552,2005-11-06,0
Keep Driving,Harry Styles,5,2000,2,19,3939,8,63013,106,5,188,9,43,102.75056339741406,A,Major,46.38741802438134,57.77065018337333,45.16057641384021,42.41870881646135,47.11362689250079,32.06078670415389,14.781879646020252,2000-02-19,0
Andrea,"Buscabulla, Bad Bunny",4,2008,1,11,368,3,70793,274,4,41,6,35,143.99049927590806,C#,Minor,86.37457701385492,62.788506477722805,76.29253019726454,21.60109738009908,3.673479053381936,17.431343888719617,27.110066134115957,2008-01-11,1
Entre Nosotros (Remix) [con Nicki Nicole],"Lit Killah, Maria Becerra, Tiago pzk, NICKI NICOLE",3,2013,7,12,1549,4,24454,207,4,55,3,35,148.2916802704313,F,Minor,87.60629961386744,70.02238850580582,70.79372654117934,14.322592719285138,9.199326570391568,5.130183732847197,19.24820796276739,2013-07-12,1
It's Beginning To Look A Lot Like Christmas,Michael Bublï¿,5,2001,8,7,2115,6,82541,146,5,8,6,27,97.68829518194644,E,Major,46.13258079967312,57.02186694015288,44.15732487581124,58.15023381159427,44.845494817252046,52.52089171156786,13.865691732781466,2001-08-07,0
Santa Tell Me,Ariana Grande,4,2006,6,27,4095,10,188228,270,1,38,9,29,105.25129397222554,G,Major,45.245519436388,46.8899318863996,58.64159248452437,46.47794194384546,42.03991730768416,45.29065099425493,12.118744482752728,2006-06-27,0
Yonaguni,Bad Bunny,3,2017,7,25,750,12,187116,184,6,130,1,10,108.71627113333273,C#,Major,52.29903846295238,40.14325001854628,45.18734954719022,40.577416651231005,37.9917617304106,54.671459475948176,9.978861687208669,2017-07-25,0
Esqueï¿½ï¿½a-Me Se For C,"Marï¿½ï¿½lia Mendonï¿½ï¿½a, Maiara &",1,2018,8,30,1338,1,160645,66,3,123,1,19,99.38357282942135,F#,Minor,58.57232953622527,46.72504822998624,49.70331579309864,41.46445503674894,25.53190109876565,56.28008826973405,8.782748217899854,2018-08-30,1
Una Noche en Medellï¿½,Cris Mj,2,2020,8,25,4020,0,72769,184,10,57,0,12,97.6962247407469,A#,Minor,58.77288879916316,52.5730044868791,39.6596754766974,60.08345418527743,39.6906355367406,47.6666405725264,10.6910413802055,2020-08-25,1
Bar,"Tini, L-Gante",2,2013,11,21,2517,2,163701,104,3,84,5,14,98.63208733967562,C#,Major,56.44600358680982,56.872132724530566,47.41338419801406,40.09093766082603,26.360448696873423,45.90513094299129,14.99413030650408,2013-11-21,0
Dream On,Aerosmith,4,2001,1,25,3303,15,125559,101,13,106,0,48,148.51305588398134,F,Minor,90.13240680724417,75.95907275386763,80.05229001178708,12.182709144536286,2.9454163046484982,8.118052837261276,21.547504693042484,2001-01-25,1
Otro Atardecer,"Bad Bunny, The Marï¿½ï",1,2007,10,5,2770,17,18959,287,3,185,3,0,94.23645417589876,D,Major,42.62353067693624,49.96241786877008,45.16886233472029,57.11719221096013,43.16680473992332,50.49940506294227,8.751214719568003,2007-10-05,0
It's Beginning To Look A Lot Like Christmas,Michael Bublï¿,1,1986,2,18,2299,2,185934,220,7,118,1,4,103.5851147771941,E,Major,45.14640131360514,55.24333089688843,38.03634440777935,59.857045714020906,49.82877942704484,34.98677343444056,12.305676159514594,1986-02-18,0
Gospel (with Eminem),"Eminem, Dr. Dre",1,2017,4,14,2548,1,33132,220,2,133,2,2,106.80767425864452,C#,Major,55.7696643366165,47.50111909707992,40.75454331602235,62.860462956935095,26.44050591026731,47.20350167576679,13.73108692239144,2017-04-14,0
Astronaut In The Ocean,Masked Wolf,3,2016,2,1,3278,13,124037,171,9,63,3,18,138.77848879314732,E,Minor,90.91909641248184,77.62127911130767,70.72639794731509,6.522170639930389,9.484722187554894,6.425809519987645,18.13789584852772,2016-02-01,1
After Dark,Mr.Kitty,1,2003,9,6,1918,7,134458,138,8,193,6,47,134.88195196254304,G#,Major,88.59971924558323,77.67389543246072,82.38433198919282,8.480497288941574,9.858622394051867,9.76617703688922,16.023593758205728,2003-09-06,0
All of Me,John Legend,1,2001,6,26,3830,6,110744,32,2,113,4,39,146.42095640811343,G#,Major,89.45565128569832,60.84983859887259,73.94344396370957,15.346328018146195,4.034387884391771,10.250518981255642,28.669364497782773,2001-06-26,0
PUFFIN ON ZOOTIEZ,Future,2,2015,10,7,3386,15,22706,11,7,148,3,48,143.56344048267772,G#,Major,93.2254637709238,61.7816879440384,77.00463523188195,9.98608096137028,5.900702628701236,19.686596571866104,16.90872797709529,2015-10-07,0
LA CANCIï¿½,"J Balvin, Bad Bunny",1,2014,3,23,1442,9,157818,81,18,18,1,8,136.63589191819702,G,Major,83.99825816084231,71.92956006477351,87.97899747755608,12.04152196724554,4.772563897334981,13.16540588847486,28.58090351380473,2014-03-23,0
En El Radio Un Cochinero,Victor Cibrian,5,1988,7,16,3226,14,18614,151,17,52,6,30,104.26857596716692,F#,Minor,56.20776774740919,55.5529731861282,37.552260213369244,63.99176224765734,28.683072397390912,49.57593344180712,14.990285237445484,1988-07-16,1
Something in the Orange,Zach Bryan,3,1981,9,20,2154,13,187768,130,7,193,0,26,136.79168095192193,G,Major,89.2783222233682,63.76796190284546,89.56137959912702,17.7014056578494,1.136497526226461,17.478175862064184,15.792959557767132,1981-09-20,0
A Tu Merced,Bad Bunny,1,2008,2,8,3583,15,150194,215,7,134,8,21,93.1373075005522,Unknown,Major,43.56016392509245,50.18119674199707,38.89658705685257,43.150085018421926,44.22085850632075,34.12915339758729,14.76146353030472,2008-02-08,0
Softcore,The Neighbourhood,3,1962,4,3,4433,7,174484,153,19,12,5,28,101.75842954928709,D,Major,48.700041959739856,40.09926685084305,53.98056511875916,51.69814230067703,28.220504816332934,31.69621318089711,12.047858844185752,1962-04-03,0
Jimmy Cooks (feat. 21 Savage),"Drake, 21 Savage",4,2011,1,2,1416,5,114950,53,4,127,5,41,91.85429187773804,Unknown,Major,45.33634478778353,43.17401772977879,41.89368677290953,44.87755339141866,21.87225675334134,32.97804156074166,14.41107224922284,2011-01-02,0
ýýýýýýýýýýýý,YOASOBI,3,2016,6,25,4058,15,1641,236,5,113,5,15,92.27184913013063,C#,Major,45.920115746110056,41.0848021181714,54.754634456442886,61.500421957158345,31.7582144292882,34.94004173551098,10.873450605172913,2016-06-25,0
LOKERA,"Brray, Rauw Alejandro, Lyanno",2,2004,7,29,103,17,174751,272,3,21,6,40,145.87225925672467,B,Minor,77.728110439941,70.21228478536429,89.3282647866278,22.28663169620799,8.53100226357416,18.97719449893356,29.18798065469704,2004-07-29,1
Every Summertime,NIKI,5,2017,5,28,2611,12,23746,289,8,183,8,19,107.28131565480706,F#,Major,48.96094270629706,47.77563248392773,40.64590727428859,46.68201573533923,46.85681388370657,43.71461296660614,8.11811503020824,2017-05-28,0
'Till I Collapse,"Eminem, Nate Dogg",3,1995,6,30,2529,15,12227,136,13,189,8,19,94.94640551785842,C#,Major,52.84617013842785,47.57693654133784,50.10978966108931,42.68975076218518,40.87524108918703,46.76192068849065,14.403541305281966,1995-06-30,0
Satellite,Harry Styles,2,1960,5,30,1613,15,174765,208,4,47,0,40,103.67930487862684,Unknown,Major,51.51224906857276,40.59807954350507,42.40014455845014,44.913177305391336,41.32235154500336,31.867394707000667,13.54133268913128,1960-05-30,0
Boyfriend,Dove Cameron,5,2019,9,18,2267,9,46757,25,9,125,3,6,93.04744386582708,G,Minor,47.61630584102405,46.96333396175167,56.817732340125104,57.897034320331336,30.790096000688024,51.35430018458728,6.991755276902262,2019-09-18,1
Normal,Feid,5,2020,8,2,593,14,98011,33,15,65,4,11,106.33783560787992,E,Minor,44.306394157686064,47.683009876397946,49.03574470205377,63.84681359394813,20.631400195090816,38.50590082877367,8.894716346494985,2020-08-02,1
Starry Eyes,The Weeknd,4,1983,9,18,4837,14,169631,231,0,57,1,36,131.62201278662928,A,Minor,79.06482200456627,79.5419008223766,78.86700078535821,13.595909725549866,6.559299648767704,14.933590204799431,15.254146425375328,1983-09-18,1
In Da Club,50 Cent,4,2002,7,21,572,16,156422,277,0,23,5,26,104.31586509258996,F#,Minor,51.8665919198333,53.57643622011241,41.634615755145056,61.09508868423063,42.41405778881485,48.38284886719205,11.272104009566108,2002-07-21,1
The Nights,Avicii,1,1998,9,15,3744,8,32898,49,9,74,6,11,147.1482154888033,F#,Major,92.16904875180558,68.89152691444748,83.44407844597367,20.516068699742444,1.9066430254846236,18.001973272081457,28.084124990120635,1998-09-15,0
Perfect,Ed Sheeran,5,1969,12,4,52,10,147379,232,17,178,9,46,106.16554405935068,G#,Major,53.68194195046274,56.017872410753306,40.20414890956607,55.48995095597552,30.91176739752862,41.92368445889633,6.838733055661217,1969-12-04,0
Made You Look,Meghan Trainor,5,2002,4,9,4273,17,27988,156,13,191,1,25,90.74665252439917,A#,Major,44.76098034948093,53.788693130760734,33.16106118866876,59.20270452839566,41.32120668730465,38.95153797256843,7.830254116533305,2002-04-09,0
Better Than Revenge (Taylor's Version),Taylor Swift,3,2014,8,21,684,10,146177,271,11,196,4,36,145.5619731264994,B,Minor,81.20460337024683,79.49543368258433,71.59179642661793,22.05866813054029,5.536408539608723,5.835766261721319,19.052800182921047,2014-08-21,1
Vampiro,"Matuï¿½ï¿½, Wiu, ",3,1993,10,29,1628,4,182851,293,0,12,7,3,91.31535467648818,G#,Minor,47.29390991705648,45.40690706823228,35.05062550341176,65.81628815823184,37.11775225907925,59.98882017882235,12.547326323186285,1993-10-29,1
Leï¿½,Marï¿½ï¿½lia Mendo,4,2005,12,25,4124,19,35115,246,10,179,7,30,133.87766072110816,F#,Major,85.60176510874277,72.44957448373306,87.52840607776338,14.515734166465082,8.885291107659011,10.188762615843132,19.29804839913523,2005-12-25,0
Dua Lipa,Jack Harlow,4,1967,9,29,1841,4,61406,165,0,87,1,21,143.86036206114463,B,Major,77.10638949742885,69.31662668782275,82.802375520501,22.822947041479416,6.040697807881776,19.46887960986723,19.56544113321167,1967-09-29,0
Grapejuice,Harry Styles,2,2017,9,28,3066,5,176609,127,14,42,9,29,147.8086201587484,F,Major,92.5470367588904,73.76852455443637,81.2603791128702,13.708164888146957,1.8009395276726003,5.402177368832217,23.050586657508504,2017-09-28,0
CORAZï¿½ï¿½N VA,Maria Becerra,1,2016,9,21,655,12,161581,131,1,9,4,9,130.7687232700377,C#,Major,89.12348770373912,77.87736522901113,76.69473920565338,16.523715103545264,7.020595671838434,17.20838239239015,21.906648758407027,2016-09-21,0
Father Time (feat. Sampha),"Kendrick Lamar, Sampha",1,1960,10,13,4875,6,101000,169,5,197,1,47,100.41116898652476,A#,Minor,41.36728202981604,41.7300378010958,45.730551095298445,56.80747319582825,43.239339305736536,55.64056311573792,13.89827682386178,1960-10-13,1
Agosto,Bad Bunny,3,1969,8,5,482,15,82425,133,6,156,3,5,96.49762463620974,C#,Minor,42.84608630597311,45.55498579124605,33.28906511489836,61.77738611506906,39.93552597301005,37.904292277033335,11.578199258753418,1969-08-05,1
La Bebe - Remix,"Peso Pluma, Yng Lvcas",4,1975,5,12,4138,13,35176,171,16,28,0,46,106.68449095638051,D,Minor,58.03236685859553,54.89355059838654,39.11637264221994,63.61997165999669,22.085875871865383,50.744435203485885,13.302478368489307,1975-05-12,1
Happier Than Ever,Billie Eilish,1,2001,8,15,1239,13,47191,190,5,92,7,20,95.14387227404332,Unknown,Major,41.55449504049992,59.98426601933155,37.98127882382676,46.08027113118149,28.46522447331288,33.961209989536805,8.570758956349845,2001-08-15,0
you broke me first,Tate McRae,1,2000,4,20,4996,2,131107,116,3,21,8,41,139.92940106732186,E,Major,75.55057911889148,76.24217884599668,80.04179435411261,10.504300828033786,9.79980473058601,12.77753810956873,19.152413694874063,2000-04-20,0
Merry Christmas,"Ed Sheeran, Elton John",4,1997,11,6,671,13,75625,275,1,180,8,35,90.720560574656,Unknown,Major,41.12908640354934,57.515559643636095,33.98265599739746,67.14382823311996,27.561560835739044,58.02454721581388,12.633440579287964,1997-11-06,0
Coco Chanel,"Bad Bunny, Eladio Carrion",2,2014,5,27,4020,10,89823,166,7,188,1,40,96.63422401095345,D,Major,50.70002575642816,55.91301415580156,54.33267751265863,43.57691678073501,25.719803438859515,47.45149271264117,14.659323689674254,2014-05-27,0
Formula,Labrinth,2,2003,3,9,921,4,78902,121,6,16,6,35,94.2466489579296,B,Major,53.39906497115857,59.73938950483033,47.53601438300113,69.07893851385407,46.54137156797845,44.87111731065326,10.198058061386709,2003-03-09,0
Notion,The Rare Occasions,4,2007,1,29,4551,3,194738,245,4,107,3,13,93.845975487485,A,Major,52.00277076126344,49.03613741331871,53.53703222605935,52.276547286082085,45.90331511519595,53.168682845418246,12.881648039418153,2007-01-29,0
Boy With Luv (feat. Halsey),"Halsey, BTS",2,2004,8,30,905,9,39245,23,3,74,4,48,92.7794124241895,B,Minor,56.73920887011104,46.38482322117565,57.04308939808372,46.79212978277901,44.6494484598917,48.2439438336444,12.050163378320727,2004-08-30,1
Angel Baby,Troye Sivan,4,2018,8,10,3163,16,164739,283,11,157,6,38,105.39771050022122,B,Major,57.39628375533891,48.78147739507051,55.07555728394661,56.24847580664371,45.51929224455854,41.41247712576418,8.135983902662556,2018-08-10,0
Hold Me Closer,"Elton John, Britney Spears",1,1959,6,12,670,6,142974,44,12,63,8,32,145.4103006975467,Unknown,Major,88.32262278253872,69.78327115475062,84.73366662341473,5.109065584735917,6.69672422995437,9.88053051249826,27.68147293064513,1959-06-12,0
Payphone,"Maroon 5, Wiz Khalifa",1,1958,12,7,1496,5,126678,46,12,64,8,16,105.1220014380656,E,Major,49.58441810208541,44.18970875913568,52.18145030693268,56.786381821112606,28.353157016226984,44.52210812897668,13.491143526290346,1958-12-07,0
Escapism. - Sped Up,"RAYE, 070 Shake",4,2022,8,14,2425,7,140030,108,8,80,2,30,97.05287693127386,F#,Minor,57.23762857285742,55.61268275440046,42.15309855237382,61.26600567456735,29.09453828643932,41.05168204331627,12.395714182820306,2022-08-14,1
Thinkinï¿½ï¿½ï¿½ B,Morgan Wallen,1,2003,5,22,3025,3,68155,236,0,17,3,47,108.86019850509734,D#,Minor,42.89437143159246,46.54307544002262,31.89169647004561,51.10596757932808,49.8964438917176,50.02122907074316,9.875391867970366,2003-05-22,1
SPIT IN MY FACE!,ThxSoMch,1,2017,6,1,3887,14,10552,21,16,75,6,30,130.93133183594742,G#,Major,82.09589697890789,71.1537429754306,72.1994117615946,15.334972112705634,6.158857147687052,9.320831417797166,26.2769076127628,2017-06-01,0
Thinking with My Dick,"Kevin Gates, Juicy J",3,2010,11,1,3046,7,43685,234,17,34,8,40,131.16822567441136,Unknown,Major,76.25816932709317,67.91622743809634,71.03048600869162,21.211730162342025,3.298888413586416,7.947901104444464,24.648797653439537,2010-11-01,0
Never Felt So Alone,Labrinth,1,2001,4,10,4157,3,88624,121,0,183,8,49,137.21442050825303,F,Major,81.53542352286782,74.92255206666002,74.35453189160242,14.00328683842012,6.368489941466583,11.594084364291556,19.8289714359529,2001-04-10,0
Die For You - Remix,"Ariana Grande, The Weeknd",1,2015,3,28,1370,13,155295,298,3,174,3,8,106.40276101290152,C#,Minor,55.36771274203703,46.950035473057206,42.789748931717305,45.2337968804601,22.31602705867899,40.45886663646301,8.550844687791457,2015-03-28,1
Cigarettes,Juice WRLD,2,2010,4,12,835,14,164257,278,11,119,1,46,132.57476324721893,D,Major,87.96583745723858,64.72534046203039,84.90822799915304,9.395239057012033,8.356228865499233,16.43191742593363,18.811438884210546,2010-04-12,0
BackOutsideBoyz,Drake,3,2018,6,28,1873,0,140509,106,6,76,2,43,131.77924717174415,F,Minor,81.07873961084469,74.05173043149647,76.27204140637674,15.379710971449036,8.21870510056722,6.72876281062308,21.87260097683117,2018-06-28,1
Red Ruby Da Sleeze,Nicki Minaj,2,2012,11,4,4004,7,33217,146,8,12,0,36,147.23181312213873,C#,Major,89.6196640277541,61.97227215013394,80.58277940348063,23.9474834460974,5.503134046581026,11.993028211581128,28.97411609728428,2012-11-04,0
Conceited,SZA,5,2021,12,3,988,12,31993,113,1,105,2,43,134.07143135643844,C#,Major,76.45552300796804,78.53092398230245,86.31566624773309,15.03505609009392,0.8504695838849952,15.489135046983296,15.75517596142805,2021-12-03,0
Snooze,SZA,2,2011,6,25,1803,5,195440,217,4,26,5,9,91.2175408594231,F,Major,47.361179909819406,55.6482835368988,42.96928322959968,52.21335247224872,31.12174642563296,53.84178563624763,6.924670600788424,2011-06-25,0
Here With Me,d4vd,5,2018,2,19,2861,7,126322,234,6,73,9,5,142.290386033319,E,Major,85.69011562926651,60.15348933620066,80.80069535188738,12.689795661024927,2.9880158811544666,12.34619306611516,22.049071629557687,2018-02-19,0
I WANNA BE YOUR SLAVE,Mï¿½ï¿½ne,3,2002,8,19,2408,5,182962,92,9,55,0,41,137.49380885645343,C#,Major,90.47282267305071,70.98888626964069,85.79180413357273,18.09607256088608,1.7959103020441405,18.3911432398991,24.920924471968043,2002-08-19,0
Alien Blues,Vundabar,4,1976,1,20,240,0,51854,54,11,10,7,16,97.35202017135876,D#,Major,41.903557329814674,59.67330989380424,39.50338211710466,46.61436387727583,27.91592305143033,59.26470335807032,11.896353149506972,1976-01-20,0
Miracle (with Ellie Goulding),"Calvin Harris, Ellie Goulding",3,2016,7,13,534,4,161394,179,5,85,8,32,92.06556945681145,A,Major,49.56153322077589,54.46995335255665,32.76240293077118,64.67897877215441,22.485388022722187,41.07278858545286,9.034264483445556,2016-07-13,0
Leave Before You Love Me (with Jonas Brothers),"Marshmello, Jonas Brothers",2,2019,4,9,1350,18,88307,269,1,144,9,38,131.8347127227144,G,Major,84.17061912324935,78.4972409950149,89.53630095003567,6.478241253825545,8.093871468720286,16.680186289780522,22.55543990184298,2019-04-09,0
INDUSTRY BABY (feat. Jack Harlow),"Jack Harlow, Lil Nas X",3,1989,12,23,1483,12,45944,20,19,44,7,10,138.9500447469592,D#,Minor,77.02561077599108,75.48848786118975,76.42231351790251,16.79828875681162,1.0481567019268443,19.809673228871493,15.923301073883142,1989-12-23,1
Demasiadas Mujeres,C. Tangana,3,2005,9,28,2981,16,143925,115,16,119,0,32,95.3323140178987,A,Minor,43.44117776637648,49.06549578385426,50.30204129192275,68.14905788700399,42.284228770935,57.93820216545466,5.809974644791797,2005-09-28,1
Boy's a liar Pt. 2,"PinkPantheress, Ice Spice",1,1968,1,18,3487,1,68073,247,8,32,3,48,95.39532866121392,F,Major,55.58704886267569,42.286484211589936,39.61825957518833,62.58795597423936,22.913358454081948,57.56003508045595,10.313952152832137,1968-01-18,0
Ojitos Lindos,"Bomba Estï¿½ï¿½reo, Bad B",3,2000,5,20,4093,5,141950,129,16,189,5,12,139.34862311401736,D#,Minor,86.66264585278344,73.14763574744424,72.95256379019588,16.882545656920662,6.379967480293773,15.257417827790883,18.22777071271821,2000-05-20,1
REMIX EXCLUSIVO,Feid,3,2018,1,26,1050,3,125054,235,8,78,0,49,139.9993280168686,F,Minor,86.24712603588743,62.70838532590341,77.34383757903115,5.672728805990306,7.732928356197811,12.00790679070385,28.56366050068869,2018-01-26,1
Vegas (From the Original Motion Picture Soundtrack ELVIS),Doja Cat,1,2016,8,13,124,6,126380,166,15,172,3,10,97.2857154186526,G#,Minor,48.944356087516255,47.81543330446761,47.727330450951925,40.66633334235196,24.987274754656102,45.51329308603148,9.677721387500297,2016-08-13,1
PROVENZA,Karol G,4,2019,10,1,4080,4,88373,276,8,47,5,44,100.72596834434916,C#,Major,51.18619231191745,52.85555750677477,33.214388179446296,53.24260423190052,36.366330312821134,33.329094097418256,14.60094275483428,2019-10-01,0
Mon Amour - Remix,"Aitana, zzoilo",3,1969,11,28,3411,16,46661,202,11,81,6,32,98.63790207702849,D,Major,45.114562649885855,55.66209925805417,39.03442877256332,42.70018103212672,21.48333571355399,47.50163704182269,10.91081302914125,1969-11-28,0
Something in the Orange,Zach Bryan,5,2018,8,14,2793,17,50424,252,3,65,8,10,148.33435793780302,G,Major,84.6137806104145,66.80993430499892,73.11440819610168,23.635808550575444,7.066698942939418,9.922572788617572,22.352965509481443,2018-08-14,0
Notice Me,SZA,1,2022,4,27,4718,11,20000,291,7,144,0,41,106.81731533333864,F,Major,42.232474123310105,59.37856438234492,58.57880799221607,62.557713795628366,45.715945911058185,42.32545629801745,5.003029003339982,2022-04-27,0
SNAP,Rosa Linn,2,2020,11,25,4901,18,20290,87,11,146,3,17,141.11105686318237,Unknown,Major,80.4178643566952,62.19743370148118,76.62837771717128,11.454310155633634,2.7560395890450606,13.38728355768826,28.73579350390203,2020-11-25,0
In Da Club,50 Cent,3,2021,3,3,4415,13,82074,108,14,8,8,10,93.41710441161952,F#,Minor,53.11647980872852,50.29458019583078,40.99015289028867,63.45206116865194,41.59818350943184,35.824812845457735,9.48300057229675,2021-03-03,1
Stargirl Interlude,"The Weeknd, Lana Del Rey",5,2002,9,5,286,12,140073,266,17,78,1,27,103.43145311110536,F,Minor,53.65182590279688,44.89335036487074,38.26444652514386,52.62389203911371,34.55318914715926,58.3525041658437,5.313793400279081,2002-09-05,1
IDGAF (with blackbear),"Blackbear, BoyWithUke",1,2002,4,10,1406,6,39505,15,17,154,2,29,106.78230602266648,F,Major,48.253363656173725,47.73410584663944,38.938174557410015,68.93609612494873,42.1405580120185,31.668922170669155,10.794302472754014,2002-04-10,0
Softcore,The Neighbourhood,4,2003,2,9,1614,0,89005,155,18,20,1,49,138.99814319586525,D,Major,83.82776160345146,73.62977499246703,80.61827649198003,17.5388263661565,3.7718851883956326,5.695108330210309,16.57672454530048,2003-02-09,0
Right On,Lil Baby,4,2001,8,31,2452,16,126711,158,10,125,6,17,98.96533919319889,D,Major,42.60473251650157,47.46254565430316,40.00608261221006,42.89873880707177,45.17267300139824,37.06584984001544,6.41827071270181,2001-08-31,0
Komang,Raim Laode,5,2018,3,29,3626,13,141204,133,5,77,3,36,95.94079675028024,G,Major,46.53840535438161,46.17239653627236,59.03900891362914,69.72688728859755,36.56517211593969,30.139822061023693,7.341070011248605,2018-03-29,0
Ain't Shit,Doja Cat,3,2001,10,10,2805,6,116815,100,19,174,0,7,105.83778721876024,D#,Major,53.16541234692637,58.50062663030759,45.341460435539936,58.288065689182886,42.38898137448821,51.67991224033983,14.208179351450386,2001-10-10,0
Jhoome Jo Pathaan,"Arijit Singh, Vishal Dadlani, Sukriti Kakar, Vishal-Shekhar, Shekhar Ravjiani, Kumaar",1,2014,10,29,3369,11,106565,220,8,55,3,45,136.20844893082733,G,Major,83.1090019231971,68.88882135047213,86.70100439600374,13.02067331327365,9.005245847731333,14.209510122237296,28.98775843209019,2014-10-29,0
Feliz Cumpleaï¿½ï¿½os Fe,Feid,3,1973,4,25,1740,9,154144,78,16,156,7,35,95.05013980270924,F,Major,56.74282651221508,48.563651378472784,37.49152118417096,51.21395797465376,29.72502367890816,33.40330642265114,9.042199971661072,1973-04-25,0
ýýý98 Braves,Morgan Wallen,5,2022,2,5,828,16,48637,139,9,18,9,9,96.1493081775906,D,Major,46.54002850692388,44.54014853440574,45.99729604363836,67.54975206018119,45.8248025030681,36.94679157606707,9.25071837141983,2022-02-05,0
Si Te La Encuentras Por Ahï¿,Feid,4,2014,6,19,3823,11,124180,80,4,9,0,32,140.7523401583745,G#,Minor,78.50898681378067,61.37958953541227,83.15831641620694,7.427264658743418,1.396371563531087,13.78149096746712,22.35163930769797,2014-06-19,1
Deck The Hall - Remastered 1999,Nat King Cole,1,1967,12,23,3558,2,25994,219,5,70,4,25,139.74429884175777,F#,Minor,82.04220749931011,73.54366035614947,80.13708395196618,20.55583423264074,5.704209289017804,7.046150086215732,15.551049635547724,1967-12-23,1
Born With A Beer In My Hand,Morgan Wallen,3,2007,1,16,3144,6,44244,155,16,46,2,33,145.547115476962,Unknown,Major,83.85437137106894,76.55610204413894,87.24729475719798,14.84185220703132,0.7782598560675924,12.289403968930245,20.99161994858601,2007-01-16,0
LADY GAGA,"Gabito Ballesteros, Junior H, Peso Pluma",5,2008,7,31,455,5,182725,268,16,92,6,0,103.37038746430542,F,Minor,43.39349048368416,40.787674649301735,32.75021696691545,40.298197529188,45.54827076412468,44.31625656768533,14.261968076872815,2008-07-31,1
Seek & Destroy,SZA,5,2002,5,11,1372,1,198277,33,16,73,1,34,109.2747815921347,C#,Major,55.60641890749031,50.81810965844298,40.25181031721232,60.27523955921079,42.82272688795196,40.095765881881775,14.393389476710478,2002-05-11,0
Only Love Can Hurt Like This,Paloma Faith,3,1975,10,29,1657,16,13197,220,19,127,6,31,105.92766742523771,G#,Major,59.88434044201368,46.53182718580294,57.28657007609373,50.111260057433775,27.260668391573144,31.360555280178648,6.099506374336261,1975-10-29,0
Todo De Ti,Rauw Alejandro,2,2004,5,17,4098,5,46162,219,12,102,8,34,100.37132576204245,D#,Minor,53.3938930887312,41.09920776101296,51.03789635123884,44.33733766342102,22.768998868520285,56.63582340468808,8.344816228319782,2004-05-17,1
Lost,Frank Ocean,5,2007,8,23,604,0,36700,64,5,94,7,32,98.92985241224814,A#,Minor,51.90687617918181,54.22915404254005,46.0193474673404,59.44193734007683,43.73099269036371,56.90880007464929,8.959310571118408,2007-08-23,1
Glimpse of Us,Joji,2,1957,4,26,933,8,196078,26,1,23,3,45,98.75810405338822,G#,Major,54.34835392925326,44.07085740291982,44.75592624866894,61.57704477507042,23.94698726087268,32.09602760906712,5.392595566687034,1957-04-26,0
Is There Someone Else?,The Weeknd,3,2003,3,10,1270,10,128456,237,14,77,4,14,100.1651784008515,A,Minor,47.37617608579677,55.08895819013673,50.80156376276058,51.415496308960165,20.444261747064395,31.51250926949369,8.930818458478253,2003-03-10,1
I Heard You're Married (feat. Lil Wayne),"The Weeknd, Lil Wayne",3,2013,3,22,3884,3,125375,121,19,134,7,16,105.65563413591984,D,Major,40.23005770613897,45.710235205983054,32.82360875935209,46.10398291513936,43.12850399116402,45.07983990360309,8.787166642154103,2013-03-22,0
Gangsta's Paradise,"Coolio, L.V.",2,2012,3,25,4523,11,71268,286,13,37,2,18,136.63647468332536,G#,Major,93.16594138429087,66.91671179085985,75.66037651230441,22.09907957929039,3.158582092043871,7.82448712899335,20.91595451766574,2012-03-25,0
Leave The Door Open,"Bruno Mars, Anderson .Paak, Silk Sonic",1,2004,12,2,4388,0,119367,216,6,38,9,40,144.9062469053702,F,Major,82.5796904588143,66.6063283073109,82.35666635524244,6.327624782986079,7.176583040181588,10.683684533381868,16.434104690482148,2004-12-02,0
Seek & Destroy,SZA,5,2017,1,8,341,2,46411,104,11,48,4,16,139.2049730896328,C#,Major,90.66178643874356,67.45223247616764,73.19622017409353,14.236272086362384,3.619668100896408,11.761191170195849,15.363039473840775,2017-01-08,0
Tak Ingin Usai,Keisya Levronka,3,1961,1,31,368,0,5215,273,8,117,4,13,146.03731907511946,Unknown,Major,94.72282850255743,75.93853717548002,73.92639646672046,21.28566648061048,1.3548121274477654,7.227626041551644,23.15086330301757,1961-01-31,0
"Link Up (Metro Boomin & Don Toliver, Wizkid feat. BEAM & Toian) - Spider-Verse Remix (Spider-Man: Across the Spider-Verse )","WizKid, Toian, Metro Boomin, Don Toliver, Beam",4,2020,12,8,659,7,23873,117,11,31,7,15,136.4619590137748,F,Major,84.88857385075005,62.24001601235253,76.90560157915841,15.673593133192924,1.5559164668005732,10.05800533456776,20.845026601946927,2020-12-08,0
Danza Kuduro,"Don Omar, Lucenzo",1,2016,12,20,4628,13,2961,206,19,150,9,47,93.97617433626355,Unknown,Major,44.24734587487977,50.377492568530165,36.64074038159697,66.2170778465275,45.62703049449172,42.87836061035071,7.855871370595508,2016-12-20,0
Watch This - ARIZONATEARS Pluggnb Remix,"sped up nightcore, ARIZONATEARS, Lil Uzi Vert",5,2022,7,29,4440,19,123801,221,6,136,6,39,143.7319466481098,B,Minor,85.94611825546963,78.5549228943066,70.41045572662051,11.939182079450424,4.31639872518465,8.087688506612459,23.251713662702038,2022-07-29,1
Love Nwantiti - Remix,"Ckay, AX'EL, Dj Yo!",4,2019,3,4,202,7,188377,227,11,176,2,25,94.3765050835441,G#,Major,47.97330261172423,46.30264941649892,48.70709752205919,65.93693888450437,46.5604317139517,49.38027165575795,12.843311626496314,2019-03-04,0
El Gordo Trae El Mando,Chino Pacas,4,2011,1,13,4558,8,117620,160,19,91,0,10,137.24967032541102,G,Minor,83.67282553636613,78.41015325254413,74.6415715910357,21.347615114387512,6.686906356795278,11.343349213303256,15.878404615210318,2011-01-13,1
White Christmas,"Bing Crosby, John Scott Trotter & His Orchestra, Ken Darby Singers",3,2016,6,22,4127,9,11949,80,10,78,1,3,104.79917313652564,A,Major,49.3377270385825,49.60634694437755,33.26493555681362,63.8776157294978,24.17621487232877,46.73447644534092,10.895041960228298,2016-06-22,0
Miï¿½ï¿½n,"Tini, Maria Becerra",4,2019,6,30,3922,4,136852,280,14,178,7,26,98.95633019292616,D,Major,49.81247639943413,47.207067358350166,43.421843805002005,69.19336396349175,26.72074064189528,31.08711589013149,9.042135738094764,2019-06-30,0
METAMORPHOSIS,INTERWORLD,4,2010,9,1,634,10,13280,76,2,143,3,49,92.1331941421134,G,Minor,46.34863154156415,43.98365141175368,35.43989677058525,63.75473454654994,46.05286502982133,44.73078978136222,11.45539994978934,2010-09-01,1
Karma (feat. Ice Spice),"Taylor Swift, Ice Spice",1,2012,5,1,320,13,89848,47,8,132,7,18,133.7023290469876,G#,Major,94.81389232005122,78.88531445050666,82.9555018388803,7.741129600694167,2.1447147197010787,19.14849278667609,23.14288382618187,2012-05-01,0
Broke Boys,"Drake, 21 Savage",3,1966,5,16,4976,7,102630,71,14,81,0,9,95.59351847668918,D,Major,56.07437162023501,49.57082273727906,44.98242241717595,58.976548157116106,42.07114112518333,52.79765296947112,12.20784500753228,1966-05-16,0
Maroon,Taylor Swift,5,2015,6,26,2732,13,28889,224,7,143,3,29,100.39861939360128,G,Major,54.65387592103597,44.1863590899603,49.30893170188643,65.02616346853414,43.22959397177711,40.99790736891568,9.1346793405065,2015-06-26,0
Master of Puppets (Remastered),Metallica,5,1985,9,21,4080,16,61479,191,4,142,7,27,138.45641842693692,E,Minor,94.94819399912892,72.60829792916377,81.78880817580014,8.26595988635141,6.063842242904415,13.492774175997518,26.54729419208869,1985-09-21,1
die first,Nessa Barrett,3,2008,12,6,1214,12,38680,130,2,49,6,0,149.29208774307338,G#,Minor,91.691645580104,74.442096050254,74.38956641054988,20.47359965059133,3.917551308510052,16.615460097664133,16.168801976272313,2008-12-06,1
Si Te La Encuentras Por Ahï¿,Feid,4,2010,11,1,914,11,42136,151,9,157,3,37,145.25533526654266,G#,Minor,76.12833039190467,62.11177038621246,86.92332066954015,12.032381711753391,0.5304204412686331,6.515866572772479,17.01923921825035,2010-11-01,1
Ditto,NewJeans,1,2021,7,25,349,18,85369,45,1,45,0,47,96.75728790497745,F#,Minor,54.64308873597336,49.82044593815175,36.84389965190625,49.80226199530235,42.952397481124365,55.51157338129005,11.184391636880507,2021-07-25,1
My Universe,"Coldplay, BTS",1,2016,5,10,3271,14,124835,156,10,12,5,46,107.04546615611328,A,Major,52.31358744342626,59.56223849550976,39.79746401632794,43.75984896680278,28.54830923268526,47.6362549855527,12.328505241283466,2016-05-10,0
Wild Flower (with youjeen),RM,5,2007,9,15,3179,10,50548,127,17,157,0,6,103.37147367384156,G#,Major,48.493827617472256,57.7538668144532,39.24767364582152,61.665030077165646,34.954535824959365,36.69730914465755,6.738741477922783,2007-09-15,0
Un Finde | CROSSOVER #2,"Big One, FMK, Ke personajes",1,2020,4,15,4012,10,148123,39,0,92,7,30,104.7963026389051,B,Major,51.907086013598885,48.72918013776912,30.645634338098787,65.61253323160291,49.099442650155154,42.5116177530922,14.123712320062578,2020-04-15,0
MONTERO (Call Me By Your Name),Lil Nas X,3,2014,6,16,285,11,116968,47,18,98,1,3,100.3986958857347,G#,Minor,59.89080758893075,58.32260876921711,55.09546028843212,47.40443585895492,45.04056229755324,35.5471765389973,12.553032870247714,2014-06-16,1
Still Don't Know My Name,Labrinth,3,2020,6,7,138,3,157204,162,7,56,7,48,108.8762152734914,F,Major,50.716470709712056,40.24226641199784,39.505841875777854,62.74056445253206,35.85277566653481,30.087845366768438,6.113920663415319,2020-06-07,0
Peru,"Ed Sheeran, Fireboy DML",3,2002,1,17,4236,9,111347,63,0,182,8,35,141.05459945547446,G,Minor,93.77840493774082,61.25048203380052,87.68331223861654,10.828138892825145,7.013268292162788,19.072471935744865,16.535312296936944,2002-01-17,1
VAGABUNDO,"Sebastian Yatra, Manuel Turizo, Beï¿½ï",1,1955,3,30,3538,10,105979,29,14,138,8,7,101.71088147758763,B,Minor,50.50605675738963,42.753296304221855,48.16446481905013,59.20242859700167,41.74171587366608,40.75802730604206,11.9683271657708,1955-03-30,1
Hits Different,Taylor Swift,2,2020,6,21,1411,3,10489,140,10,67,3,35,109.83623931172876,F,Major,49.28330487928114,42.295359293823,42.44835702126097,62.26987843734437,20.943772401063352,55.61530611521381,12.693531988161524,2020-06-21,0
Every Angel is Terrifying,The Weeknd,1,2000,2,8,125,13,143390,117,8,54,8,21,132.85032780866504,Unknown,Major,81.76412742372521,68.52097994726793,85.47752651313084,18.699019377477583,1.9195501423949912,14.27963849445022,23.038329164370488,2000-02-08,0
Riptide,Vance Joy,2,2019,6,24,3321,4,21526,121,14,173,4,22,141.59029354568938,C#,Major,90.70579434148036,61.213365726928,70.4823162202321,14.195848426034145,9.354186726673252,15.567192370043696,15.881101477403988,2019-06-24,0
Vampiro,"Matuï¿½ï¿½, Wiu, ",1,2002,9,26,2091,4,150617,14,8,164,5,12,104.08525546816225,G#,Minor,44.7269246867766,52.01728324804506,43.05173813128704,50.947074100896536,20.012718510225064,45.98524808889885,12.259844615845983,2002-09-26,1
Set Fire to the Rain,Adele,2,2016,6,5,2464,3,84298,74,6,185,1,23,134.8991671815617,D,Minor,78.89998536282842,61.202218919902286,81.90734639723127,17.408060704976478,8.709520468539685,12.442377629557429,27.83806075573465,2016-06-05,1
Selfish,PnB Rock,2,2004,5,3,3498,1,12056,84,17,154,9,22,143.14695097124573,C#,Minor,88.30000971131264,74.94085732428579,84.8831144305,22.503094068521456,5.645141616285672,5.3736142277614585,25.95563258474489,2004-05-03,1
All Too Well (10 Minute Version) (Taylor's Version) (From The Vault),Taylor Swift,2,2009,9,18,126,10,172979,104,9,184,3,6,145.43745531941536,Unknown,Major,93.0325562430897,63.06143113750506,77.01530383241617,12.830197985108162,3.66496638174014,11.174967666146888,27.538526138592403,2009-09-18,0
Un Finde | CROSSOVER #2,"Big One, FMK, Ke personajes",2,1983,6,27,1063,19,43002,214,16,171,5,23,143.29447764767616,B,Major,84.30760824383024,75.3402770059418,86.35119795028209,19.374196844646345,4.766636645604243,19.26300423269624,28.00918695882075,1983-06-27,0
Late Night Talking,Harry Styles,4,2012,12,29,4038,7,33547,220,2,9,8,39,92.7255692324038,A#,Major,41.52064348834278,55.02678655058451,57.48965222035024,64.52038485219308,29.53012226054109,57.59193271192985,12.116348976706524,2012-12-29,0
Rolling in the Deep,Adele,3,2005,8,6,2474,17,168650,230,9,46,2,44,140.27466645709617,G#,Major,85.47288254642102,78.47941868048804,75.78625358366503,18.63759716618977,1.2540830389221402,8.245516824707142,21.432632297623947,2005-08-06,0
Daddy Issues,The Neighbourhood,5,2014,6,16,2088,16,4253,16,16,116,7,35,132.42755642467017,A#,Major,78.81782575647625,70.79429561818327,85.32551012873171,16.801450474154542,8.055242599773505,5.176708848289869,17.624653996377557,2014-06-16,0
The Scientist,Coldplay,1,2012,2,22,3417,3,66459,26,16,35,8,25,102.09064874827445,F,Major,51.60145547986006,44.85733159731652,59.57403887188137,49.75991186712505,41.839255355128834,40.0656186232746,6.620770863173931,2012-02-22,0
Por las Noches,Peso Pluma,4,2016,12,28,3114,0,26420,67,2,57,5,23,109.12852982737128,Unknown,Major,40.01248460702006,55.96491991154976,48.85153010943748,47.54959588069373,45.02080077791079,39.99939705905918,7.750797035409601,2016-12-28,0
Dandelions,Ruth B.,5,2022,11,9,4244,19,36525,280,12,38,2,42,140.13490628004496,C#,Major,93.3308127996942,68.77231749225064,89.07644119045142,11.02554644829022,3.4504525544084785,12.255978774178164,28.119276600444948,2022-11-09,0
Shallow,"Lady Gaga, Bradley Cooper",1,2008,4,10,357,4,143935,184,11,116,9,4,96.19692727384196,G,Major,49.84510257909977,51.01248621936774,55.99002272832932,62.93565334658096,24.136588979493485,40.25714369169464,7.098360584257146,2008-04-10,0
25k jacket (feat. Lil Baby),"Gunna, Lil Baby",2,2003,7,17,189,7,161679,245,9,141,7,31,142.18940328578324,F,Minor,75.68060662764883,65.06236816817514,73.8973286774219,7.586839937343869,1.086466977528261,6.24840023231126,19.43711191880743,2003-07-17,1
Out of Time,The Weeknd,1,2000,1,26,3405,11,167426,226,12,54,7,43,102.99019926029804,Unknown,Minor,59.59596106930485,50.08365038692535,49.55823161746648,43.22643288033439,29.943865267600653,53.7485955471583,11.035873830311113,2000-01-26,1
Let It Snow! Let It Snow! Let It Snow!,"Frank Sinatra, B. Swanson Quartet",3,2006,5,25,3701,18,173723,37,6,92,3,0,106.81576172450248,D,Major,59.073614657883766,53.23433232018597,39.65996923596241,62.70943013015076,44.636905424710186,42.5387839464708,14.01867196633321,2006-05-25,0
Polaroid Love,ENHYPEN,4,1996,10,25,1689,4,43605,27,3,116,7,32,107.36330084809106,G,Minor,57.65693898840208,53.347695030719926,54.59656410050755,43.79338572796547,46.55107901201036,32.91778306080619,10.519149023205244,1996-10-25,1
Soy El Unico,Yahritza Y Su Esencia,3,2022,7,27,3211,4,17052,46,11,71,6,24,144.81505462609346,E,Minor,92.37350727062098,62.75455947320594,75.89982207019543,10.422837231068186,9.83335347502988,19.7720020688351,25.628461784532213,2022-07-27,1
DANCE CRIP,Trueno,4,2000,10,10,3518,5,137075,154,4,171,5,30,135.7087356088779,Unknown,Major,90.47862262383588,78.85010914443131,83.40143567465813,6.296931855304084,5.446071965165133,13.93937750663529,25.396174005484426,2000-10-10,0
The Motto,"Tiï¿½ï¿½sto, Ava",1,2008,3,14,2978,14,8052,28,15,77,4,47,134.38488650379657,G,Minor,82.07814580746579,61.48827005884899,75.94555591033131,6.7372479132567165,6.58302557767037,17.021377210056286,23.45315917769144,2008-03-14,1
Static,Steve Lacy,1,2011,5,31,218,10,51942,113,6,35,5,5,130.332641535543,C#,Major,89.49538237017913,66.27810088637762,77.19334752719445,18.38668636397497,5.802300390760093,5.508513556987666,16.50782627212716,2011-05-31,0
WANDA,Quevedo,3,2015,1,11,4886,5,65210,143,9,126,3,11,146.99325995954223,E,Minor,94.19082184997173,63.1595740919822,87.47947555829705,19.829360398464,7.930338823663638,12.145059129196593,20.465390506374323,2015-01-11,1
Too Many Nights (feat. Don Toliver & with Future),"Future, Metro Boomin, Don Toliver",3,2018,12,17,1245,6,61931,177,6,107,1,39,130.50482465335827,G,Minor,79.16049197273682,69.19058067512685,70.83994739782538,7.760011076977015,4.689626936250687,18.30389654965653,20.610452562379216,2018-12-17,1
Fin de Semana,"Oscar Maydon, Junior H",1,2013,1,25,622,10,148953,221,10,33,9,35,106.69550949785476,Unknown,Major,45.74635720743086,41.53765693205649,32.64549958000562,43.54719641373299,36.61595553550163,44.67191732286958,11.863412683451845,2013-01-25,0
Until I Found You,Stephen Sanchez,4,1974,3,13,1373,12,88361,130,17,7,8,1,98.68907675704529,A#,Major,45.29743372620933,54.43107082311313,48.78659705426908,53.34826934524787,40.74489067597334,58.52273412612473,6.330465835462053,1974-03-13,0
WAIT FOR U (feat. Drake & Tems),"Drake, Future, Tems",2,2006,6,16,4423,8,99849,272,7,195,5,10,140.13247644635365,C#,Major,94.34766185655366,77.81865206049875,77.16771238462337,17.15892597501064,3.956136008001832,18.93050028803756,29.45784567735036,2006-06-16,0
Anti-Hero,Taylor Swift,3,2013,3,26,568,12,173607,118,3,28,3,42,148.5367939303992,E,Major,76.25771246757817,61.79246835892362,78.92624793165136,10.829425776187248,0.817409739191588,19.474411501173435,17.557243545365804,2013-03-26,0
"Villano Antillano: Bzrp Music Sessions, Vol. 51","Bizarrap, Villano Antillano",4,2005,9,14,2650,11,121192,25,15,48,2,3,143.12575058912546,C#,Minor,92.0477640622738,76.52649398932344,73.12005364052494,5.476377715723222,4.682799296255723,7.080558387985057,28.86720677695573,2005-09-14,1
Every Breath You Take - Remastered 2003,The Police,4,2017,10,17,2108,0,165777,166,11,44,5,29,140.62260643986318,C#,Major,79.61556040505414,65.61050969481569,83.22869910155796,16.02321182922382,1.7392200522102983,13.142840253709592,26.185500613789607,2017-10-17,0
Let It Snow! Let It Snow! Let It Snow!,"Frank Sinatra, B. Swanson Quartet",1,2005,10,1,4611,11,43332,215,6,33,6,8,149.65239226309964,D,Major,88.71822805758356,66.02022827923102,74.94958923338505,8.541525201793505,8.236084792730603,7.361649843205917,26.03856999188853,2005-10-01,0
Ella Baila Sola,"Eslabon Armado, Peso Pluma",2,1962,4,22,4731,6,187867,90,5,174,8,12,106.86849618435168,F,Minor,46.07718166688031,59.446478256410046,33.06091518489868,40.09239026939367,20.06978848931483,53.81009578268841,10.692243520106086,1962-04-22,1
Angel Baby,Troye Sivan,2,1981,9,1,889,13,151237,271,10,113,3,14,132.05889975998852,B,Major,89.5132614394796,77.41141270632737,76.83435453487763,10.342846316655844,4.6737383707850855,7.865240018495045,20.000410188215184,1981-09-01,0
S91,Karol G,4,1995,3,2,4786,13,14499,185,5,159,4,31,97.9770961545672,Unknown,Minor,46.45128889022752,53.97249157961193,42.77837705725005,50.41630871075792,40.797381824731005,32.661763363813265,8.578774916275469,1995-03-02,1
Unholy (feat. Kim Petras),"Sam Smith, Kim Petras",2,2012,7,11,1275,15,153864,295,0,124,6,0,145.732250734788,D,Major,81.38797318193897,61.71520865272028,85.97504070097324,10.592596577150992,3.3193737011861115,17.65610382789524,18.00768236029946,2012-07-11,0
UNFORGIVEN (feat. Nile Rodgers),"Nile Rodgers, LE SSERAFIM",3,2005,10,19,966,10,94994,161,13,130,6,12,134.15925515367937,E,Minor,87.75170735731864,60.91338797358191,87.01668609924559,17.70246927261817,0.7712656721328492,6.61601024684438,21.32024154845965,2005-10-19,1
Polaroid Love,ENHYPEN,5,2016,4,23,1163,3,186229,257,14,77,9,3,95.28088812619914,G,Minor,47.61862666851213,45.63098562740305,33.441641849817145,49.11392629733379,34.44164448815185,37.04743164379055,5.9946286362320365,2016-04-23,1
Thinking Out Loud,Ed Sheeran,2,2002,1,6,4299,4,10238,272,8,100,8,19,95.61298526248764,D,Major,52.94096085613039,43.05155543470679,57.15872787650579,54.68638386337948,40.94088878898173,43.89234410637452,7.444545578609917,2002-01-06,0
Out of Time,The Weeknd,3,2001,1,3,3661,7,8736,139,3,158,1,23,138.3283001373218,Unknown,Minor,90.66862656590092,67.44499969385258,80.75045471887918,22.367371550502614,4.276452350350813,15.5953673035158,19.63056107027404,2001-01-03,1
Malvada,Zï¿½ï¿½ Fe,3,2004,12,3,2182,12,4417,260,1,64,0,12,108.78933109182285,F,Minor,43.74494951314328,46.515284435802926,49.58804545212192,56.1152672868336,33.760419075345055,42.24989406984431,5.188378855243174,2004-12-03,1
Dijeron Que No La Iba Lograr,"Fuerza Regida, Chino Pacas",2,2009,1,29,1827,4,92767,276,12,104,7,27,101.21778790018834,G,Minor,52.48173830131739,44.73943333016649,42.84203384454049,68.09323580915154,39.943500564905406,34.85460414236237,9.60119575932923,2009-01-29,1
Acapulco,Jason Derulo,2,2012,8,20,3155,9,91749,244,12,134,1,39,136.0239653177703,A#,Major,86.49035802959551,62.446480789049815,73.18905369467743,5.724418579768543,2.107962256558642,8.376846844459255,22.395229366127683,2012-08-20,0
Las Morras,"BLESSD, Peso Pluma",2,2021,8,13,641,3,45289,224,3,28,7,2,135.0139351348886,A,Minor,92.44474012933613,78.409380908434,70.00103663918027,15.884031187076516,9.120338475299612,18.966271894270164,23.484902719616457,2021-08-13,1
Despuï¿½ï¿½s de la P,Bad Bunny,4,2005,5,9,3076,7,169622,97,16,197,8,14,133.46575427707575,F,Major,90.66041582824424,78.03989073854106,88.67647931134049,17.19766852684204,6.646720756883448,19.915146325477288,16.98057945783312,2005-05-09,0
F2F,SZA,3,2008,10,16,1244,15,121325,181,19,61,1,2,96.2429735061844,D,Major,42.37497269303491,51.94028172322792,51.24292447716046,60.30734872917439,43.57789879120688,41.58479541939136,12.960177768558273,2008-10-16,0
Can't Hold Us (feat. Ray Dalton),"Ray Dalton, Ryan Lewis, Macklemore",3,2005,3,17,2566,10,98737,246,9,47,7,10,102.25090986690569,D,Major,44.33406713930181,59.60841654135094,53.20257343268025,66.07308989867948,25.60286502786809,33.47297338918631,13.035547626762176,2005-03-17,0
Why'd You Only Call Me When You're High?,Arctic Monkeys,1,2021,11,6,4532,5,165938,106,10,94,4,0,131.32384894149655,D,Major,82.41732531009079,76.9199429030024,84.22843287143579,21.58012153924433,4.4902221899536565,8.766330438644456,18.78565622221186,2021-11-06,0
Lo Siento BB:/ (with Bad Bunny & Julieta Venegas),"Julieta Venegas, Bad Bunny, Tainy",4,2009,3,19,3317,3,170776,138,5,78,7,5,93.64507409389888,E,Minor,54.67619314690493,47.0125791874589,49.7946427719475,67.29633501780427,43.661420818513214,48.26225561162639,11.847240644061245,2009-03-19,1
Die For You - Remix,"Ariana Grande, The Weeknd",5,1997,9,8,3659,1,63533,47,2,86,4,8,96.664877498186,C#,Minor,50.59922104464496,44.17895768178742,32.32268297812626,65.97831425267569,35.59480192455419,46.96859422305296,13.691050757608911,1997-09-08,1
Right On,Lil Baby,1,1977,5,11,1593,14,100183,284,2,172,8,1,147.2110617095151,D,Major,82.04351521950004,72.72196304435269,88.41841131729662,24.158178171008988,2.3275456949275783,19.139522777640003,21.308117253517764,1977-05-11,0
Thousand Miles,The Kid Laroi,1,2015,6,26,57,17,63552,145,15,186,0,8,140.6107010954221,G,Major,83.68771129843786,66.78801119646528,74.60457230848017,6.67066201299148,2.550013567151858,10.023818326768978,28.91035897672057,2015-06-26,0
B.O.T.A. (Baddest Of Them All) - Edit,"Interplanetary Criminal, Eliza Rose",3,1989,12,6,1273,13,88644,116,3,117,0,29,147.55170118120546,Unknown,Major,94.28379694793264,67.3244582512206,83.1886417182425,18.49648205935429,5.659599548557434,6.700243353921617,17.200397655907626,1989-12-06,0
PUNTO 40,"Baby Rasta, Rauw Alejandro",5,2006,11,1,2136,9,13871,279,1,32,0,39,105.2889828635958,Unknown,Major,55.03165750840522,55.61445550586356,37.10378183378722,41.514055942449325,44.58595803005353,33.666274408099795,6.694462186370528,2006-11-01,0
Miserable Man,David Kushner,2,1991,2,6,1877,14,4400,185,16,42,8,3,134.88216220081517,A#,Major,78.10984024788726,73.05085955332798,83.60878916532917,11.793635437306412,4.6937515434181005,5.753487849434568,17.174499592514042,1991-02-06,0
Self Love (Spider-Man: Across the Spider-Verse) (Metro Boomin & Coi Leray),"Metro Boomin, Coi Leray",5,2018,6,6,3334,2,13729,19,15,133,1,12,143.43574994372247,A,Major,77.69164913153773,68.07737234186276,79.76016769024022,13.191193946299451,6.491175898063027,14.826429072420485,17.535094285918106,2018-06-06,0
Dance Monkey,Tones and I,4,2007,9,21,4147,2,131221,94,14,48,2,14,103.07409374627792,F#,Minor,43.65480570447794,57.95334798297253,40.569393419463616,45.18337398337744,22.25125433950372,31.823915355836807,6.472214627850415,2007-09-21,1
Calm Down,Rï¿½ï,3,2017,3,14,4598,8,104764,102,16,25,0,29,95.09174413789884,B,Major,43.18693610094724,51.61774696662385,30.752084296776665,52.18440627204177,49.6322401029916,56.50910593812162,11.540384987224634,2017-03-14,0
Cash In Cash Out,"Pharrell Williams, Tyler, The Creator, 21 Savage",3,2009,9,24,4353,16,19462,87,19,120,7,37,107.46706851292272,G,Major,59.59561544206331,51.19935895977552,31.654952896824327,50.55970337131258,44.14824052156918,53.642525027653065,9.475342002865805,2009-09-24,0
Last Christmas,Wham!,2,2007,1,1,4330,6,163437,286,16,56,8,20,149.07468854174607,B,Minor,77.0126932649562,76.38613848658343,77.04191419075316,24.25663856644325,2.956631208508313,9.058371286609336,26.35989858633369,2007-01-01,1
Boy With Luv (feat. Halsey),"Halsey, BTS",1,2015,7,21,3677,6,185529,82,4,193,1,30,101.91483387557588,B,Minor,58.4960051061919,52.126527260896616,56.42056314663655,63.07640892520753,23.108415030923556,44.07554983547785,6.459226288563256,2015-07-21,1
En El Radio Un Cochinero,Victor Cibrian,4,1969,2,10,4729,12,118485,285,14,6,0,49,130.25417117469124,F#,Minor,92.56798787214404,65.58852170088588,77.21609313878882,6.680602829403939,0.9912772150742144,18.44825125213631,29.442211707005157,1969-02-10,1
Self Love (Spider-Man: Across the Spider-Verse) (Metro Boomin & Coi Leray),"Metro Boomin, Coi Leray",2,2009,9,10,227,9,70416,30,15,105,0,2,109.7804731735744,A,Major,52.37015932209684,50.4948479064489,38.70409735531269,50.226648101710765,49.05453692175512,57.25675968695117,13.418908002024388,2009-09-10,0
Murder In My Mind,Kordhell,5,2015,11,12,3462,2,149083,239,16,179,8,3,145.46498966823992,A#,Major,88.78156292282613,75.92031061648034,89.5074296068413,15.62145397758372,6.731496504326585,15.217308275110778,25.59847593025995,2015-11-12,0
Summertime Sadness,Lana Del Rey,1,2015,5,3,2271,9,164713,130,17,128,0,35,149.4710492356968,C#,Minor,88.75387391029383,75.75902793189333,83.51595019194598,16.634447013810856,3.7545117334571296,17.011957781205464,18.85082229831305,2015-05-03,1
"Annihilate (Spider-Man: Across the Spider-Verse) (Metro Boomin & Swae Lee, Lil Wayne, Offset)","Swae Lee, Lil Wayne, Offset, Metro Boomin",3,1998,9,5,1048,17,168215,239,11,16,9,29,149.1346752131911,B,Minor,90.6716023564912,71.47690092811344,76.30639919423095,17.55353377122502,0.7741390088379863,10.139258706511391,17.486156752527226,1998-09-05,1
Let It Snow! Let It Snow! Let It Snow!,Dean Martin,1,2016,2,24,1230,19,97413,251,6,118,6,26,109.7480036712166,C#,Major,56.215114305210406,51.42915378094663,41.56202481001564,63.48702954701678,24.46037032671547,47.34541792883332,8.568456056241331,2016-02-24,0
No Role Modelz,J. Cole,3,2021,10,19,1856,7,183753,133,2,164,9,36,103.97682404846545,A#,Minor,50.20165571919395,54.789840486216406,33.779124350462325,48.44519760646576,35.24513118935961,59.85108143554636,8.544300388633218,2021-10-19,1
Jordan,Ryan Castro,5,2018,5,28,4021,10,107081,16,6,96,6,43,146.7298447260152,A#,Minor,79.70589543287882,63.41480496079977,70.17905692403771,24.03069859159248,9.3842457970024,5.039860848893248,17.055663860561467,2018-05-28,1
Cupido,Tini,3,2012,11,21,3212,3,190749,182,0,69,0,30,143.92457968293598,A,Major,84.22004072603384,70.71586106661181,84.88770528655719,14.871743864833135,2.632528742623598,16.20284919385204,20.62468343505456,2012-11-21,0
Just The Way You Are,Bruno Mars,5,2018,11,22,4244,12,37829,291,17,121,9,38,104.16821707150449,F,Major,59.85500635675275,50.04549850856885,36.48037347870402,48.72882859328552,30.87314912806175,55.92662056249512,7.534356599474025,2018-11-22,0
Tak Segampang Itu,Anggi Marito,5,2011,1,4,3183,17,48079,196,1,121,6,13,101.2003634648993,F,Major,50.871678558173386,56.45713317869825,33.3584854772952,54.09840663078462,37.35718889007191,58.53708787273074,12.504021915033242,2011-01-04,0
Cupido,Tini,5,2019,5,18,2770,9,194480,179,1,17,8,14,106.72934067916596,A,Major,54.78377152803484,44.31248089544851,40.84478093059475,54.47626794423732,28.587343876463173,50.08644010745904,8.319485352720609,2019-05-18,0
Thought You Should Know,Morgan Wallen,3,2021,1,14,1871,2,117879,102,2,48,7,43,105.74575417976229,F#,Major,41.84146814002894,58.121286356449296,52.30234727298313,62.20702748713897,28.653573066828763,36.5505287586924,14.025463604738093,2021-01-14,0
Bite Me,ENHYPEN,5,2011,11,27,3969,8,160702,79,4,165,4,30,137.3065218014117,C#,Major,85.52828268570691,71.89533937711961,74.07131357580128,24.979473073884872,1.1439115317926551,16.196298999210136,23.882825495723143,2011-11-27,0
HAPPY,NF,2,2004,8,30,1179,13,140766,110,9,28,8,20,99.4989162042188,G,Major,40.24070894224171,48.835986822119686,33.33923900301584,46.76805290641449,42.09135234945611,57.53008934989767,12.74820087629815,2004-08-30,0
Viva La Vida,Coldplay,1,2010,3,31,1863,14,174373,118,9,133,9,34,138.05415168396496,F,Minor,79.04955140248991,71.02015348372382,73.05499413183014,6.832873836751636,2.811319810086925,13.239264241945728,24.719174630282737,2010-03-31,1
Do I Wanna Know?,Arctic Monkeys,5,2011,9,22,114,5,93730,272,16,46,8,48,105.33937422353384,F,Major,40.95640921991514,51.153574921840686,51.73575397148643,47.99087389175543,23.253393775210057,40.18360890071583,5.415404103020192,2011-09-22,0
One Dance,"Drake, WizKid, Kyla",3,2003,11,29,3231,16,123940,257,13,61,4,20,137.37293086138823,C#,Major,87.58296936982029,65.65913877668373,80.9520021927399,16.26616998238837,5.052942488108353,17.937741112364865,22.918804141739272,2003-11-29,0
10 Things I Hate About You,Leah Kate,4,1975,8,15,3669,17,46541,50,3,198,8,46,146.7123886009611,G#,Major,84.1696577989458,75.2028377932632,70.11085401503468,12.949987311052308,8.331960608751052,16.646446141246493,29.100065906944543,1975-08-15,0
Lost in the Fire,"The Weeknd, Gesaffelstein",3,2006,7,19,3352,5,129140,178,13,59,9,30,138.85055611907248,D,Major,92.83179568091953,69.98166412923575,85.29639024310319,11.339456141737754,6.624691820287032,12.71787691588794,18.77439308979581,2006-07-19,0
Special,SZA,5,2002,12,7,1400,16,82916,196,10,59,7,20,108.03864339348644,Unknown,Major,42.67943834164574,56.8005866006794,38.12408212563671,42.24540239904656,46.39642425514899,35.73713264911326,7.576174578487799,2002-12-07,0
Take My Breath,The Weeknd,5,2015,5,30,1502,9,97508,201,4,120,7,25,137.53801828248268,A#,Minor,77.14005717503002,69.52999801534591,82.56397182815947,19.400070764194624,5.6562672286580105,18.20490618378787,29.6638176870497,2015-05-30,1
Master of Puppets (Remastered),Metallica,5,2006,9,6,3379,3,199777,72,13,198,1,36,139.95566073849443,E,Minor,83.86717899682691,66.69690453783119,79.88686202104627,14.978635306775423,3.075004966936272,17.895563863563005,23.614581446594187,2006-09-06,1
In Da Club,50 Cent,2,2010,9,10,1290,17,86989,239,17,160,3,21,146.78455021463878,F#,Minor,93.8644442510085,71.72129220374687,74.97418516909399,12.359836734278066,6.547958720819127,6.635432805141276,23.649552935666545,2010-09-10,1
El Cielo,"Feid, Myke Towers, Sky Rompiendo",5,2010,7,20,209,17,98122,94,6,173,0,36,92.54659040894435,A#,Minor,48.11867315964875,45.5211637920257,46.65678301638911,58.81680838187109,43.25503618630774,55.40020711637133,8.30157521155886,2010-07-20,1
One Thing At A Time,Morgan Wallen,5,2001,3,21,1346,11,156423,207,10,34,6,32,146.61124664974622,G,Major,78.79371596272048,77.39944691903239,87.42396199919831,13.528937030102323,8.265906317864218,8.479660415045448,23.88295865011726,2001-03-21,0
Master of Puppets (Remastered),Metallica,4,2019,7,29,92,11,40997,90,19,27,5,8,106.05388992674293,E,Minor,50.11474868271105,47.33452188511413,58.40651754515827,41.25223119125766,31.7581798772246,47.29827380948726,12.196384355822625,2019-07-29,1
My Only Wish (This Year),Britney Spears,2,1960,1,12,4681,16,118246,196,5,65,1,7,137.32952142452191,Unknown,Major,90.6291780033063,67.21606910950693,82.92199372772878,7.904087058351401,5.227597925795244,12.951305425053814,26.89142665056705,1960-01-12,0
Cash In Cash Out,"Pharrell Williams, Tyler, The Creator, 21 Savage",3,2007,4,19,4612,8,167227,276,12,62,4,39,98.69134233046256,G,Major,42.17157674132624,44.05259768039959,34.19694774520127,65.43755547871491,30.58303252341956,52.20371168266781,12.23305807054259,2007-04-19,0
Levitating,Dua Lipa,3,2016,12,25,708,11,93105,81,13,116,5,17,134.80300210364766,F#,Minor,75.64155015843319,78.9512890264213,89.76207841800607,5.3188498679050085,3.500610629109259,17.799429436916306,17.48565550802791,2016-12-25,1
Cool for the Summer,Demi Lovato,2,2005,5,30,2655,14,171429,80,14,43,4,9,146.55906761737043,F,Minor,81.72241534858816,70.73861725528592,72.43818798256582,13.4877770012954,7.4897169444042,19.07195747725993,17.09054747126562,2005-05-30,1
Dark Red,Steve Lacy,4,2019,9,21,2542,14,172110,229,6,37,1,33,147.55886327057243,F#,Major,92.29463261315712,73.98830289240685,71.87075053681974,20.639174157666996,3.2645356602319184,13.585530248352516,25.209057846264518,2019-09-21,0
Unholy (feat. Kim Petras),"Sam Smith, Kim Petras",5,1981,4,3,676,11,160398,137,11,102,4,14,145.05751581850694,D,Major,88.23426231233553,77.97858599024656,76.06083757061933,8.522141474443245,4.044963606118978,13.194080221129688,27.560258248599425,1981-04-03,0
Something Just Like This,"The Chainsmokers, Coldplay",5,1998,1,15,1758,6,98703,162,3,185,8,13,93.30913178986,B,Minor,56.98174231352523,54.50526843154411,37.24145860954319,53.84090751309296,28.80110943295273,58.35341053822023,7.313024037385038,1998-01-15,1
Cold Heart - PNAU Remix,"Dua Lipa, Elton John, Pnau",2,2002,5,3,700,9,43299,183,2,13,7,13,100.4939677770518,C#,Major,45.536327569906405,55.13395677821249,39.58177955121797,53.85777324674032,39.82807531518967,44.65803915514759,9.788557697999224,2002-05-03,0
Honest (feat. Don Toliver),"Justin Bieber, Don Toliver",5,2015,2,6,3119,6,52880,91,19,23,6,32,99.16904376644894,G#,Minor,48.918193871058726,57.39548357470083,46.52429246962869,44.66554642173768,20.228891808879624,54.95683909485805,6.649593929350331,2015-02-06,1
All Of The Girls You Loved Before,Taylor Swift,4,2001,9,1,3364,7,51525,277,4,65,8,43,138.30649177398251,D,Major,75.67859114255266,64.96175526298852,77.22841474232364,16.123150008841016,7.509137391888915,11.46620941604774,21.087382477011303,2001-09-01,0
Cï¿½ï¿½,Rauw Alejandro,3,2006,5,8,1018,6,45970,38,3,52,9,27,109.45409764173846,A,Minor,51.15806857968957,49.64080227447438,58.56683763580932,44.27053421390131,36.30484797705934,41.88681045016282,11.249496768189177,2006-05-08,1
Count Me Out,Kendrick Lamar,2,2003,11,21,4374,15,66729,44,8,27,6,37,147.27434882011391,G,Major,87.98823596894005,74.0714933977272,81.57588777203006,8.990832311670726,5.879953653247734,11.948968697053758,25.552910546503888,2003-11-21,0
Me Arrepentï¿,"Ak4:20, Cris Mj, Pailita",2,2001,10,25,3684,16,26796,257,15,123,4,38,93.6220831847978,Unknown,Major,50.84301229474893,48.73541114081591,52.443926802312326,46.90150767951313,32.782120251782736,52.92967893395836,6.563947502614228,2001-10-25,0
"Residente: Bzrp Music Sessions, Vol. 49","Residente, Bizarrap",5,2006,11,14,1076,5,50718,95,19,132,5,6,139.5149504930853,C#,Minor,83.10223075172911,77.0825233349417,84.20373656270404,20.931710293320705,2.354633878754515,7.355306777872959,28.274937668188198,2006-11-14,1
The Heart Part 5,Kendrick Lamar,2,2017,1,19,3022,14,85447,99,9,160,1,36,101.82958312301756,G#,Minor,55.18959363000729,57.20132984494502,37.64726920510382,61.106445564837614,30.0600462167634,32.74931446153764,13.47205989468256,2017-01-19,1
Las Morras,"BLESSD, Peso Pluma",5,2018,5,27,3289,13,132023,170,16,58,6,41,131.42742676265354,A,Minor,85.70487842673091,63.73024386787988,78.14319688763723,20.748326707149417,4.75664386000748,5.671155663223359,27.30575584961732,2018-05-27,1
AMERICA HAS A PROBLEM (feat. Kendrick Lamar),"Kendrick Lamar, Beyoncï¿",1,2016,9,13,2247,13,18702,283,19,39,9,33,136.51491821263838,C#,Major,93.95301352473736,63.34920209826844,89.58545520270971,24.195170001320875,5.191982800952964,19.991087911719656,23.47786945218163,2016-09-13,0
Bones,Imagine Dragons,5,2002,8,31,4017,18,106859,267,8,74,6,42,143.9520823037086,F,Minor,91.45335410226085,74.22799414497338,88.16037801790634,20.048491204645387,3.850294023186691,17.447766015492434,27.417041461453916,2002-08-31,1
La Llevo Al Cielo (Ft. ï¿½ï¿½engo F,"Nengo Flow, Anuel Aa, Chris Jedi, Chencho Corleone",5,1966,12,10,794,6,88666,152,5,185,2,45,132.51888878253664,A,Minor,85.34193383963151,68.55892638037854,70.3607244813876,11.321209927729798,8.892864895662541,7.618282833826838,16.635439997010227,1966-12-10,1
Sem Alianï¿½ï¿½a no ,"MC Xenon, Os Gemeos da Putaria",3,1992,6,6,1500,0,48148,160,12,82,3,29,139.58843542668802,C#,Major,81.69848235114617,67.43697339260922,73.93812509901065,14.783838886099325,4.970795497447415,7.257097885440408,29.79432290390023,1992-06-06,0
Space Song,Beach House,3,1969,10,2,831,18,132321,252,8,28,8,36,145.055712819713,Unknown,Minor,80.31159457239775,67.7658396460548,87.32067767734566,19.304136889084617,3.5415649040385837,14.6457413155192,15.241130042348171,1969-10-02,1
Boy's a liar Pt. 2,"PinkPantheress, Ice Spice",2,2021,6,1,3409,6,13637,142,19,87,0,8,132.3084791473912,F,Major,85.38626448428957,74.20964986050711,89.9284888815034,14.340883191799394,2.972857314275421,12.358511160380909,19.79973138512856,2021-06-01,0
We Cry Together,"Kendrick Lamar, Taylour Paige",1,2001,9,29,1264,11,104906,11,9,162,2,34,132.70947178129063,B,Major,88.35062500463177,71.85550286115291,73.43747639495636,14.527114945133002,8.217715311607163,12.966493561830912,24.755594269216044,2001-09-29,0
Lï¿½ï¿½ï¿,Stromae,1,2012,5,11,66,2,44801,21,4,84,8,22,143.98513764271087,D,Minor,79.54886959529387,68.97396324064272,75.15138643807771,20.485629511340026,3.3971476385449595,13.96439407742407,21.45425131402703,2012-05-11,1
pushin P (feat. Young Thug),"Young Thug, Future, Gunna",2,2002,6,12,2966,6,37505,251,12,106,0,33,133.07679126937256,C#,Minor,77.95537179805957,69.90706872711412,73.17900051652761,14.077356927361771,5.551830165534146,17.609821166327016,17.87089128968082,2002-06-12,1
favorite crime,Olivia Rodrigo,1,2011,2,21,2909,3,171382,197,5,125,7,10,130.93247628771874,A,Major,94.58176365766036,66.87410065038803,74.83609593899402,22.064471739663247,4.787281791664137,12.56666966951509,16.279321737476195,2011-02-21,0
Sprinter,"Dave, Central Cee",5,2014,9,14,1463,5,185336,88,3,21,4,36,106.1462274274284,C#,Major,58.36624836913707,44.362163881992096,44.04856394599498,57.368970523709066,21.34848182231938,44.40038038921875,9.177807721064427,2014-09-14,0
The Great War,Taylor Swift,5,2018,11,17,1332,13,125409,264,3,13,2,2,104.25840358155766,F,Major,44.85954571730838,56.920269910907294,54.81500874816496,44.178850888608046,34.5375585108397,41.3958895576166,14.661454038959452,2018-11-17,0
MANIAC,Stray Kids,3,2007,6,15,2748,8,95835,197,2,48,9,44,107.54735952890928,C#,Major,53.53927096691967,47.59898870455298,57.81215126219939,41.70853613354522,28.191298450106977,41.93062820347373,14.974770342273892,2007-06-15,0
"Residente: Bzrp Music Sessions, Vol. 49","Residente, Bizarrap",4,2002,11,1,2603,5,165574,247,17,184,7,44,103.93161195846054,C#,Minor,54.60444830629159,47.18973543849239,51.78216808246064,54.7074359526712,27.61629658841369,45.58048561491257,5.392483549445201,2002-11-01,1
Yet To Come,BTS,5,1962,7,18,2840,4,104167,25,14,185,9,9,142.17414570874752,C#,Major,77.35103172965692,79.83588144461567,84.76007005811037,10.43173706917919,1.123962084141441,14.73630585345316,19.858682851036843,1962-07-18,0
ýýýýýýýýýýýýýýýýýýýýý,Fujii Kaze,3,2013,7,27,3094,10,35003,220,5,98,6,0,137.251324302545,F#,Minor,80.24189671325635,74.42296503055942,88.74622509903023,22.91899114385024,2.2158382820977938,6.055464979519886,18.79957794026721,2013-07-27,1
Miss You,"Robin Schulz, Oliver Tree",5,1955,11,7,4235,14,180765,280,15,12,8,0,97.71290706879408,F#,Minor,47.70003880829587,47.19774242512316,48.89637820469979,51.82371400034824,23.57904653688177,55.52858749844731,12.458267432117204,1955-11-07,1
Numb Little Bug,Em Beihold,5,2001,1,8,659,7,85770,60,18,135,0,27,104.96657181612804,G#,Minor,59.43625900624681,46.30254603862888,35.55080108106409,42.25140550436903,46.960697502220285,32.7729277517183,14.804733919442029,2001-01-08,1
"I'm Tired - From ""Euphoria"" An Original HBO Series",Labrinth,1,2003,11,12,1470,17,59477,233,0,115,3,8,95.18701435977366,Unknown,Minor,57.74015584738932,58.27298803124977,34.36249424633681,41.66674864930008,42.85282182348415,43.642265381919096,10.26432315122455,2003-11-12,1
Pasoori,"Shae Gill, Ali Sethi",3,2019,3,7,2803,17,142133,68,14,93,6,13,137.5300775554319,B,Minor,80.76298470542814,68.93582847567332,83.67641449050903,15.793960022219853,2.458035286115208,9.515620796550484,24.17001604583598,2019-03-07,1
Tom's Diner,"AnnenMayKantereit, Giant Rooks",4,2012,1,11,3536,9,39147,48,19,105,6,0,143.88651252287957,F#,Minor,90.57937013830312,79.91537794761776,85.26346207832108,7.9918661456172035,2.155978658922169,17.70739706248304,26.26509572589297,2012-01-11,1
Boyfriend,Dove Cameron,1,2013,10,23,3562,2,93743,130,16,130,3,35,136.4359830462216,G,Minor,81.65081633770257,62.677542943186616,75.70154772562955,12.311851622430028,6.364158594913176,8.99515460067677,15.13989139917266,2013-10-23,1
Thinking with My Dick,"Kevin Gates, Juicy J",4,2018,9,23,1756,17,19044,197,17,38,4,14,105.54917285641336,Unknown,Major,42.269496958744384,41.75682535647165,40.53995231071698,66.14092637894933,43.03068284820711,34.5727997635826,14.070719536460048,2018-09-23,0
Without Me,Eminem,5,2019,7,17,3545,11,179352,284,18,41,7,31,104.81045847548194,G,Major,42.17294800336114,50.01106954222812,33.43186093181751,42.7980446120514,31.942164133572277,38.54309980028424,12.69494973318402,2019-07-17,0
Malas Decisiones,Kenia OS,3,2007,3,15,2349,5,108216,270,13,178,5,39,92.83558532882272,G#,Minor,45.64948935604511,51.689996941311975,42.26716531740512,62.29689424393132,31.11586470089725,47.79454978146747,8.689057501271229,2007-03-15,1
WAIT FOR U (feat. Drake & Tems),"Drake, Future, Tems",4,1976,4,6,3190,13,177302,96,17,69,7,42,138.59484078488538,C#,Major,93.1591134806786,62.454446879339166,76.72656615034315,22.204848219854288,6.124481200029931,6.46492518074907,15.43991301644835,1976-04-06,0
Lost,Frank Ocean,3,1981,8,16,676,17,179375,229,3,39,4,43,145.89386540462615,A#,Minor,86.92144290064114,73.10176201631039,81.02574320747563,6.778076210877861,6.353955383445456,15.11061918987328,21.57304219968445,1981-08-16,1
Counting Stars,OneRepublic,3,2015,4,17,225,7,72351,39,16,184,5,33,99.90882861553692,C#,Minor,48.87726846326794,57.66597908010995,52.9633449326478,68.98275976320804,36.43622088649085,52.61341663302704,6.906711320177631,2015-04-17,1
CHORRITO PA LAS ANIMAS,Feid,2,2000,9,13,1594,8,136484,58,8,33,6,36,137.94729525753857,G#,Minor,81.46775965662115,62.90885395964926,84.5268251624866,13.877379288688116,2.526800386684477,10.939982645420647,29.449170684713405,2000-09-13,1
We Found Love,"Rihanna, Calvin Harris",5,2011,9,9,4388,2,156778,125,3,81,8,0,105.6188490082521,C#,Major,58.95704821622502,56.19717361897647,53.74814858677995,69.49345979848015,41.34114176153413,53.88716559123564,8.823828577313835,2011-09-09,0
Fair Trade (with Travis Scott),"Drake, Travis Scott",3,2013,4,19,4285,4,147576,228,17,45,5,37,107.14517742450344,C#,Major,51.706986356572806,54.61211135277022,39.226353429677495,50.28438299363695,48.85554343943963,38.74875813548368,13.501633276836433,2013-04-19,0
Pepas,Farruko,5,2014,11,21,839,17,198760,296,7,61,8,26,94.3601110875383,G,Major,47.11960638568311,59.761296910541546,47.67031800285733,60.912574561859344,42.10588790834302,34.31304516015925,14.66928123206278,2014-11-21,0
Still D.R.E.,"Dr. Dre, Snoop Dogg",4,2014,6,27,4242,13,99172,243,1,59,8,49,108.2301510454038,B,Major,44.605357180829785,53.249686866202566,48.357077772140485,49.02295929635399,24.514778868343612,37.25241211551096,5.196181442692111,2014-06-27,0
Circo Loco,"Drake, 21 Savage",4,2010,4,12,1510,15,116261,267,10,142,1,10,142.4771971470623,C#,Major,78.42102598664427,75.49176898980286,75.07368663397959,14.551075710885495,5.85225385287039,12.66607879478034,25.27315165024899,2010-04-12,0
The Color Violet,Tory Lanez,3,2009,7,16,252,13,5454,108,15,24,7,27,103.69290160441584,F#,Minor,40.48688483476813,56.08555160003182,59.797364488591086,46.976054811334194,46.13641771233924,58.64174950829559,14.651275750922313,2009-07-16,1
Born With A Beer In My Hand,Morgan Wallen,1,2002,4,28,56,0,78109,179,15,124,7,39,141.1588514486623,Unknown,Major,78.69310726762613,60.40638980454682,88.22038556311922,16.04324020929954,0.3551518815310617,19.29437177929313,18.712187729149317,2002-04-28,0
Sparks,Coldplay,1,2003,2,13,2009,16,143594,124,7,144,4,6,148.56573381637796,C#,Major,86.02344733658356,79.45590156101693,71.3582089271494,11.317613059402408,8.916991774571008,11.530543413228246,28.174664886950907,2003-02-13,0
Search & Rescue,Drake,5,2021,3,3,1057,7,116558,50,13,30,1,23,135.1387499362706,A#,Minor,85.32699607357432,74.54208818201305,89.34790641338668,14.578623222499198,9.83550406437766,14.903366919957664,23.39200355398205,2021-03-03,1
Slut Me Out,NLE Choppa,2,2016,10,1,4653,1,34712,93,17,146,9,18,101.95235976612209,F#,Minor,45.5547820927631,41.992498306209455,41.22954726839242,50.13032716630809,42.75573940790201,45.083464405716725,11.495670394942994,2016-10-01,1
Prohibidox,Feid,1,2009,11,22,3597,8,72870,182,1,119,8,14,92.78941276442356,C#,Minor,40.86066612673852,50.5568541990305,51.89997445039851,40.01696414175203,23.06244363426286,34.21868227107144,14.333618291480104,2009-11-22,1
ýýý98 Braves,Morgan Wallen,5,2003,9,27,1709,18,67280,23,15,152,7,33,132.7473070205864,D,Major,87.66921075249853,70.25877025360937,89.10262598236898,14.950642556681412,4.770920514825833,15.057724156742356,26.464190887401514,2003-09-27,0
Oi Balde - Ao Vivo,Zï¿½ï¿½ Neto & Crist,1,1977,5,20,2485,6,122229,272,5,35,6,30,137.30537536277856,D,Major,88.81979566820742,72.59268166419996,74.07497403597426,16.220117570824186,9.036551914825957,19.219858649189,21.832746024113355,1977-05-20,0
After Dark,Mr.Kitty,1,2003,8,12,2641,11,134237,39,14,19,7,40,137.4441313543133,G#,Major,90.36711578652036,71.40670014712944,83.9794060100568,10.580558015995564,7.382681126554531,13.628599936359066,29.959593538227946,2003-08-12,0
LALA,Myke Towers,2,2013,5,19,4009,5,54168,62,3,10,1,19,108.0600697267563,C#,Major,44.91104185865191,40.32235553276853,31.600890446920133,59.5530522185547,48.64497922886064,37.1044360630326,13.7150830878175,2013-05-19,0
Sure Thing,Miguel,5,2022,4,22,1510,17,98029,62,3,189,2,38,139.67000653064878,B,Minor,83.38063753904972,79.1421359975055,85.9259994314067,20.53837479521344,3.0005100143414887,17.576161753598093,16.527375781616172,2022-04-22,1
LLYLM,ROSALï¿½,4,1983,11,10,352,13,12637,270,11,119,0,39,102.28548773640595,F#,Minor,49.897024698496,58.75214441899563,32.901983549071694,42.87662896650517,33.3040370408241,42.45072074785031,14.965050947861195,1983-11-10,1
La Zona,Bad Bunny,2,2022,2,7,2096,2,91533,230,6,139,7,44,90.4197100845608,C#,Minor,53.80331361796719,46.6827915332352,56.48999942111562,49.66194662197623,41.21895843464354,31.86766079753437,13.55149587356557,2022-02-07,1
GATï¿½ï¿½,"Maldy, Karol G",1,2015,3,24,1964,16,93001,200,12,191,0,45,92.9111216105106,B,Minor,44.72262177364576,42.51386159180341,50.39713787617781,65.5657598164324,38.09834014638905,31.75312988554757,11.85099229131173,2015-03-24,1
GATï¿½ï¿½,"Maldy, Karol G",1,2014,1,18,2351,10,67877,292,19,120,2,2,132.49336107517811,B,Minor,89.1541217090182,60.93059097502652,75.56938576874873,24.297613832781643,2.710677919208788,17.484139054669228,25.19107320855811,2014-01-18,1
Take On Me,a-ha,2,2013,5,29,3063,3,161691,242,9,189,0,1,148.5418923967976,F#,Minor,81.03030039006354,65.73010495449036,71.92842897542313,18.289409933805278,9.141513149469011,18.455369449056505,18.24463694780995,2013-05-29,1
Yet To Come,BTS,5,2019,6,6,3121,2,2720,208,16,55,8,28,98.46224885088104,C#,Major,49.53547327510479,40.56866576005609,38.27465682989113,65.09553269340306,43.38581423265677,40.56972300353466,12.624861485163738,2019-06-06,0
CORAZï¿½ï¿½N VA,Maria Becerra,2,2013,11,29,4929,15,173947,159,13,191,0,35,133.3827031053562,C#,Major,85.83599786957059,74.75592189306349,75.74573086071484,24.09642687535572,8.878387211541416,13.739472837936871,16.7489312879683,2013-11-29,0
Mejor Que Yo,"Mambo Kingz, DJ Luian, Anuel Aa",3,2002,9,23,4554,9,35234,171,11,180,5,3,98.73417162266828,C#,Minor,44.57383442683336,59.71875431084104,51.88172620182742,51.704347001489786,28.032916524956825,52.66069678781113,14.575968390720153,2002-09-23,1
We Found Love,"Rihanna, Calvin Harris",1,2015,5,3,261,6,5179,144,19,152,3,4,107.47991051561134,C#,Major,54.0229212623142,43.50145808340819,47.80822288345371,64.842301826809,41.53134830353249,59.34611766772896,13.92664801170265,2015-05-03,0
Get Lucky - Radio Edit,"Pharrell Williams, Nile Rodgers, Daft Punk",5,2009,5,4,1306,2,144693,56,17,39,8,36,133.94412412331917,F#,Minor,79.52147113668202,69.93108778853701,84.9870964591957,23.745112545002318,7.132791850860071,18.953338018774478,20.592985070706145,2009-05-04,1
Mockingbird,Eminem,4,2000,9,26,1913,12,98669,139,2,67,7,47,91.58321428174048,E,Minor,55.633706032477846,47.54516317972052,50.44914024089435,42.88077453918248,37.81497940198092,50.85126324398697,5.616313415934004,2000-09-26,1
Swim,Chase Atlantic,3,2000,3,4,534,12,15904,46,6,68,1,7,137.11098484117105,G#,Major,75.09755533542004,71.55070134733398,74.95718103311847,16.811810189665206,6.937415371369836,16.74681702977096,23.74831754748576,2000-03-04,0
Lost in the Fire,"The Weeknd, Gesaffelstein",5,1965,7,2,869,17,90175,102,3,62,2,14,102.9761840131498,D,Major,55.71914395776487,49.60570831136037,31.749163015789723,45.44366532532938,49.57094368990498,41.83863357734592,14.461840597257869,1965-07-02,0
Unholy (feat. Kim Petras),"Sam Smith, Kim Petras",4,2009,6,24,3593,7,75496,156,8,52,5,8,101.5118199089188,D,Major,53.01997872870888,52.764356903135486,42.967077274152594,44.79152003590913,48.5459727157654,31.90473847210161,7.497103086522881,2009-06-24,0
About Damn Time,Lizzo,1,2008,11,1,2199,13,195185,51,14,46,5,18,97.6151053010642,A#,Minor,47.173742594809454,52.43287445366207,32.66445568800684,53.34995372854085,28.159995825892,50.04918092807762,13.004133771067329,2008-11-01,1
Bussin,"Nicki Minaj, Lil Baby",2,1955,12,8,1174,8,175233,296,7,113,1,11,134.72426405273688,B,Major,93.83875630533689,74.61351510479794,76.76639442407861,12.545591733314986,5.091657674683825,14.475909180214725,18.728935953431577,1955-12-08,0
Ai Preto,"L7nnon, DJ Biel do Furduncinho, Bianca",3,1959,8,21,1691,4,47406,99,12,135,6,25,96.18830583293476,F#,Major,57.128369567551616,54.56496423153909,54.63032102584245,59.694905383368656,20.13277336045333,51.81478677743532,6.063583890243488,1959-08-21,0
"What Was I Made For? [From The Motion Picture ""Barbie""]",Billie Eilish,4,2019,9,25,2762,10,194395,112,0,172,7,32,149.8630547350822,Unknown,Major,83.71834454475288,70.31122591717954,80.8834000854769,16.102528895489137,4.091328102894006,12.935563866119525,23.50141478186265,2019-09-25,0
TQM,Fuerza Regida,4,2013,6,20,716,1,169841,146,14,155,5,10,100.05609696541448,F,Minor,45.0149617677751,53.7504008476303,41.97669200911877,45.94542079179352,29.75014580769636,44.85304316647839,5.09249479511041,2013-06-20,1
Savior - Interlude,Kendrick Lamar,4,2018,9,20,1907,7,183914,15,5,168,4,28,137.20320575426814,F,Minor,87.39609055585254,63.28245318924118,73.46840141610058,24.637952803335544,2.073550479154187,17.505543933452387,26.42035641222057,2018-09-20,1
Dos Mil 16,Bad Bunny,2,2013,3,24,1928,4,8607,50,8,186,9,37,106.97004476640106,C#,Major,55.98336793719909,53.12792306750766,48.92309108347227,53.4674344520885,34.58253564275001,32.22166740653901,7.560927692385079,2013-03-24,0
TRUSTFALL,P!nk,1,2011,12,23,2931,9,95515,85,8,150,9,33,96.24059140848055,G#,Major,47.8145122637112,53.23569427266894,46.9985537927555,44.28587832767048,26.521004455509757,30.655887085750223,9.060002585072471,2011-12-23,0
Light Switch,Charlie Puth,2,2009,2,3,3568,3,188631,174,7,8,2,11,107.42638667074884,F#,Major,55.07583560465669,43.48985892674296,30.259371333912696,65.0897603657717,35.54160830586087,32.18949278423616,8.839154322226413,2009-02-03,0
Super Gremlin,Kodak Black,4,2022,8,20,2614,11,90843,136,12,176,4,35,99.10211912316112,D,Major,48.042756109423614,59.82763258683961,51.38342648288601,69.05306544405417,44.6763062907644,35.46456512785308,14.228387483705047,2022-08-20,0
Love Nwantiti - Remix,"Ckay, AX'EL, Dj Yo!",3,2020,10,21,1235,5,8162,200,11,131,0,15,108.7064643096841,G#,Major,51.1797720356159,58.3281441162747,43.2473026768724,49.82336205560349,38.379542481083945,55.66496849447178,8.797886776741707,2020-10-21,0
Mami Chula,"Quevedo, Jhayco",5,2014,12,23,1651,17,58564,62,1,174,7,36,93.46080968248266,G,Minor,41.61737501417977,47.28361891760088,42.21450585732013,42.90440466038571,36.96428246480456,56.785557274155884,14.093579970701017,2014-12-23,1
Sky,Playboi Carti,5,2000,10,6,604,7,93550,162,5,140,6,9,96.05785347110974,D,Major,59.30855128813742,40.96013281681683,39.87559986011907,40.13790637297648,28.232055034152715,31.355440366894136,5.0443042672378535,2000-10-06,0
Stan,"Eminem, Dido",3,2010,10,2,1712,11,127530,55,2,108,8,18,146.10322496904112,F#,Minor,86.7634184141942,68.15456961463148,74.09384661669571,22.561536618350846,1.3948874624361018,15.235917668638177,21.11501865523312,2010-10-02,1
This Love (Taylorï¿½ï¿½ï¿½s Ve,Taylor Swift,1,2011,8,21,1323,16,57522,291,9,52,5,0,94.28224385671128,E,Major,43.57298873649425,46.63096338510413,34.79588506416681,40.56353127233326,31.498262289555075,43.60909252027689,11.02870293029483,2011-08-21,0
FLOWER,JISOO,4,2016,11,3,1762,1,22085,93,9,54,6,18,147.0544109156934,A,Minor,93.2548699115884,67.17762132649656,70.48355986807715,11.920775545474228,0.2625650624421649,18.316510451035693,20.413732047817568,2016-11-03,1
Bohemian Rhapsody - Remastered 2011,Queen,4,2008,11,22,2031,12,140891,34,5,154,4,26,149.7775318735993,Unknown,Minor,84.75468240727726,76.48137051484235,72.55609485749005,6.27744519503884,4.758837129658607,12.32746615410086,18.637081078413573,2008-11-22,1
Levitating (feat. DaBaby),"Dua Lipa, DaBaby",1,2000,5,4,1638,8,190428,126,1,40,9,39,146.26896243814403,F#,Minor,93.16412809989389,60.16293403516599,84.32562426191531,21.104452177630414,8.244753955586319,16.783980435797442,20.363911211481323,2000-05-04,1
Yo No Soy Celoso,Bad Bunny,5,2004,10,13,1585,13,133923,17,17,33,2,28,130.32047817401732,Unknown,Major,80.91920899456684,74.08956515824849,86.5050080922912,15.14640267997944,8.188003800055819,14.113320680795496,24.633876666350723,2004-10-13,0
Bite Me,ENHYPEN,4,2014,9,23,1454,19,110715,53,6,154,0,22,94.78125150597288,C#,Major,40.47573610460845,51.56714415610354,56.25488502083848,53.13584090825552,49.40191696359801,30.687242366026844,10.345958671433245,2014-09-23,0
Malvadï¿½ï¿,"Xamï¿½ï¿½, Gustah, Neo B",1,2017,8,17,4009,9,68651,276,3,191,8,8,136.63387101528093,F#,Minor,85.53841503151403,66.89819544879852,89.76329347691336,6.960742755142806,8.906643480867446,7.336594899949556,17.11437776463531,2017-08-17,1
Money Trees,"Kendrick Lamar, Jay Rock",5,2003,6,23,2665,2,22934,294,2,42,1,41,130.60667382124512,E,Minor,88.24213518940005,67.86567837495097,87.0885966040154,14.969987955744523,1.0583810425724982,7.671166539558239,29.250869255922872,2003-06-23,1
Mistletoe,Justin Bieber,4,2010,8,26,3097,18,67942,148,7,106,1,0,148.4835571381791,F#,Minor,91.34626957970872,78.59342331315415,84.27357908172108,7.66410024547082,6.954612972669009,19.15008215524664,15.073135613510328,2010-08-26,1
Good Days,SZA,4,2020,12,28,4672,14,30161,181,2,125,5,37,142.219535154968,C#,Minor,86.2789256652996,79.2070011955261,87.94139101649934,5.412123284028616,0.5432079855159411,15.977486365300324,17.019901927652672,2020-12-28,1
Memories,Maroon 5,1,2009,11,21,1818,14,28478,106,1,152,3,12,138.18527133921296,B,Major,76.14153231870722,60.81495480022991,78.99209952877483,11.073288487711377,9.2175938934422,7.297886360487299,15.750352134570818,2009-11-21,0
Bound 2,Kanye West,3,1986,8,22,110,10,43958,37,10,196,1,10,146.87442226524368,C#,Major,89.83953412643928,77.62632074710484,76.49776758073483,19.26188718283199,6.7657844246231935,11.467786503756887,16.944888430244234,1986-08-22,0
Haegeum,Agust D,2,1983,11,26,2434,13,2342,75,17,154,0,22,142.0176817160345,G,Major,92.6473849909606,68.2563007536777,81.16820903908526,5.927247239280005,2.1682916177001843,18.94145414349635,28.21055971628936,1983-11-26,0
Dandelions,Ruth B.,5,2014,1,28,4804,7,113722,267,15,199,2,1,90.1560018761762,C#,Major,44.34561881990338,50.8183053275651,34.0913866377455,41.42928939324469,28.32450281255116,30.511767199402783,11.24502546717545,2014-01-28,0
Don't ever say love me (feat. RM of BTS),"RM, Colde",2,2016,7,19,2670,4,121795,181,15,192,8,35,133.5927723769834,B,Minor,88.70966126506227,66.9515631061314,88.76589774429371,15.340503385665444,8.41794602357584,10.56669772281385,26.80491787197304,2016-07-19,1
Raindrops (Insane) [with Travis Scott],"Travis Scott, Metro Boomin",2,1964,10,22,3967,12,139046,296,18,117,0,22,100.9008437764864,G#,Major,42.18395325402916,47.365320211873886,55.79527709583819,65.15120351777746,31.49007566517113,49.16557350729502,12.697501664501942,1964-10-22,0
Purple Hearts,"Kendrick Lamar, Ghostface Killah, Summer Walker",1,2010,2,23,641,10,155777,181,4,155,9,4,109.28139038755508,D#,Minor,53.68128843177851,40.205420544825664,57.97466059080129,59.662405778038696,38.22043863753591,42.141466021948006,14.508568671233034,2010-02-23,1
Jingle Bell Rock,Bobby Helms,2,1988,9,23,474,10,24161,219,9,64,4,24,97.4828306998519,D,Major,48.07275345811322,55.00811072736843,37.64553353062373,58.204117924827045,48.11919316881904,49.61434714096775,8.66595307203162,1988-09-23,0
Hits Different,Taylor Swift,4,2019,6,30,1899,7,101328,158,16,195,6,27,139.344325776074,F,Major,80.26287943208901,71.68542692155962,84.58773969815334,8.665182769421232,1.0474419524356138,10.764122246255011,26.621068106772785,2019-06-30,0
Jingle Bells - Remastered 1999,Frank Sinatra,1,2017,9,15,1209,3,186037,151,16,14,5,40,105.28721275480412,G#,Major,49.86426915497846,59.6886296374109,45.69313532870257,41.185304515106985,28.759337987503127,54.27265616430464,14.613952950106366,2017-09-15,0
Someone You Loved,Lewis Capaldi,1,2019,9,2,4705,16,23311,257,18,98,2,33,106.11308081085468,C#,Major,59.09488455568626,53.176790167912216,45.27194733506855,44.59511625682404,28.189765969436763,51.8466678920328,8.013659772047657,2019-09-02,0
Heat Waves,Glass Animals,4,2017,11,20,2617,6,199107,214,18,42,3,1,142.17403378013384,B,Major,91.57885129829762,77.14279059462147,74.23375430871297,6.529678340259251,0.2240232690409305,11.260087502808425,22.51821402279936,2017-11-20,0
Everybody Wants To Rule The World,Tears For Fears,1,2014,3,12,1994,2,125988,136,19,56,6,36,108.05956167039476,G,Major,55.09787964908032,59.12644555544054,48.54804998660657,65.38404732002859,44.108814487301146,50.916465428895016,13.79280182387826,2014-03-12,0
Don't ever say love me (feat. RM of BTS),"RM, Colde",4,2011,6,25,1095,4,98428,289,17,105,7,32,91.32318530674428,B,Minor,52.6840668534858,42.6462543544979,36.19718814520321,41.64769703250376,42.39654022718821,52.67869948861456,12.886175478269893,2011-06-25,1
august,Taylor Swift,2,2020,6,22,99,18,193582,292,17,158,7,16,148.61415203794476,F,Major,79.3968269615165,63.44825108123648,78.97594670987453,5.7021851002772594,0.845737159884985,19.095321312774598,21.008082359224307,2020-06-22,0
Dandelions,Ruth B.,4,2018,3,20,898,2,42490,198,15,175,8,41,147.98536647251635,C#,Major,85.17539280822294,79.71764416318995,77.0078388728107,8.62498463042929,4.562535453176695,5.338995949282576,28.28117945669195,2018-03-20,0
Crown,Kendrick Lamar,4,1984,2,22,3056,18,188952,125,4,127,3,16,135.06202199849324,C#,Minor,87.95298379733259,73.33358237619822,76.91648039580551,23.59604307909128,1.955839990175745,7.106342310535959,23.12520198514356,1984-02-22,1
Blessed-Cursed,ENHYPEN,2,2009,7,2,4093,1,49851,233,6,76,2,4,105.65942288648904,E,Minor,50.1112901991866,43.30528797916045,47.91509046523166,59.776648224764514,44.49746051191316,47.53307146839927,12.412266630050851,2009-07-02,1
Kahani Suno 2.0,Kaifi Khalil,3,2012,8,28,1010,1,6358,193,8,159,3,28,104.83450871319452,B,Major,51.256762011836514,54.18033053591907,34.045315722576625,61.23029965327444,34.70763757683638,48.43992840612837,9.195726327081715,2012-08-28,0
Malvadï¿½ï¿,"Xamï¿½ï¿½, Gustah, Neo B",3,2013,11,20,3823,10,195370,276,14,150,6,9,103.25895708579444,F#,Minor,56.75648809252712,47.58415138814384,54.00767772996769,68.69046674909656,22.062640307284354,38.36661489280413,12.32534490266775,2013-11-20,1
Forever,Labrinth,5,1969,7,25,2878,16,47391,272,12,96,4,46,147.95247276280492,E,Minor,85.86718532228448,74.30345147353944,83.10532200867108,5.477751021840822,7.451892365777914,5.547525161996191,18.760647709717613,1969-07-25,1
Like Crazy,Jimin,1,2007,6,4,2238,15,180514,209,8,33,7,30,96.40910962480442,G,Major,49.8018348694917,53.51048794491146,32.68443872261319,69.77628295165114,30.44791648696785,44.35025553998966,7.506438024463906,2007-06-04,0
Enemy - from the series Arcane League of Legends,"Imagine Dragons, League of Legends, Arcane",4,2011,7,19,3903,19,133221,242,8,191,5,41,106.79803433515904,G,Major,59.457446432446886,52.48426986977637,49.30669580026929,61.13985886819103,34.08907003760406,54.17204295967747,10.57540850193698,2011-07-19,0
I Ain't Worried,OneRepublic,1,2002,8,7,478,17,136356,74,19,80,2,5,134.95035228656047,Unknown,Major,90.83503012904276,64.3794072132472,82.10183798498986,9.893148855045837,9.180191075753678,7.078107103066735,16.816945222480474,2002-08-07,0
Alone,Burna Boy,3,2012,7,21,2692,15,139790,41,3,89,4,37,131.79228901802168,E,Minor,90.746777239278,76.8796140203878,89.64461975193151,15.678200960494271,5.479908008311084,10.642175831055358,17.554405384751274,2012-07-21,1
Afraid To Feel,LF System,3,2022,2,28,1138,16,119488,296,6,111,0,39,102.74040502576918,C#,Major,40.74830311864727,52.812166507262525,56.53459611955769,49.29130689119758,28.11562997589433,34.366143379535,8.96164496524982,2022-02-28,0
El Cielo,"Feid, Myke Towers, Sky Rompiendo",4,2002,10,28,2202,9,50511,80,3,164,0,32,94.00997504545995,A#,Minor,44.099440286965056,40.43138914426354,30.261858442820408,55.28659504662307,40.587782713500445,52.58337818679647,14.893427643764811,2002-10-28,1
Out of Time,The Weeknd,2,2004,5,31,3806,4,132807,276,16,144,6,47,136.10638274848952,Unknown,Minor,76.1495122811644,68.09033444450273,71.6033914754138,12.247497479258628,4.082359177747527,16.86814642208829,28.899153376490737,2004-05-31,1
MOJABI GHOST,"Tainy, Bad Bunny",3,2018,8,17,878,6,181082,224,11,190,8,35,134.2545153564084,F#,Minor,81.80491868120305,79.4942223271649,72.75209048187402,20.740661552692615,3.71001284461172,8.085032258796652,26.35341484010352,2018-08-17,1
Chance,Paulo Londra,1,1966,10,15,3684,12,22575,249,15,51,2,16,136.29241334964684,C#,Minor,89.46594423106791,75.21623083963246,81.14917933500311,18.56305642168808,5.297922769622359,11.822197412233349,24.188483978484392,1966-10-15,1
Haegeum,Agust D,5,1956,2,8,4267,19,40286,91,18,73,1,19,146.8623192170682,G,Major,89.23838102502881,64.18284466579736,87.01041315881085,8.153353034113094,1.5896684185227827,14.96858879174748,26.718605059132532,1956-02-08,0
Peru,"Ed Sheeran, Fireboy DML",4,2009,10,19,4020,0,13453,294,16,18,3,5,143.17930011234998,G,Minor,94.32405088366464,66.59609874514607,78.04116915548322,13.908882783631023,3.668736602209596,5.431743041903704,27.1455890548602,2009-10-19,1
Demasiadas Mujeres,C. Tangana,3,2011,2,22,4765,13,154289,133,11,62,4,8,132.26871912316008,A,Minor,84.64858413353932,73.90651195889384,75.01652680056335,20.50927786376586,9.216165119362856,7.01023221698217,24.849093921183947,2011-02-22,1
Malvadï¿½ï¿,"Xamï¿½ï¿½, Gustah, Neo B",2,1967,6,17,378,17,53968,93,10,185,3,24,99.50284292527633,F#,Minor,51.548725071331525,53.58512138121265,53.76176966759721,49.43337711456824,20.213715305924666,35.208828845609375,10.941656978213636,1967-06-17,1
SPIT IN MY FACE!,ThxSoMch,1,1977,4,27,972,7,191221,47,1,157,9,25,93.34600378900988,C#,Major,53.48550723655229,51.58644441321783,47.4454242537535,63.13227967812449,29.03394931318963,47.794435234019645,9.12907830768306,1977-04-27,0
Entre Nosotros (Remix) [con Nicki Nicole],"Lit Killah, Maria Becerra, Tiago pzk, NICKI NICOLE",3,2021,12,15,2436,15,104321,84,18,136,4,44,131.69817005334536,F,Minor,76.5887010245453,76.3821571175521,85.99678962411579,18.70191942253318,2.468088341495678,7.37466961862409,15.497790404740591,2021-12-15,1
Sweater Weather,The Neighbourhood,5,2001,5,7,2097,13,70268,171,13,131,0,5,130.1332511191242,A#,Major,87.16647224538774,62.42319732758426,82.71167717186945,18.31549840024952,0.6527669948639714,19.578963108268702,29.72125230484574,2001-05-07,0
Pink + White,Frank Ocean,2,1967,4,19,3935,3,18796,237,6,168,3,1,95.7154473219676,A,Major,43.48402668115509,44.29155557827822,38.66831119464075,67.93778480079423,39.1454055521778,50.335405766533576,12.286874051529852,1967-04-19,0
Ley Seca,"Anuel Aa, Jhay Cortez",3,2019,5,17,1170,3,112033,192,8,94,9,41,144.95510968582113,G#,Major,77.23223364558098,62.94145480003161,89.84946293078957,15.76729097269003,3.20072712939301,16.239391060535525,29.898077098741616,2019-05-17,0
Christmas (Baby Please Come Home),Darlene Love,4,2013,12,6,3038,3,135452,65,9,163,5,46,141.63634010638066,D#,Major,76.49979759675827,74.10459559718396,77.5589413798852,9.91324187455606,6.047026127914369,13.175208993968289,22.0180449652723,2013-12-06,0
Belly Dancer,"BYOR, Imanbek",1,2011,3,28,3867,0,37748,112,0,143,7,45,106.96388702005028,C#,Major,42.75952728291156,41.74796270150606,40.06654440589756,64.09427045359047,29.03738013158569,50.7680020944284,8.917450125714684,2011-03-28,0
Why'd You Only Call Me When You're High?,Arctic Monkeys,2,2000,11,22,806,7,172313,219,1,160,8,35,94.716614386101,D,Major,47.073933687052055,59.82284518373093,35.920157668926535,53.087085058553335,45.30526349793075,45.53097416992701,8.799885655927294,2000-11-22,0
HAPPY,NF,1,2004,7,20,3711,1,31805,74,17,130,0,16,135.97440987570624,G,Major,80.52728596979766,74.5622910682206,78.38818918599209,5.476107701090333,8.212436036578076,10.110179087248364,18.234338106160425,2004-07-20,0
Still Don't Know My Name,Labrinth,1,1988,7,7,827,2,97437,107,2,11,1,6,133.85509744383057,F,Major,82.68545784450113,69.13330843583476,85.61119642013155,24.15895804181182,4.7400510657574415,11.808792599566114,28.616016488482863,1988-07-07,0
Fast Car,Luke Combs,2,1959,2,9,4097,17,177470,33,17,163,4,16,134.17335009948422,G#,Major,90.84901235787083,77.0060463430942,72.37096642023805,11.242134765293976,2.6679956537018503,9.395894790627796,22.61916812207381,1959-02-09,0
About Damn Time,Lizzo,1,1982,8,10,4698,15,9108,183,11,79,8,31,92.06994986582956,A#,Minor,56.54496893918346,59.73843161980945,33.63401894936127,54.74310407806973,39.33011154126805,56.68884656528402,13.93998652073511,1982-08-10,1
Que Vuelvas,"Carin Leon, Grupo Frontera",3,2004,5,30,2789,8,190062,75,18,79,5,38,102.55842215319574,A#,Major,54.421521037588,45.86810550200651,40.47606938678209,49.26007653627673,31.49829665512557,31.985835888179366,12.537150332840088,2004-05-30,0
Oi Balde - Ao Vivo,Zï¿½ï¿½ Neto & Crist,3,2019,8,21,3136,5,93642,167,3,141,2,30,148.3841392027145,D,Major,88.4880434089676,70.27661713966695,89.38461310950096,17.072604895914317,1.2448538550848676,19.515673567884235,25.798917886739048,2019-08-21,0
Bam Bam (feat. Ed Sheeran),"Camila Cabello, Ed Sheeran",2,1987,4,21,428,3,19814,178,16,134,8,29,98.85701151408604,G#,Major,41.413726669655546,56.965015690101424,35.31435489961646,68.1179910477766,46.163672996174896,40.59849699974609,6.7935618497777295,1987-04-21,0
Made You Look,Meghan Trainor,4,2002,8,21,3445,8,136007,287,15,119,4,19,134.69989313611578,A#,Major,90.49067034304656,63.12349853826553,80.14858209278526,12.259389168798585,8.537996973597568,19.90817923873729,26.369023531100357,2002-08-21,0
Call Out My Name,The Weeknd,5,2002,9,11,778,11,82854,227,17,139,5,18,140.77126584375472,C#,Major,85.62423575144653,70.68554735133634,81.23550145888699,10.665074014631983,1.4046214269249402,9.790782302109298,28.50544786086348,2002-09-11,0
Lovers Rock,TV Girl,1,2009,6,14,4984,11,138643,264,6,55,3,14,109.75966375872878,F,Minor,54.93973552419612,43.96347512597773,40.19329962516276,65.44674939970326,29.366178458668077,52.82346584223602,6.120882053635427,2009-06-14,1
Happy Xmas (War Is Over),"John Lennon, The Harlem Community Choir, The Plastic Ono Band, Yoko Ono",1,2002,3,8,3090,13,24878,12,5,120,5,22,108.85376238690628,D,Major,46.118714021266456,52.26249361446777,41.55181743239592,68.7187742139229,20.535493258206035,42.58109510089288,5.5801594083325465,2002-03-08,0
Devil Donï¿½ï¿½ï¿½,Morgan Wallen,1,1996,10,11,2926,17,31419,278,9,184,4,3,141.9113355426607,Unknown,Major,82.78964642156735,73.48002292718706,78.63777265087394,15.360346778831165,9.880870703913722,10.24676477168324,20.822703534245825,1996-10-11,0
Boy's a liar,PinkPantheress,3,2013,2,28,1070,7,47581,110,8,12,2,26,105.05844768943702,F,Major,41.61302505670138,45.99129277764274,33.663184980873254,48.03059913816445,43.34398041057777,46.915315301961726,5.579246972221047,2013-02-28,0
Forget Me,Lewis Capaldi,4,2018,12,26,4633,17,183139,239,7,180,6,7,100.71202161255364,C#,Minor,43.72423653526956,57.55246609098657,38.35107176455389,59.90650817815813,36.12781345826398,50.13267557842187,11.795717349578386,2018-12-26,1
Hummingbird (Metro Boomin & James Blake),"James Blake, Metro Boomin",3,2014,6,18,3285,5,172525,291,4,66,2,43,92.1577022341729,F#,Major,55.84548944038724,43.01186260744674,41.63579846662064,68.84761340342928,23.1174225167303,32.29969935247145,9.025101029361949,2014-06-18,0
Adore You,Harry Styles,2,2016,9,3,1781,9,186383,288,15,163,5,35,90.93056318450392,G#,Major,54.73914956954076,48.79221825407499,38.635952753673735,42.243443274453774,23.51203288774889,36.81356203763408,5.540668007999539,2016-09-03,0
Hold My Hand,Lady Gaga,1,2005,12,29,2580,1,165817,104,6,49,1,31,92.9753148055956,G,Major,40.76008373662507,41.61006012157363,40.80221472301677,43.59441196409797,21.081119242233445,48.53229258187534,8.535761138055289,2005-12-29,0
TQM,Fuerza Regida,2,1961,3,17,3285,11,44404,41,9,179,8,20,142.8677708989747,F,Minor,83.75435302258323,64.02265620102136,81.96932503927371,11.74939100980469,9.107033211722918,19.744617420362232,22.73790002335701,1961-03-17,1
ALIEN SUPERSTAR,Beyoncï¿,4,2022,4,20,4941,9,198189,238,5,192,3,7,95.13273671179478,A#,Minor,48.97090998972122,51.37173252054563,56.06401238309152,43.44056237985494,46.42639330159035,30.68344150030053,7.615785464347457,2022-04-20,1
Nos Comemos (feat. Ozuna),"Ozuna, Tiago pzk",2,2010,3,23,1953,19,10401,172,1,183,6,30,107.95412889117851,F#,Major,48.67659569195704,50.642838219426096,37.80636750957333,52.7218571028433,23.759707213441526,33.07658904356528,12.805133032832147,2010-03-23,0
LOKERA,"Brray, Rauw Alejandro, Lyanno",4,2018,2,25,663,0,2188,264,1,165,2,32,94.47785093547824,B,Minor,52.631058113595486,48.89786914315464,56.420878677173455,51.97582668006092,33.848819507811314,50.0471928193514,7.605948577624446,2018-02-25,1
Moth To A Flame (with The Weeknd),"The Weeknd, Swedish House Mafia",4,2011,1,26,4417,17,123290,149,9,121,9,28,105.47651623858654,Unknown,Minor,56.77058121244117,50.57285353347734,40.90534695262202,61.43077449912566,43.95642694007472,43.95810256978489,9.656677571851157,2011-01-26,1
Romantic Homicide,d4vd,5,1982,1,1,2604,19,111007,67,16,50,7,47,130.4824263204363,F#,Major,85.15450347717693,69.26562962116107,76.29926056733156,20.04954806019012,1.6513670082543097,15.42678842279541,15.77170410078402,1982-01-01,0
Night Changes,One Direction,5,2008,5,19,3755,9,61626,212,0,50,6,34,145.61456186746656,G#,Major,85.24186817904388,62.50329202866833,89.9969501554447,14.837677858603586,1.1871842181929493,16.98520168540403,28.54460442748028,2008-05-19,0
Thinking Out Loud,Ed Sheeran,4,2022,8,30,2195,11,127808,273,17,189,3,0,100.34503354899418,D,Major,57.5010907418131,57.76334908677853,49.6723217899346,53.54134283513102,23.472507637753,48.100127129902575,7.295813248053358,2022-08-30,0
Quï¿½ï¿½ Ago,"Yuridia, Angela Aguilar",1,1976,12,31,691,19,53061,122,2,147,3,44,144.57933258795387,B,Major,75.16197931221681,68.37064689115289,81.64668092965249,21.37934361318453,5.48175415354656,8.291536301792126,28.928868615186097,1976-12-31,0
Last Night,Morgan Wallen,2,1981,12,16,4416,15,158203,27,8,193,8,45,94.2906034006368,F#,Major,57.833008665687466,59.35034171058789,30.16358693821773,48.89001985513776,45.87760283903265,59.85260314269027,7.63163638153088,1981-12-16,0
Acrï¿½ï¿½s,Shakira,5,2014,5,19,2200,19,171017,128,5,166,2,33,103.61972545228858,B,Major,51.9147177822495,42.9821514658857,34.599568672607816,47.7483347356959,32.57418740991305,57.120023899209286,12.591556337545262,2014-05-19,0
Miï¿½ï¿½n,"Tini, Maria Becerra",4,2011,12,1,3524,10,179501,251,2,82,5,37,148.41696935625325,D,Major,93.52400882463375,62.49071439295351,70.73971665080245,8.470059171602301,3.4647266042287,15.555910220936578,15.140820415255249,2011-12-01,0
Friday (feat. Mufasa & Hypeman) - Dopamine Re-Edit,"Riton, Nightcrawlers, Mufasa & Hypeman, Dopamine",2,2019,5,28,4844,14,24518,88,19,54,0,30,107.2148983341469,D,Major,59.356429715823154,58.74695403400726,39.7565020267912,69.69607411638543,47.26087443299355,54.216388307524994,8.20060993006651,2019-05-28,0
Knife Talk (with 21 Savage ft. Project Pat),"Drake, Project Pat, 21 Savage",3,2014,9,17,4599,4,41111,103,13,117,5,29,98.75804743701828,F,Minor,44.74159094510489,50.34688955929127,37.51045529490501,55.47771119502754,29.181976718647437,46.506476170989394,7.589357570470866,2014-09-17,1
One Right Now (with The Weeknd),"The Weeknd, Post Malone",3,2009,1,28,4717,7,167797,36,0,33,9,3,96.11197587097551,C#,Major,59.209418987249705,56.8230178024762,30.83395423974757,52.14405711012099,47.68275394731583,42.49848615936772,9.640211601062104,2009-01-28,0
Thought You Should Know,Morgan Wallen,4,2017,11,13,3831,11,133892,63,10,171,5,0,140.41204084781066,F#,Major,86.32894235041675,78.87436962525459,75.15397381270165,16.36096243407394,5.525075749753735,18.23854874075681,28.749898367623143,2017-11-13,0
Ghost,Justin Bieber,4,2017,2,6,1310,4,39757,271,11,137,6,48,137.49901043105814,D,Major,91.96535814252375,75.77471237578663,70.59219237301393,17.89278838645717,1.5479827262964496,16.400596017654458,19.52708332152124,2017-02-06,0
Yo No Soy Celoso,Bad Bunny,3,2022,11,7,2103,4,64871,173,4,99,8,38,92.6126031315913,Unknown,Major,54.91977157646152,59.48711802481538,40.60780989350381,56.52259269682823,29.20556597368392,35.41778512993289,12.530058609928204,2022-11-07,0
You Belong With Me (Taylorï¿½ï¿½ï¿½s Ve,Taylor Swift,2,2009,3,31,2589,5,118782,80,5,50,4,7,133.56680917461028,F#,Major,84.69049382749178,71.55759062736986,86.62967092020935,21.448876412628877,2.470294637603716,12.520399245498089,23.52783914180659,2009-03-31,0
Leave The Door Open,"Bruno Mars, Anderson .Paak, Silk Sonic",3,2011,5,2,2189,19,143795,65,16,130,2,42,141.44600856140906,F,Major,83.63391644114662,77.18562965302472,74.91725552065162,17.69778641902458,5.010282674932794,12.754648401995464,19.70389445018987,2011-05-02,0
Miss You,"Robin Schulz, Oliver Tree",5,2000,5,14,449,10,40371,43,3,61,0,7,95.41812951387472,F#,Minor,44.82507813710789,56.0211532194984,48.1571823588104,68.00417622563114,46.38021541835097,53.125206660258605,13.354455539141933,2000-05-14,1
Sugar Rush Ride,TOMORROW X TOGETHER,5,2022,10,12,105,12,178512,264,7,180,3,19,99.0223373152506,A#,Minor,50.0341505563213,51.92612702740628,42.87174894946652,69.6428588480894,43.35357716302916,48.91600894315121,10.288551455920214,2022-10-12,1
Still Life,BIGBANG,1,2022,4,10,3426,3,188407,241,6,51,5,19,104.98737023235734,G#,Major,50.65639162362585,46.268321951011,30.189283878062763,61.16590034082847,45.58325035335041,34.50377794323425,9.012139804005235,2022-04-10,0
No Lie,"Sean Paul, Dua Lipa",3,2022,1,22,4015,14,178388,197,9,117,1,6,140.14921310628523,G,Major,87.37496223996787,76.56384689140197,83.40323261675552,15.140401366548272,6.298524399901085,13.09772509576088,25.251996163506533,2022-01-22,0
HAPPY,NF,1,2009,12,29,3540,10,58078,155,5,102,0,23,134.08408949735988,G,Major,84.28077884315407,70.9420792744123,76.91650316238075,10.170413635989872,4.030814623794728,13.142197807302484,16.950676908106917,2009-12-29,0
Astronaut In The Ocean,Masked Wolf,4,2010,5,31,4174,16,40245,76,3,104,7,29,106.9334235003431,E,Minor,49.86517270928797,53.227445486035485,54.65307738618958,44.56766669337078,41.59268661906576,46.816260684040046,6.341909643192674,2010-05-31,1
Boy's a liar Pt. 2,"PinkPantheress, Ice Spice",3,2004,5,29,4533,15,131913,185,2,77,1,28,103.84482222397077,F,Major,44.48855836792688,57.18822684255758,55.037081179871805,50.60780693413428,42.113862914817474,37.53096688878254,5.00597230781176,2004-05-29,0
With you,"HA SUNG WOON, Jimin",5,2011,6,16,2152,3,161783,197,1,101,2,49,96.05453954344152,D#,Major,40.32803538343828,56.42923690963636,43.57189337036905,53.1632183037174,21.44140624781263,59.767530675696825,9.682302887492948,2011-06-16,0
Primera Cita,Carin Leon,5,2012,4,19,4131,17,94336,185,4,133,5,42,138.28061767498764,A#,Major,86.9471245006223,77.26975081280753,88.76391130413491,19.801187314184844,2.9671519895534813,19.0956836370125,19.984541421043936,2012-04-19,0
good 4 u,Olivia Rodrigo,3,1979,1,17,4862,19,32060,98,4,158,5,46,131.17486434732874,F#,Minor,81.20268671245132,77.22071537959356,70.18361621066346,5.198804239325396,9.2961010100625,7.808621416945209,17.935674314932278,1979-01-17,1
Jingle Bells - Remastered 1999,Frank Sinatra,4,2022,7,6,1458,18,108414,277,4,187,9,20,142.47173490319,G#,Major,93.10846284521848,71.34103990926855,84.43595394870098,5.75854587613565,2.225160065859275,18.9737726365676,25.464066748143814,2022-07-06,0
Made You Look,Meghan Trainor,4,2019,10,8,355,0,114147,120,13,138,4,4,148.91315632016415,A#,Major,84.31425405721191,63.756768909740174,77.25842814412594,8.180011265926003,8.919530888535615,12.429634798398688,16.75507175081785,2019-10-08,0
Massive,Drake,3,2006,1,16,3784,17,71746,109,8,37,0,30,143.20752523474738,E,Minor,83.4585486133572,60.45575853526285,87.79152414915158,9.735577107462971,6.642142015994599,12.29191441085799,26.967311299923363,2006-01-16,1
Un Ratito,Bad Bunny,3,2010,9,18,3652,15,103191,86,5,53,5,12,137.60847938826083,Unknown,Minor,82.0759465230848,77.59165875049155,70.63718430298839,17.534798040948445,9.454956646668617,7.528476400028245,29.954290760762422,2010-09-18,1
LA CANCIï¿½,"J Balvin, Bad Bunny",1,2017,9,19,251,4,79119,18,1,83,1,41,99.87274061530977,G,Major,46.02742323076025,41.31047499618244,40.66304242865419,58.941050039992966,41.84663471532591,54.68152952671197,7.299778011631471,2017-09-19,0
Night Changes,One Direction,5,1956,3,28,1080,6,9273,57,9,30,7,21,137.75535961755162,G#,Major,92.13616182957044,67.48444363698982,73.955353685892,5.380514676106425,2.4644470706148325,15.798216600326455,28.2566339675913,1956-03-28,0
San Lucas,Kevin Kaarl,2,2011,8,10,2967,16,174371,284,4,192,5,29,149.24516913394183,G,Major,83.74660374759642,73.89834931897876,88.00403323854835,12.448537567325392,7.387530734012074,12.119547597504496,23.669487656071865,2011-08-10,0
Conexï¿½ï¿½es de Mï¿½ï¿½fia (feat. Rich ,"Rich The Kid, Matuï¿",4,2022,6,30,3779,3,1711,88,11,148,1,43,102.04809904708829,F#,Minor,59.30220862907571,58.01213102769061,42.66861924354279,60.69686695060561,37.83945476921389,48.39551261782947,9.055833251159076,2022-06-30,1
Heaven,Niall Horan,3,2019,6,4,3327,2,91697,92,4,83,8,6,144.69816325502515,F,Major,94.91760123704678,64.52944104179706,83.20699667060708,9.702094592477202,4.850492084448223,17.774704185525998,26.156241525809328,2019-06-04,0
Style,Taylor Swift,3,2017,9,2,2395,14,51580,127,3,186,4,11,105.0273867660195,D,Major,45.77343016808638,50.70618027426163,45.30861287955906,65.3567138458587,46.88009624566047,50.25510904564673,10.453731897211044,2017-09-02,0
Every Angel is Terrifying,The Weeknd,1,2009,9,5,3903,13,26354,175,0,56,7,17,99.9256067350706,Unknown,Major,52.33391197876688,47.86002901322542,42.939362735532,43.05599261703725,35.191139072522155,48.81338405717317,10.864171196266676,2009-09-05,0
Alien Blues,Vundabar,2,2018,5,29,4706,4,123101,187,6,62,2,36,136.33277388054793,D#,Major,81.61047287237943,62.06017488747572,70.21409406123718,6.142237925150478,5.199793403476708,18.64282315206998,18.024171882183605,2018-05-29,0
Boy's a liar,PinkPantheress,1,1970,11,26,4820,17,25154,152,6,182,7,22,147.47036856354475,F,Major,79.59838617182275,77.1543009740431,77.7369971729702,15.278401340756073,5.032764059585287,17.852305832045957,18.98982042519032,1970-11-26,0
FEARLESS,LE SSERAFIM,1,2020,10,27,4847,4,10941,47,19,158,7,20,148.71998318417477,G,Major,91.20840380185354,76.73988464423694,77.78348051949607,12.786361874302337,8.359539200741512,16.000548406857078,22.998194194676945,2020-10-27,0
Plan A,Paulo Londra,1,2006,2,13,2609,0,112174,151,1,16,7,21,101.04066223206812,Unknown,Major,41.950693821259165,44.70151710850124,48.33684883207592,43.76661696619839,42.298216147169946,38.30262419953143,9.4245514362478,2006-02-13,0
KU LO SA - A COLORS SHOW,Oxlade,2,2006,3,22,3484,2,98876,36,6,195,3,17,98.61094487714648,A#,Minor,52.08519514705701,53.474129549879336,50.04701072787641,43.74425837602128,39.26281430957545,42.39854213595422,12.75161174387419,2006-03-22,1
Me Porto Bonito,"Chencho Corleone, Bad Bunny",4,2003,6,20,2789,13,187556,14,3,109,2,39,132.07061916277132,C#,Minor,76.00528688777717,64.393887845101,77.4811068202926,22.09206473885255,5.9773048296482525,6.801167893253979,15.801863422124285,2003-06-20,1
Escapism. - Sped Up,"RAYE, 070 Shake",5,2020,3,22,4804,14,2170,219,2,194,5,40,149.47070013570595,F#,Minor,83.8583425736177,70.2415069540517,84.81445754814784,9.017238858140438,0.4507633566276048,18.679004566545206,20.46919607151458,2020-03-22,1
Trance (with Travis Scott & Young Thug),"Travis Scott, Young Thug, Metro Boomin",2,2011,5,9,1224,11,152071,188,10,117,9,18,145.4706419702756,C#,Minor,80.01728155167898,79.67953134680809,88.82477775233463,12.303682603863834,0.2966612093044574,18.5480006151556,28.395560430111612,2011-05-09,1
The Rumbling (TV Size),SiM,5,1983,1,7,4739,19,94328,233,13,166,1,12,91.15963379300176,G#,Major,53.84471916943728,56.125315055490745,35.81599584764472,42.3480855406901,35.53043463907457,49.60305811481148,6.514220973461376,1983-01-07,0
Tubarï¿½ï¿½o Te,"Dj LK da Escï¿½ï¿½cia, Tchakabum, mc jhenny, M",1,2020,9,10,4307,15,107049,118,13,108,6,25,106.09902546039844,E,Minor,46.52565292524384,56.061688686475975,36.43848679016384,42.87979303262564,21.758535040053022,48.009770357499335,14.98179540422614,2020-09-10,1
When Iï¿½ï¿½ï¿½m Gone (with Katy ,"Katy Perry, Alesso",4,2014,7,4,3640,0,100572,81,0,91,7,49,97.6576451591554,Unknown,Major,49.95975807392174,40.091214906899296,45.68640347884254,47.21902750814569,43.8709199899461,40.69321792645215,14.67600553213154,2014-07-04,0
Vegas (From the Original Motion Picture Soundtrack ELVIS),Doja Cat,1,2002,12,23,4677,7,50736,49,2,60,5,34,106.90434477790647,G#,Minor,54.99697423667354,41.37888825106828,46.552419732139526,66.11334126274046,35.219236431674055,41.65929794219366,13.57908417643922,2002-12-23,1
Nxde,(G)I-DLE,2,2009,7,9,1066,12,163848,225,19,130,9,12,103.4477717451722,E,Minor,53.96637353185781,59.80186170565312,38.12989649190925,47.695991471254,34.0105579079741,39.353642531140565,11.216087166409231,2009-07-09,1
X ï¿½ï¿½LTIMA,"Daddy Yankee, Bad Bunny",3,1982,10,22,4870,2,85209,85,11,43,4,6,99.85053450473696,G,Major,45.39868909629276,40.58608693154114,47.28539407163289,63.59547423907888,49.068204899008,52.01838261671215,10.180387069974326,1982-10-22,0
Grapejuice,Harry Styles,3,2001,9,26,3408,1,111144,189,16,181,3,19,145.76850688623313,F,Major,85.9229385648781,63.027438044009145,71.64575757550762,14.042381984664193,2.3321304188910075,9.779250824140796,20.71376736922731,2001-09-26,0
Leï¿½,Marï¿½ï¿½lia Mendo,2,2008,6,2,1994,10,23784,32,16,191,5,4,133.2208761014677,F#,Major,76.40756196077035,75.45154634961068,82.21980978613388,7.194004220709482,6.887241483634853,19.7641358862382,17.243117775525022,2008-06-02,0
Punto G,Quevedo,3,2011,12,11,3567,13,154276,107,4,187,7,47,131.1472372381219,B,Minor,80.04084118992778,69.56065496642728,76.20450671236036,10.65412123789043,8.037780867714812,9.343981511075766,19.172821073687672,2011-12-11,1
Die Hard,"Kendrick Lamar, Blxst, Amanda Reifer",3,2022,4,18,2029,6,5358,147,4,33,7,46,99.96576763821716,C#,Minor,41.39455804184367,45.85740940686439,39.94908996719688,59.47518093990114,47.19707915298255,31.28667652229504,5.908826596017925,2022-04-18,1
Blind,SZA,4,1970,1,11,2212,18,94503,81,16,151,9,10,134.92808794394796,A,Minor,94.36080461841136,79.85628187859822,78.873440098409,20.420187319378144,7.2918561925964065,16.049655345113752,16.656173901767918,1970-01-11,1
'Till I Collapse,"Eminem, Nate Dogg",5,2015,8,3,443,13,88962,51,4,166,1,23,105.88255366826728,C#,Major,40.0566949346786,52.517803351786775,48.991457433902205,63.66873666967511,32.39469551453482,41.88006655794754,8.280230587301483,2015-08-03,0
Stand By Me (feat. Morgan Wallen),"Lil Durk, Morgan Wallen",4,2003,3,23,4243,11,27138,286,16,174,0,34,102.45858600935172,B,Major,51.21245294274461,42.059586658892165,37.79166370604051,56.87900154307968,48.58557470054255,59.11543792234112,14.30323141710563,2003-03-23,0
Kiss Me More (feat. SZA),"SZA, Doja Cat",4,1959,8,7,4325,9,63616,164,5,122,9,33,149.66439593394338,G#,Major,76.14283333447199,77.69741126774919,82.46878368821028,18.36387578142326,3.330321932340261,12.67101824015192,29.719296256465448,1959-08-07,0
Que Vuelvas,"Carin Leon, Grupo Frontera",3,1955,3,16,4152,6,28340,107,16,41,7,5,104.5726229814925,A#,Major,47.35369363354906,45.84036161672443,49.86172206751007,56.172377428385445,34.780846819771504,48.20622534722405,9.099823751635313,1955-03-16,0
Princess Diana (with Nicki Minaj),"Nicki Minaj, Ice Spice",2,2021,6,24,1497,11,67632,81,16,37,9,8,141.3277211281853,A,Major,92.80467213503329,79.47576137146218,73.8006565174153,10.301420488616255,4.801652273747977,13.169369582536596,20.08175643328738,2021-06-24,0
That That (prod. & feat. SUGA of BTS),"PSY, Suga",2,1970,2,25,4771,7,97000,250,10,119,7,29,91.80863068010416,E,Major,51.74098618885484,53.787962480467,59.361182732000486,43.8031980392177,43.56763806096855,36.3560355964971,10.86569636810676,1970-02-25,0
Born Singer,BTS,2,1979,1,6,3638,14,6939,116,12,114,7,34,142.8496499499128,G#,Minor,77.48799842732853,78.72845315498176,75.98028512355012,15.766806856491948,6.599027369922551,16.127161065205193,20.71482197653512,1979-01-06,1
Numb,Linkin Park,4,2018,5,27,2423,3,26166,291,14,83,3,45,102.14943355953255,A,Major,45.634384450223855,48.60066416276133,43.35393583772097,47.77612061866138,40.37262586131008,47.19839236849104,7.879916830681456,2018-05-27,0
La Bachata,Manuel Turizo,3,2021,9,15,4566,19,157996,132,11,10,2,37,100.77167339816306,G,Minor,41.17668989938114,55.51652746021388,40.09499981615744,50.00587456522733,43.18808865124333,53.58326399553071,8.032268359856662,2021-09-15,1
The Hills,The Weeknd,4,2001,10,18,630,14,158715,269,17,142,7,8,94.47122590361649,Unknown,Minor,49.49806501757013,59.76459497858926,33.42625328913717,48.22879037128775,37.53194645289919,54.533321417382574,10.22276975300812,2001-10-18,1
psychofreak (feat. WILLOW),"Camila Cabello, Willow",3,2008,8,20,2684,6,93132,267,15,94,6,49,106.04080852527596,G,Minor,41.9860763280374,57.028572474511016,55.56961599439271,57.283260072395095,41.06617520759606,32.463122354098594,10.87643844589093,2008-08-20,1
Blank Space,Taylor Swift,3,2006,7,24,2953,2,120038,297,13,199,2,22,140.22268010327903,F,Major,79.96225831787936,66.04510012199879,80.72229593545035,10.197965437418452,2.0040821287996846,10.43664289325424,15.18958301131261,2006-07-24,0
Fin de Semana,"Oscar Maydon, Junior H",5,2010,11,5,82,18,14475,22,14,24,3,36,97.54198717623946,Unknown,Major,54.22060263751335,44.96731890976746,51.32725872106392,68.21928354991003,34.11867675880498,35.740460023094585,5.936693777874824,2010-11-05,0
Bebe Dame,"Fuerza Regida, Grupo Frontera",1,1987,2,2,1804,16,49210,150,15,11,5,25,102.02259449791828,G,Major,45.68768609058698,52.84551932495498,32.25725979422444,47.67869379431444,41.824243062801735,47.5740326675728,11.74808169650522,1987-02-02,0
Die For You,Joji,4,2013,1,14,1061,6,100586,130,12,102,5,19,130.3170856197683,G#,Major,87.54527503634593,77.02777143650839,81.48044901073902,21.79476285830875,1.3004535450968246,17.55636490089759,21.362549490056654,2013-01-14,0
CAIRO,"Karol G, Ovy On The Drums",3,2003,3,11,262,1,149700,195,13,15,2,6,99.52386057950746,F,Minor,44.76237735633211,40.23141789216776,45.51460285846916,68.41986336810317,49.133772136473496,34.723673841725066,12.626980265251332,2003-03-11,1
People Pt.2 (feat. IU),"IU, Agust D",1,2008,11,23,549,14,112999,60,19,93,8,25,145.32572708284067,G,Minor,94.07822281343522,61.51635629505173,79.86344929696625,14.16096667979492,7.331815416745094,18.04163288840875,27.45949004654252,2008-11-23,1
Die Young (feat. 347aidan),"Sleepy hallow, 347aidan",4,2002,7,18,521,13,74024,250,1,141,7,41,101.75601123717271,B,Major,58.56966795804488,46.21285397560315,59.53242125710278,49.34178753297506,20.81551236706162,50.08703660246151,13.139829802634855,2002-07-18,0
Primera Cita,Carin Leon,3,1961,7,4,610,16,10532,179,8,173,0,14,147.41780822768635,A#,Major,94.2662227215669,69.26096138918373,79.32749272085447,24.351935037813565,8.757888511364108,18.25452623369613,18.174928680937743,1961-07-04,0
BILLIE EILISH.,Armani White,5,2018,10,9,2426,19,53656,94,11,125,3,28,103.61173703832044,C#,Major,55.58173117141972,50.52897226580468,43.31437172352056,49.78879514922605,38.93889974494334,55.52634522707804,13.88834205512612,2018-10-09,0
Savior - Interlude,Kendrick Lamar,2,2014,4,26,2509,15,165829,296,18,171,1,41,141.07192763151693,F,Minor,91.2823326184455,77.3450220158152,75.18795549352808,16.440602083091157,0.4745355697811237,17.679089375085923,20.807747791540105,2014-04-26,1
Left and Right (Feat. Jung Kook of BTS),"Charlie Puth, BTS, Jung Kook",3,2020,11,12,2078,7,141230,108,3,87,9,42,102.18670921030416,D,Major,46.11481744667933,57.16464958935059,40.09540003263125,51.572569634056514,35.61916957857299,41.09501913990372,5.0131411090500695,2020-11-12,0
Driving Home for Christmas - 2019 Remaster,Chris Rea,4,2002,4,12,3119,4,160962,280,13,97,1,14,105.78968591140254,A,Major,59.32920500908647,59.96907555546462,40.86866538705867,52.34268013362375,45.3427346925201,46.99241806279675,6.417145702099678,2002-04-12,0
JGL,"Luis R Conriquez, La Adictiva",1,1959,3,15,895,5,19894,295,0,39,6,29,145.4812151665846,G#,Major,91.382363483525,71.58436102932909,70.76433404447936,9.798732804761798,8.158958478219368,13.513697433606488,28.904725363539733,1959-03-15,0
Barbie World (with Aqua) [From Barbie The Album],"Nicki Minaj, Aqua, Ice Spice",5,2022,10,31,1041,8,56137,63,17,197,3,29,96.1745020143644,Unknown,Major,56.171573436373706,51.73098209373296,30.460659705497022,50.708537208672354,36.01806385329533,53.02936265968509,13.798636546419026,2022-10-31,0
Gato de Noche,"Nengo Flow, Bad Bunny",2,2015,12,29,771,18,113680,48,5,91,5,49,147.7716519986625,G#,Major,80.09918626386238,64.96099930836488,82.57011038609535,24.15761187913438,2.552297016692605,18.484181425981035,22.54454833280314,2015-12-29,0
The Joker And The Queen (feat. Taylor Swift),"Ed Sheeran, Taylor Swift",1,1964,9,13,3513,0,175335,101,5,13,6,32,96.0480895906218,Unknown,Major,57.91276858711878,41.17953624148078,52.347080058808615,41.090037441211365,20.61490669876825,41.44941750081974,9.051309882083329,1964-09-13,0
Fim de Semana no Rio,teto,2,2015,1,11,2114,7,171074,254,10,23,3,2,130.91797939911172,C#,Minor,91.71320651680188,66.6999756612056,85.96765551664646,21.77501772172532,1.3112909247621771,5.657175891315377,18.187285044456765,2015-01-11,1
LAGUNAS,"Jasiel Nuï¿½ï¿½ez, Peso P",2,2001,10,11,3883,17,144431,107,10,89,8,26,141.6749938847607,B,Major,75.06943274158132,73.39298753784463,71.13467582786438,22.459378408045986,1.3821897349796042,19.287562250582617,18.953139704459492,2001-10-11,0
Don't Be Shy,"Tiï¿½ï¿½sto, Kar",4,2019,6,7,1798,5,106093,249,14,152,8,21,148.5251771977743,B,Minor,79.4622177274333,63.92020401150153,72.911613397824,8.157767216848804,6.820982670338662,9.559274734721356,16.944107510618537,2019-06-07,1
Freaks,Surf Curse,4,2007,11,27,1339,10,126292,145,14,101,2,9,140.99164026537278,A,Major,93.12801651110036,61.17930195218722,86.49069410400406,9.2714440363837,4.228618682093018,8.923861138504341,16.81340652032969,2007-11-27,0
POLARIS - Remix,"Feid, Mora, Saiko, Quevedo",2,2018,2,5,3960,10,108687,193,19,21,0,30,93.73232011938562,G#,Minor,47.93719360760046,55.97886634958777,48.36739611479358,65.08845627250955,33.10219805886138,30.172262001847717,6.898129006479675,2018-02-05,1
Under The Influence,Chris Brown,3,2021,7,14,2049,19,87411,286,12,48,4,26,96.66650098803656,A,Minor,49.31806136479203,58.47613295581565,32.27899989942529,47.899254098925255,41.22723997927196,40.86097221493368,8.64575977597806,2021-07-14,1
The Family Madrigal,"Olga Merediz, Stephanie Beatriz, Encanto - Cast",4,2021,9,13,4110,19,147752,264,10,113,3,40,132.15698853190978,C#,Major,90.7198991591724,70.69113564473083,84.0074639098938,17.73737862736058,3.728489930052036,15.626482844164872,18.213411305517702,2021-09-13,0
Massive,Drake,4,2001,8,3,3960,12,174253,172,11,160,7,22,98.19097388189314,E,Minor,45.66123488842612,58.596397153006095,52.2492305183982,49.84788572761862,32.749068566435675,38.614988503809215,9.74003675917078,2001-08-03,1
Summertime Sadness,Lana Del Rey,1,1974,1,4,182,9,67029,137,0,63,3,24,90.14061379635348,C#,Minor,55.99058239701118,49.305849342928354,59.79606353823263,45.56049774561865,40.24207013144294,59.79227789962131,10.617360455198565,1974-01-04,1
Peaches (from The Super Mario Bros. Movie),Jack Black,3,2001,9,10,1693,14,34706,185,13,18,7,39,130.48005170159527,A#,Minor,85.30859693613334,78.71784746326914,82.03138120350272,10.014863994567468,5.3853222840992725,5.571955363755851,21.092391731119527,2001-09-10,1
Boyfriend,Dove Cameron,3,2018,6,20,2463,1,182725,20,10,36,4,1,93.67132912681916,G,Minor,54.63683127806969,40.40567765730761,47.23647577463613,53.872989689989424,30.16442876493977,56.93322158327359,9.575528591818044,2018-06-20,1
Stefania (Kalush Orchestra),KALUSH,5,2011,10,8,2130,14,17318,161,16,155,7,40,137.18971870361528,D,Major,79.36246373002334,64.76153926717704,84.21931910775989,9.592978909843604,9.249854900965849,5.936651672763944,23.88914677020974,2011-10-08,0
Take My Breath,The Weeknd,5,2020,6,25,1369,10,62044,240,19,108,0,3,144.7921458209611,A#,Minor,92.62242427923093,66.01074201703824,89.80866078964769,11.646289142241994,5.649245529346011,15.720040320246628,17.34654720756878,2020-06-25,1
Ojos Marrones,Lasso,2,2004,9,21,468,16,81468,288,4,123,6,45,131.2315931263499,G#,Minor,90.70467979409514,68.27335668787852,76.64837794116674,24.76584807267021,8.469513365706774,19.37766396260808,18.689569967349925,2004-09-21,1
LAGUNAS,"Jasiel Nuï¿½ï¿½ez, Peso P",2,2003,6,17,598,14,188691,56,15,58,2,1,141.11871881528037,B,Major,91.10970045258532,63.410772134447456,85.82288067210693,23.609357958365344,0.6612365260710917,8.276363869703385,22.049019122246182,2003-06-17,0
Es un Secreto,Plan B,4,2009,3,8,3867,2,113443,99,15,181,5,7,101.5239214250792,F#,Minor,57.07476268720396,40.66442387359212,37.31624550638305,65.5087412226443,29.64483939841328,35.04864667649597,10.778022509457568,2009-03-08,1
LALA,Myke Towers,1,2021,5,14,2400,6,198649,88,17,51,5,32,143.88761079957348,C#,Major,89.63906369655331,67.75076855681957,83.35726391584393,22.346837244971475,0.0565735917132281,10.993641025850309,27.11017747637449,2021-05-14,0
I'm Good (Blue),"Bebe Rexha, David Guetta",1,2013,10,12,4740,19,80131,187,11,115,3,31,137.77916242124914,G,Minor,78.03926675066135,70.24429361183394,74.29284379952703,18.065581030119134,8.857455426582202,13.778549208468856,22.57281997035539,2013-10-12,1
Crazy What Love Can Do,"David Guetta, Ella Henderson, Becky Hill",3,2003,8,3,3557,7,171733,249,16,160,5,0,138.69665566423126,E,Minor,76.14415507016143,73.18174368445574,88.1607582591273,20.21975602307888,9.563106667469572,10.751620628050253,21.30311673396383,2003-08-03,1
Take On Me,a-ha,5,2008,2,1,4434,13,97393,154,7,120,0,14,133.7070642959934,F#,Minor,89.04514313622023,79.85564339947382,70.49591148263855,12.12364299555631,7.983670577779247,10.031382902565673,15.674239463066565,2008-02-01,1
Space Song,Beach House,5,1988,8,30,3100,0,193713,207,16,181,6,24,102.06731756153404,Unknown,Minor,44.73592658630521,48.66909658984386,54.29871744154052,62.61672341172721,39.27399165527859,49.816685714581446,12.387793071508318,1988-08-30,1
Superhero (Heroes & Villains) [with Future & Chris Brown],"Future, Chris Brown, Metro Boomin",5,2018,2,20,4258,2,2889,257,4,8,6,19,139.68189736034986,F,Minor,85.21032663644557,79.76829692215323,76.29606979506684,18.502139305937728,8.733330864006486,14.102333840292122,28.598808679855463,2018-02-20,1
"Angel Pt 1 (feat. Jimin of BTS, JVKE & Muni Long)","Kodak Black, NLE Choppa, Muni Long, JVKE, Jimin",1,2017,5,4,1154,15,144898,170,2,173,6,8,98.21093443566826,A#,Minor,56.03569259512028,41.51411694874709,32.337163430264695,68.09626696110857,28.2216617439622,45.30056506920901,13.04778011915548,2017-05-04,1
POP!,Nayeon,4,2006,4,10,3143,3,133864,289,12,169,7,35,146.29553096576092,D,Major,83.22698961798076,60.86032963858423,88.77088249190979,9.44450485587682,3.8100761392963656,19.77383192599186,15.230458452948913,2006-04-10,0
"Arcï¿½ï¿½ngel: Bzrp Music Sessions, Vol","Arcangel, Bizarrap",2,2005,3,25,3703,2,19453,75,19,128,7,11,146.46792851135436,B,Minor,78.43980575688049,66.96794427069511,77.37389510908102,15.516037009523576,7.245356952096533,7.914944537694632,19.501120304813163,2005-03-25,1
STAYING ALIVE (feat. Drake & Lil Baby),"Drake, DJ Khaled, Lil Baby",2,2017,7,2,2762,0,22136,204,12,156,3,9,148.98613746796937,E,Minor,82.49655586103252,72.26698440618713,74.01890952642414,23.391882495860315,2.4324079249312125,10.11578808732318,19.28827905611655,2017-07-02,1
Hot Shit (feat. Ye & Lil Durk),"Kanye West, Lil Durk, Cardi B",2,1955,4,10,1469,17,84877,257,7,25,9,34,144.8446122497283,A,Major,77.15837512095058,74.8163011323601,82.4720138002687,20.01326109235174,5.043823042711455,8.502595476538977,23.45819517359717,1955-04-10,0
Christmas (Baby Please Come Home),Darlene Love,3,1979,6,30,1561,15,127550,64,6,81,6,27,134.5231782187706,D#,Major,92.4560445007682,70.83654101562543,85.32692224736013,10.97392130055544,7.983487343940498,8.78035255637467,17.57379754546451,1979-06-30,0
"Quevedo: Bzrp Music Sessions, Vol. 52","Bizarrap, Quevedo",4,1974,8,13,702,2,77964,54,0,160,7,48,99.26808874131194,D,Major,59.78488179592122,46.89705894280255,51.19249930861968,42.97075862617056,21.99563424645663,40.526291767744006,10.247188420206095,1974-08-13,0
The Feels,TWICE,4,2004,1,15,464,8,31306,33,13,41,8,2,108.07641654158604,A,Major,56.07814118264833,55.08937417741291,31.08551440784915,63.98330507846816,29.70851437494519,39.88969600498106,11.92706597363281,2004-01-15,0
Malvadï¿½ï¿,"Xamï¿½ï¿½, Gustah, Neo B",4,2016,11,22,4648,14,29148,114,12,138,2,30,102.27692354564483,F#,Minor,58.76806012674534,41.69761293900467,53.13835868837185,45.44646630705045,34.19502020217024,58.767437316717256,7.074141392939718,2016-11-22,1
Let It Snow! Let It Snow! Let It Snow!,Dean Martin,3,2009,1,29,2013,2,155394,73,2,97,8,0,107.08707840774233,C#,Major,53.86003950622174,56.96204271199406,56.58943033226167,62.22631871140783,33.019682196053935,40.19577357074236,12.98937669515906,2009-01-29,0
Out of Time,The Weeknd,4,2010,12,15,1248,8,186723,295,8,190,1,2,95.00960036726732,Unknown,Minor,42.35713630670106,55.83984383257967,37.67623268733826,58.297909950640616,37.42714650524209,42.686726338325286,6.402529205452537,2010-12-15,1
"Here We Goï¿½ï¿½ï¿½ Again (feat. Tyler, the Cr","The Weeknd, Tyler, The Creator",5,2001,10,11,4437,8,197162,286,4,76,9,14,148.38740710099844,C#,Major,94.0283976065511,67.60840727840707,77.60599098154795,15.755098588923737,6.56446551654139,13.65989133611825,29.466303683085293,2001-10-11,0
Lady Mi Amor,Feid,4,2019,5,12,3614,14,165483,214,3,21,4,10,93.8145732889977,D,Major,57.493752451076645,51.500809105887086,49.35012680839312,45.18725840407123,41.894279386754015,45.08890880696707,13.33707754976695,2019-05-12,0
Sweet Child O' Mine,Guns N' Roses,1,2007,9,13,4434,15,46415,13,16,88,0,12,149.42453566877143,F#,Major,75.8334435033113,70.87150016997848,81.74181718733752,21.5596161768506,4.858288619290494,9.799038738075124,23.431189780810588,2007-09-13,0
Cupido,Tini,3,2017,12,27,3837,19,79800,192,15,138,0,19,136.57339381905382,A,Major,94.25569237475284,66.79583919516952,79.68936548840423,16.883463689240386,5.1240352913774645,19.80707888184734,28.589010511215896,2017-12-27,0
Medallo,"Justin Quiles, Lenny Tavï¿½ï¿½rez, BL",1,2006,3,15,4367,7,80480,234,9,83,4,4,103.19833514897114,E,Minor,55.894223362121856,46.27776003984329,46.94827661432038,57.33301720332762,45.79128600369647,42.12798226686095,14.334857327410436,2006-03-15,1
Toxic,BoyWithUke,2,2016,11,16,3002,12,87274,231,10,167,0,40,138.0415360715827,G#,Minor,83.70430502083404,73.05098608339637,76.50818342765612,22.785881674553835,1.0479321841359446,10.994807161528998,20.850215215282788,2016-11-16,1
AMERICA HAS A PROBLEM (feat. Kendrick Lamar),"Kendrick Lamar, Beyoncï¿",1,2001,5,3,3280,14,101828,222,14,181,8,47,107.10490980436713,C#,Major,59.52710974446264,41.11683441669201,43.60202776300469,53.37234190332784,26.129455984432465,59.326216742304624,10.05302186879263,2001-05-03,0
Lady Mi Amor,Feid,3,2011,9,3,2431,4,89543,293,6,78,4,42,142.88517964045462,D,Major,76.71417464480321,65.13294383267754,85.46322364439257,23.33155083168529,7.711703649509701,10.15892957593336,27.89641257359241,2011-09-03,0
Andrea,"Buscabulla, Bad Bunny",4,2019,3,8,1628,2,23865,136,19,181,8,9,145.262768763319,C#,Minor,91.64393049931309,75.61000713596371,80.37267574795027,12.530295850414731,2.598421703481998,6.563880840178393,21.061465561586857,2019-03-08,1
Erro Gostoso - Ao Vivo,Simone Mendes,3,2011,8,27,459,11,114302,40,18,149,0,19,101.41484242702477,F#,Major,56.62515157918425,52.996644970515824,51.66977016086257,47.66192668538108,44.65351036660617,31.95141994451405,8.31622588384533,2011-08-27,0
Titi Me Preguntï¿,Bad Bunny,1,2021,9,6,4265,10,38013,240,4,32,1,21,141.7925574362938,F,Minor,85.5007975696723,78.58437296140042,72.21820242278346,23.046713261119017,9.647831403914818,18.390721116552427,24.055992421498694,2021-09-06,1
"I'm Tired - From ""Euphoria"" An Original HBO Series",Labrinth,4,2013,8,30,1031,16,116757,212,18,183,4,11,103.65027518035389,Unknown,Minor,44.05541938821048,44.73085916743496,46.629263769074434,61.462052145503165,46.16358835863768,54.84658578420138,7.616458675295,2013-08-30,1
Sweet Nothing,Taylor Swift,2,2016,10,28,4898,1,116934,293,9,31,0,1,90.84643260704296,Unknown,Major,49.698551696922365,59.922296031793536,37.0295330284956,59.895401246940665,33.59545352343684,31.0524482261658,12.635821511645954,2016-10-28,0
Boy With Luv (feat. Halsey),"Halsey, BTS",4,2006,9,8,2529,6,125347,195,16,159,2,39,148.46122121410107,B,Minor,88.54891175042803,71.85441400176133,77.12898805407978,13.449782088505517,3.2193752671351383,7.313681399106818,22.34992114268005,2006-09-08,1
Meet Me At Our Spot,"THE ANXIETY, Willow, Tyler Cole",5,2013,4,10,718,0,181499,73,7,159,6,23,136.382712469643,D,Major,89.84088035265852,76.87968668056607,83.52144170734468,24.556690739411717,9.234658265006818,10.503498112995697,20.165063134824727,2013-04-10,0
My Mind & Me,Selena Gomez,3,2008,7,10,4427,13,9086,215,14,156,1,9,142.83202170034585,A,Major,76.78553526741749,63.86727309840658,70.32347078471719,19.89884499844667,2.4067208944418828,6.958991792316066,29.10165710415376,2008-07-10,0
Un Verano Sin Ti,Bad Bunny,2,2010,4,30,3464,19,28277,125,6,11,2,40,131.7770765178584,F,Minor,80.79476655577159,67.80940603939457,72.81557865337481,20.15661129528652,8.797326891658354,17.369509550605304,20.858265609062432,2010-04-30,1
Bohemian Rhapsody - Remastered 2011,Queen,1,2012,5,26,91,1,42088,91,6,85,6,31,91.6628876575396,Unknown,Minor,44.74666373446216,45.01472721827736,57.70040318523644,52.65575262137574,23.06327440131073,37.46911033161128,11.062046055734642,2012-05-26,1
happier,Olivia Rodrigo,1,1965,11,21,164,6,74517,42,5,59,3,12,91.7335382555984,F#,Major,40.256587060836914,41.48037676439972,53.77090640137945,44.88329372835119,28.213798712901323,38.57939942550814,7.820459375062785,1965-11-21,0
In The End,Linkin Park,5,2014,10,22,2893,11,74835,171,9,42,7,4,134.59287216340627,D#,Minor,75.94815517483333,79.22024418318983,73.77063644731754,22.55588901418798,9.754142194645944,15.819834161328938,28.13857107527921,2014-10-22,1
Miss You,Southstar,5,2004,9,18,2096,5,16665,208,1,26,7,22,139.19377978981802,A,Major,75.70713459747948,66.64526564969684,86.63822660565884,12.772068125949303,2.5129053668928822,16.44936563465076,15.34682395164745,2004-09-18,0
En El Radio Un Cochinero,Victor Cibrian,2,2013,8,20,642,5,117645,43,8,47,4,9,94.24502081007984,F#,Minor,56.2551967974554,45.42815372966732,57.1684920569028,65.99740390665939,48.037304826538296,36.52957998471596,11.018649887938908,2013-08-20,1
Sï¿½ï¿½,"Anuel Aa, Myke Towers, Jhay Cortez",2,2005,8,7,81,19,193418,184,11,5,7,22,93.32012730087092,F#,Minor,48.628914869844806,47.91645956789217,53.54888363983618,62.970137449484966,28.54427316695576,36.02706339990576,10.579652783943644,2005-08-07,1
The Real Slim Shady,Eminem,5,2010,12,11,182,3,189708,112,7,97,3,37,131.15852855284842,F,Minor,88.73950285652084,79.00919478650376,70.69710806186694,19.2581281654092,2.912256592264193,15.281066535921234,18.635468169110915,2010-12-11,1
Car's Outside,James Arthur,4,2013,8,26,591,11,124730,13,2,152,0,1,93.32929918350554,A,Major,57.06683166397326,59.66403415189187,49.73291175076066,57.78420969539275,32.04044247215869,41.23120947750013,9.535598029475096,2013-08-26,0
Casei Com a Putaria,"MC Ryan SP, Love Funk, Mc Paiva ZS",3,2022,10,7,2154,11,148293,110,8,163,9,48,130.13576874883998,A#,Minor,77.85918101134264,73.81789376310265,76.99345209383844,19.444717389010865,1.286374176652347,17.17329410620048,24.80876473263737,2022-10-07,1
GATï¿½ï¿½,"Maldy, Karol G",3,1969,12,9,417,12,165201,235,14,26,8,33,137.01867692154272,B,Minor,87.48811410415583,64.20421607546734,75.98774835863777,6.662573923141384,5.930014002812422,11.998037451588017,20.094660333832834,1969-12-09,1
People Pt.2 (feat. IU),"IU, Agust D",2,2008,2,17,4145,17,45498,248,4,23,8,49,132.26738682986442,G,Minor,81.91129039149217,73.0254649443815,80.09426843732054,24.02663661182941,4.82130388876521,5.274013977021735,17.891888853309815,2008-02-17,1
I Know - PR1SVX Edit,"Kanii, PR1ISVX",1,2004,6,26,1261,8,15131,133,11,24,3,38,142.03181580414275,B,Minor,79.73516516601867,62.62020469962034,89.16668534869076,21.279042717931624,8.312433003775789,13.135300872582938,16.512105915019724,2004-06-26,1
Snooze,SZA,3,1971,10,14,4225,15,49867,82,0,172,4,31,99.72160337017692,F,Major,49.94154455070724,49.50843588747824,35.35751323327265,50.57818046013959,34.53727576653901,31.763962349589058,8.998465876720793,1971-10-14,0
Afraid To Feel,LF System,4,2016,1,8,691,12,50389,262,5,167,3,47,96.3806754558405,C#,Major,50.08133565131257,56.49057235752658,45.352035355357,46.71077502047535,26.237672066279032,55.58057568682109,9.300853974877665,2016-01-08,0
You Proof,Morgan Wallen,3,2003,8,31,358,16,32538,80,14,102,7,31,148.53502776441448,A,Major,79.52978605061435,77.58408074442804,83.67597549365105,14.844361840649556,0.4729680408344427,11.0294287762652,18.93598055490576,2003-08-31,0
Tubarï¿½ï¿½o Te,"Dj LK da Escï¿½ï¿½cia, Tchakabum, mc jhenny, M",1,2019,5,2,3494,15,52797,253,18,24,3,15,95.44347946870027,E,Minor,40.43756874424765,45.11341235337629,49.68122528727346,64.21931145487184,43.4942165487024,32.453359583694564,8.572876529509669,2019-05-02,1
"What Was I Made For? [From The Motion Picture ""Barbie""]",Billie Eilish,5,2015,1,31,2430,5,163320,202,2,10,2,37,149.05128960013013,Unknown,Major,94.68356052242382,69.72408958907974,72.01817565015352,21.36703844674298,3.2321787457896667,7.643060561057564,20.29448496191672,2015-01-31,0
Nail Tech,Jack Harlow,5,2019,8,12,3069,7,156560,58,16,115,3,28,109.87987713561807,E,Minor,58.84694187708146,58.33848965902808,44.164808206862105,66.0549409804286,36.46936736688041,36.22933466753115,14.600746179198625,2019-08-12,1
Love Of My Life,Harry Styles,3,1984,2,14,1513,2,173190,42,13,112,2,37,92.50322849572152,G,Major,54.00240422759417,55.43364753696433,56.07211387181663,68.59115568681737,39.79603946010555,46.70911988273207,14.101644550358234,1984-02-14,0
The Next Episode,"Dr. Dre, Snoop Dogg",3,2000,11,12,1568,13,164903,157,3,102,9,2,139.74669005692945,D#,Minor,82.34781045174313,75.72502364080707,70.02773087720524,6.130583632396043,5.3617779903171385,6.28477050135476,18.189957351488214,2000-11-12,1
Vista Al Mar,Quevedo,2,1998,5,18,4534,8,103819,180,17,38,7,40,98.09072372674686,Unknown,Minor,48.749385479256205,40.50941652433237,50.88764213832415,53.66038770970378,30.34340835685131,38.66107803865427,13.341758213975984,1998-05-18,1
Kiss Me More (feat. SZA),"SZA, Doja Cat",5,2014,8,25,1619,13,68011,38,7,61,7,41,139.23840468282927,G#,Major,93.00286653657892,74.60340807547493,79.96496937863108,13.068456942622104,7.361242881450031,13.89202019559046,18.250483742632785,2014-08-25,0
I Wrote The Book,Morgan Wallen,2,2015,11,3,4463,18,63527,217,1,112,1,28,103.81661364079868,D,Major,48.36385107294741,46.37388663248294,49.21301368056223,58.85543861119378,43.360732267776456,59.656243694228806,12.229104596127296,2015-11-03,0
Only Love Can Hurt Like This,Paloma Faith,1,2014,9,13,3541,11,110040,141,1,70,3,39,97.86170903365604,G#,Major,56.446718500445016,43.190841993649485,42.66354855574006,64.68050841791046,34.785827689931,56.80672796431317,8.038828253703329,2014-09-13,0
Cooped Up (with Roddy Ricch),"Post Malone, Roddy Ricch",2,2017,10,30,2965,13,73172,221,15,144,1,23,97.58605101143574,Unknown,Major,55.422267036480704,59.64849593098128,45.27148194345805,46.01058765288273,39.76891205422021,51.43349587146367,12.261703401164043,2017-10-30,0
Music For a Sushi Restaurant,Harry Styles,3,1967,11,25,1730,9,137704,190,8,194,7,14,143.92745384125985,B,Major,93.169196494317,72.7549857722476,84.5444387839808,8.243820315563152,4.190015562989581,16.435277559622442,16.562099316522563,1967-11-25,0
Esqueï¿½ï¿½a-Me Se For C,"Marï¿½ï¿½lia Mendonï¿½ï¿½a, Maiara &",3,2008,3,30,1948,17,172796,250,18,179,3,22,90.4181627187009,F#,Minor,40.51855517925878,57.14860044459074,50.91252021985128,68.48417187162643,22.48062787150116,40.60135934963272,12.233644065281622,2008-03-30,1
La Jumpa,"Arcangel, Bad Bunny",2,2020,8,30,3444,5,40004,278,2,126,1,38,97.66231604978962,G#,Major,53.03725782111036,54.73384128666945,58.53178302986066,55.53547562556869,35.30732176242904,30.58337801743456,8.773247249388696,2020-08-30,0
The Nights,Avicii,1,2010,12,13,283,2,197178,72,14,181,6,0,95.21714505519476,F#,Major,48.0750250549121,55.14644980753405,56.840050911787145,61.42259332615685,25.576044642900637,56.03379782655047,6.317221318581115,2010-12-13,0
Ley Seca,"Anuel Aa, Jhay Cortez",3,2010,9,21,2452,5,52258,37,8,52,8,32,132.63709321425517,G#,Major,93.99712948770258,71.2116996787509,80.27156620475121,8.275628734760168,0.9485766366744874,14.775092253735592,20.133987658896377,2010-09-21,0
Desesperados,"Chencho Corleone, Rauw Alejandro",3,2000,1,11,1549,14,44401,240,14,173,2,17,145.50752830154565,C#,Minor,79.84453788208485,76.25270706078845,81.68896641456992,14.918065537401752,2.934602636100517,13.5436539315032,23.20510721777554,2000-01-11,1
"Residente: Bzrp Music Sessions, Vol. 49","Residente, Bizarrap",5,2002,12,23,2437,10,132343,66,15,129,7,12,104.45724213145708,C#,Minor,58.43426531620853,49.42712400278104,49.31198120502448,60.5660230292487,31.66224680254769,48.92702511310902,8.79675612813541,2002-12-23,1
La Zona,Bad Bunny,1,2012,4,24,4494,5,149428,62,15,74,0,6,99.31314610038731,C#,Minor,59.57772201288401,46.625555276496144,34.28264580898512,57.50908311424088,31.12903752419457,42.812416303133325,5.607755408091784,2012-04-24,1
After LIKE,IVE,4,2010,7,21,4023,8,19073,40,0,69,7,9,109.92805691841924,Unknown,Major,56.32374078747157,55.95484339227146,31.061123511395767,58.98676041693318,25.726313459409464,32.57088985896853,7.300870264165265,2010-07-21,0
Mirror,Kendrick Lamar,5,2022,2,4,915,3,40178,161,17,195,7,36,108.29002627014049,E,Minor,52.22603371033861,56.86195608717385,51.34587889670891,66.27876390386683,28.601805279891916,38.382548755384605,5.51219468414592,2022-02-04,1
DESPECHï¿,ROSALï¿½,5,1974,3,15,1476,14,31185,213,0,61,1,35,108.39954771533245,G,Major,52.30078364784043,48.94784198203,36.121670560334174,44.95826790784329,45.39366593078927,40.58548882565176,8.902122916178314,1974-03-15,0
LA FAMA (with The Weeknd),"The Weeknd, ROSALï¿½",1,2003,3,26,3788,18,181639,58,5,75,4,15,143.71408666958183,Unknown,Minor,81.73104726892926,79.55447860227522,74.87288661425278,7.969070369934754,8.054173963825567,9.57199945791444,26.031372546328548,2003-03-26,1
"Come Back Home - From ""Purple Hearts""",Sofia Carson,5,2009,3,26,3983,6,133323,111,4,166,2,21,99.7877300870764,G,Major,42.27287833305829,44.512232588535184,59.66991682518959,55.3988659711119,47.46752825364267,40.59419478739213,6.926612333224035,2009-03-26,0
Snow On The Beach (feat. Lana Del Rey),"Taylor Swift, Lana Del Rey",5,1989,4,11,3904,0,123620,74,18,104,8,15,107.8172950882304,A,Major,58.1730340136377,56.74726566419225,41.03123775972451,58.62648441748343,47.596820293215806,43.40187474599266,13.832272716814137,1989-04-11,0
Heaven,Niall Horan,2,2015,4,1,3747,11,144686,146,2,32,4,2,134.03521316932336,F,Major,77.62725064195034,62.44694301983712,78.30535378360995,16.714514216354626,2.1967522330070075,10.975904333651991,25.131770261648416,2015-04-01,0
ALIEN SUPERSTAR,Beyoncï¿,2,2006,11,28,3820,11,69535,269,7,44,1,46,138.58530511659762,A#,Minor,84.92014710366603,68.80577047219418,80.78993713438958,19.768338918680847,6.294810860598678,6.676428733363655,23.876789502926258,2006-11-28,1
Shut up My Moms Calling,Hotel Ugly,1,1962,3,11,2918,17,61118,32,6,97,4,22,135.84880869156908,A,Minor,80.62659770823147,71.75263104465287,83.32321203005154,12.979623157818509,1.9935647849031912,9.789700187355422,16.181171321723472,1962-03-11,1
Something In The Way - Remastered 2021,Nirvana,4,2017,11,30,3353,0,127488,36,0,64,0,26,91.5512716772773,G#,Major,57.68221452227665,58.26571351728691,51.12817306345052,55.17139160193499,21.332830010318187,57.4800643290702,9.367862036248573,2017-11-30,0
Angel Baby,Troye Sivan,2,2004,4,2,3123,11,159617,275,11,91,2,29,95.04029551171412,B,Major,53.52519158623785,43.44120882555919,51.71678312737316,42.14468846175467,32.46769386896066,54.41292284798014,7.046756019765404,2004-04-02,0
Las Morras,"BLESSD, Peso Pluma",3,1995,1,1,929,2,1585,48,18,113,7,7,104.48747705388594,A,Minor,43.55534564602417,46.512645041436606,57.09235765589531,69.57230464087922,36.52017846821175,40.27942021697232,11.323965372179286,1995-01-01,1
I Hate U,SZA,5,1984,4,16,1889,3,42258,232,9,197,0,11,98.85702659064856,G,Minor,55.68002687602928,59.84162017681628,37.33641935740311,60.273786071340936,23.246638410180857,31.25093960011277,13.094213910666127,1984-04-16,1
El Azul,"Junior H, Peso Pluma",3,1974,8,9,3373,15,33349,115,1,14,7,10,102.53421699205724,A,Minor,45.07946028436364,46.975348235449125,44.21672396651864,69.95772032969606,46.06348360361232,43.5790737028112,9.743109434190496,1974-08-09,1
Makeba,Jain,4,2008,7,12,1612,6,19987,183,16,129,2,1,139.15562839789294,D,Major,87.24726877765593,66.80679735946924,83.90631947870783,9.439077447233924,3.5620145259652136,15.025409161913398,17.96861604420002,2008-07-12,0
Daydreaming,Harry Styles,3,2019,10,6,3783,1,15916,33,1,138,4,19,94.45935280822104,E,Minor,47.933920755945685,59.6007228694343,48.26136496711989,65.2299806314597,27.68443260213914,31.81349897395935,6.021719803325462,2019-10-06,1
Envolver,Anitta,4,2007,1,23,684,1,63299,107,7,95,7,18,131.25472674154523,E,Minor,90.96754872548406,70.6890652090781,75.06457240615688,21.750015244720597,7.341959324536101,18.1531255335958,21.986534918660407,2007-01-23,1
Sprinter,"Dave, Central Cee",1,1989,4,14,1897,3,176391,239,16,12,5,8,99.860621647145,C#,Major,44.5047874831713,41.83916982977286,44.53295541923475,69.90512717338004,45.979101207944936,58.04339423241325,10.776940841731244,1989-04-14,0
Lucid Dreams,Juice WRLD,4,2010,5,18,1196,2,106174,52,16,132,5,15,143.07558581542813,B,Minor,77.03104957681478,67.77874929528652,80.41798979604312,17.04216917200769,6.332098414167917,5.026616684009676,18.335460640626867,2010-05-18,1
Talk,YEAT,2,2012,7,3,2954,4,16198,46,9,14,0,42,90.60605060433096,E,Minor,58.56664856588156,45.5781393856123,53.01199061231303,69.46509833126805,40.07383929846656,39.64241350370473,5.817271684447477,2012-07-03,1
"What Was I Made For? [From The Motion Picture ""Barbie""]",Billie Eilish,5,2008,9,12,4727,2,109655,257,12,143,8,9,96.75509548003086,Unknown,Major,57.34432615719258,42.12026608115961,47.24608041348108,49.78892326676949,43.979642809186736,35.98973025723709,7.413913772776929,2008-09-12,0
Purple Hearts,"Kendrick Lamar, Ghostface Killah, Summer Walker",5,1980,7,30,2139,19,178101,179,15,100,5,21,96.12972487777536,D#,Minor,59.4465759678898,42.12061038992184,33.683596946822064,57.906598650230855,38.87198762610591,49.7494581641226,12.831486794327615,1980-07-30,1
Cupid ï¿½ï¿½ï¿½ Twin Ver. (FIFTY FIFTY) ï¿½ï¿½ï¿½ Spe,sped up 8282,5,1990,5,20,183,7,116538,66,6,174,9,14,106.64696778012411,F,Major,42.82295792733923,53.63665973326071,52.20835403461552,57.53061183255132,41.89759807817459,44.98613333338035,7.447102027172948,1990-05-20,0
Purple Hearts,"Kendrick Lamar, Ghostface Killah, Summer Walker",4,2019,10,5,2519,8,143060,66,1,80,6,35,133.28068911120462,D#,Minor,78.25813431626709,75.98754169816513,78.15339122797911,23.874644503079004,5.897721088627232,5.371664302092027,29.4159466019444,2019-10-05,1
drivers license,Olivia Rodrigo,4,2015,6,17,3147,11,160383,97,0,6,5,14,130.74899062247158,A#,Major,94.67903252703366,73.77497420143801,82.70816900084989,23.667824948869185,7.258126583478512,19.135812941780443,17.294450422347303,2015-06-17,0
If We Ever Broke Up,Mae Stephens,1,1980,12,3,2219,17,184398,292,15,107,9,0,130.9533080757174,G,Major,90.58059301286312,65.0188267654656,87.74472139888536,6.364047942241662,9.18142401763069,15.67167335016604,27.79588477317367,1980-12-03,0
Worst Day,Future,1,2014,8,23,929,14,179721,108,1,173,9,33,147.92423773955704,C#,Major,82.54879899469825,70.36225558761306,85.14579921866245,17.500034698497018,1.367336710053717,6.18290006189639,24.69971435644751,2014-08-23,0
B.O.T.A. (Baddest Of Them All) - Edit,"Interplanetary Criminal, Eliza Rose",2,2017,4,20,3248,10,59760,112,17,180,5,45,92.62397060743004,Unknown,Major,54.03756502450136,55.71054696797107,58.13356360665529,64.94536031632587,43.05725241023296,45.28861165590457,13.773719338523607,2017-04-20,0
Acapulco,Jason Derulo,5,1964,9,29,4139,11,152224,66,9,158,0,38,106.67287156439336,A#,Major,56.168935418447866,49.38676182541198,51.86800047838534,64.68017678860973,40.00974965177533,32.98545519685885,10.29768838847639,1964-09-29,0
Space Song,Beach House,3,2003,10,15,3495,15,187210,153,14,33,4,17,106.7949698325344,Unknown,Minor,40.33887286150016,42.80631125691101,32.29997111868667,54.59165305566945,28.62069033184189,44.63145135861862,5.281596808716808,2003-10-15,1
DARARI,Treasure,1,2001,12,6,3469,0,4007,50,3,74,4,27,134.34296118979796,Unknown,Major,86.15815208544355,61.21991068421072,87.63036091699236,22.204021871181805,6.58768323955914,7.253345667304883,23.74417372402448,2001-12-06,0
Bloody Mary,Lady Gaga,3,2015,11,14,4791,4,92685,167,9,110,5,36,108.14982810682592,A,Minor,43.83232788108581,53.06914310496606,41.36560712786742,61.74788869355661,47.74478714532478,51.70197571344367,11.759970699072452,2015-11-14,1
Sï¿½ï¿½,"Anuel Aa, Myke Towers, Jhay Cortez",3,2017,2,12,2858,19,28045,233,16,20,4,30,142.0859434402377,F#,Minor,77.7136707736309,60.68647341021253,85.84119996905358,5.298173153042662,3.0700528376834955,15.539686903165494,23.38585620204487,2017-02-12,1
Vai Lï¿½ï¿½ Em Casa ,"Marï¿½ï¿½lia Mendonï¿½ï¿½a, George Henrique &",3,2008,5,22,395,8,25309,100,6,67,5,6,145.9030489497082,G#,Minor,77.18028317261077,67.49553164194296,82.06881952988219,13.370457622023777,1.878931583123985,16.85087290441146,15.414422906969664,2008-05-22,1
No Lie,"Sean Paul, Dua Lipa",2,2020,6,26,3787,8,100317,94,8,182,4,37,108.89050526651612,G,Major,55.950780822212586,54.15603922360688,54.4906920337172,52.88980461472043,46.93897302476802,59.40598571251262,7.612130673057242,2020-06-26,0
Love Language,SZA,2,2018,1,21,875,6,38857,256,13,159,2,49,94.17196257004753,A,Minor,44.11410055616881,59.19814440164357,34.13119918438256,59.553500931049015,23.10408652221366,50.21835326599667,9.565851597230024,2018-01-21,1
California Love - Original Version (Explicit),"Dr. Dre, 2Pac, Roger",3,2001,12,17,4437,18,141318,172,3,81,7,34,135.93682823116535,G,Major,92.749907096589,70.20554248359487,80.02982974385016,6.331535284995935,9.748393479720006,19.403604925261348,20.439867330528187,2001-12-17,0
MIENTRAS ME CURO DEL CORA,Karol G,3,2011,3,13,2771,4,117923,167,9,138,6,5,149.47889596650376,Unknown,Major,77.26697335850398,69.81156727640634,83.65831872798645,8.66020323639033,2.947065910874156,10.34290846760891,16.721463534871553,2011-03-13,0
Silent Hill,"Kendrick Lamar, Kodak Black",3,1988,9,5,2151,6,31233,257,10,123,2,47,130.00221288632252,C#,Minor,93.40516617316234,71.2956807121866,78.32179070758598,9.863146084586916,3.639107549601648,14.704535948949095,15.652673838404864,1988-09-05,1
Snow On The Beach (feat. More Lana Del Rey),"Lana Del Rey, Taylor Swift",1,2007,9,3,4880,4,20451,172,13,193,4,33,99.24273174947908,F#,Minor,53.429207613251705,53.98354101365428,57.25493289435184,52.81950177401982,49.74049764512115,57.450370600045375,9.37113457520898,2007-09-03,1
Cool for the Summer,Demi Lovato,3,2005,9,11,533,17,183023,118,3,136,9,26,106.9250016289099,F,Minor,55.864383702595646,49.74848516343311,52.10803887482876,45.26257316048088,49.40494636846027,39.42212231963983,6.517215283929327,2005-09-11,1
Un Verano Sin Ti,Bad Bunny,4,2020,8,18,1392,3,152736,11,0,139,1,26,143.9721478502022,F,Minor,80.48237025444054,62.766279657192825,74.94852861643169,5.995211051064178,7.65310976257688,11.5720971297987,21.30628632449659,2020-08-18,1
In The Stars,Benson Boone,4,2022,8,26,4927,15,55218,88,10,85,0,2,132.15775543466668,A#,Major,87.5656897925937,69.68183799943644,88.13354644329345,10.293435763894418,2.794721910265777,19.952824451672257,24.002863681549684,2022-08-26,0
Say Yes To Heaven,Lana Del Rey,4,2004,10,12,3276,9,105157,36,12,190,3,28,131.4907364747851,F#,Minor,92.9859212497563,64.29988620899312,71.46126978796855,15.428068867992168,6.297128736445556,6.838140749516366,26.83634882257777,2004-10-12,1
212,"Mainstreet, Chefin",2,2002,1,27,3350,14,168735,43,9,163,5,21,91.95296193450876,D,Minor,41.36432222428361,58.15305146890525,37.3239688473033,63.95133802782273,24.878330864199047,47.28908925557245,5.669167567246393,2002-01-27,1
Bound 2,Kanye West,1,2009,6,23,1717,3,55164,261,19,152,3,5,104.84221614370946,C#,Major,45.76272928159579,44.4226072686232,48.98187693405213,61.86588983687177,43.54843407122307,57.22302930484001,5.168317956611203,2009-06-23,0
Neverita,Bad Bunny,5,2002,7,20,3932,3,153745,216,4,100,4,20,130.0273169549755,A#,Major,92.68016807301336,64.54899667907226,84.15311181208293,8.92466539621083,8.309148588152137,14.089220439848257,15.115206314014335,2002-07-20,0
Stefania (Kalush Orchestra),KALUSH,5,2022,9,13,2719,9,110842,204,9,20,7,19,139.46038675778422,D,Major,78.4487559370313,60.71419217734306,70.06040305196395,24.807039529365987,1.007000641453687,9.235597488090844,18.898954375955167,2022-09-13,0
What Else Can I Do?,"Stephanie Beatriz, Diane Guerrero",1,1976,4,20,472,5,29192,32,6,36,9,33,95.9523113835816,E,Major,46.281606852148535,50.58892970585818,43.60655571484425,63.80577139719975,30.34382538691452,32.46286122253982,6.639119847127142,1976-04-20,0
Hummingbird (Metro Boomin & James Blake),"James Blake, Metro Boomin",4,2008,12,2,3280,17,133947,263,0,134,7,34,135.64436933116957,F#,Major,75.92982576830566,67.5698350454702,82.62065220199237,20.39445500743196,0.2267881621095246,7.621467593535997,24.688103106748613,2008-12-02,0
Selfish,PnB Rock,5,2015,12,15,3522,18,81077,183,7,43,0,12,145.3774851049943,C#,Minor,93.12958556408849,68.70748331038686,87.21012943808864,17.112807570386554,2.0751654370650883,17.197089266925843,21.916529184251196,2015-12-15,1
SUPERMODEL,Mï¿½ï¿½ne,3,2008,2,9,2119,4,171737,87,11,94,9,32,99.15314226626066,G,Major,44.96662766462549,41.982922489476586,37.82170003641565,44.6931590050198,23.143741508587617,52.94690272299718,11.823324816577042,2008-02-09,0
Vigilante Shit,Taylor Swift,5,2000,4,1,682,15,36667,251,5,27,3,39,143.06402760206052,E,Minor,78.60710943790579,72.46347220599408,70.20372271041451,24.95736808108083,4.020258780318456,17.43958512674093,24.26341810538539,2000-04-01,1
Superhero (Heroes & Villains) [with Future & Chris Brown],"Future, Chris Brown, Metro Boomin",3,2002,5,2,1656,1,80633,257,12,154,5,20,144.99771499371883,F,Minor,92.75290315198666,60.265329290979466,81.24045088116351,22.960205519249087,2.346793190452501,10.153267438051484,27.065535733743037,2002-05-02,1
Cupido,Tini,5,2007,1,6,4021,1,13258,30,8,162,6,9,96.77370283292844,A,Major,41.711852337904745,53.99729763264666,48.75260628970678,64.89518830564067,43.02665641976546,40.12711035442285,10.581379633249774,2007-01-06,0
Oh My God,Adele,5,2021,1,6,1936,1,154324,125,7,55,0,32,133.78261765653792,C#,Major,94.99567675453386,65.30300849155071,76.49929651128014,24.12981679796172,0.387075258593359,14.959158869883716,21.542922988952192,2021-01-06,0
Belly Dancer,"BYOR, Imanbek",1,1993,9,8,2788,4,17167,276,1,182,2,12,102.69472466471628,C#,Major,57.34808956016055,47.60568578482118,46.4547746559126,51.0311495303102,39.350884344022425,47.987918046658,8.466351417096273,1993-09-08,0
Ojos Marrones,Lasso,3,2019,4,22,763,9,135840,176,16,94,9,7,144.1846722691079,G#,Minor,77.50608984567207,78.16770550985953,78.19723913506333,20.13277476468425,2.835807760164922,18.493886369305628,22.260799811717025,2019-04-22,1
I Heard You're Married (feat. Lil Wayne),"The Weeknd, Lil Wayne",3,2011,8,30,87,9,90443,47,16,189,1,28,141.77654937281113,D,Major,83.46742888120326,66.1782997314671,74.29847113613393,16.315439045331885,4.758467564555319,14.080621182490958,26.810178331719303,2011-08-30,0
Igualito a Mi Apï¿,"Fuerza Regida, Peso Pluma",1,2018,12,12,3924,3,138855,160,17,131,0,6,147.76534322640688,E,Minor,93.3044245870068,75.9704349501465,74.0156748927065,7.4964815373721505,2.4789798817794315,10.31228255249039,27.98159766757445,2018-12-12,1
Ojitos Lindos,"Bomba Estï¿½ï¿½reo, Bad B",1,1960,11,17,1524,15,14701,190,15,78,5,8,149.21547774755325,D#,Minor,93.82701767526213,67.92177547688969,88.14634376912355,15.005677070475237,1.329081925505714,5.36680333907552,27.08019687960141,1960-11-17,1
"Besharam Rang (From ""Pathaan"")","Vishal-Shekhar, Shilpa Rao, Caralisa Monteiro, Kumaar, Vishal Dadlani, Shekhar Ravjiani",4,1977,10,14,1627,10,116997,253,12,135,8,23,142.06132742631863,G#,Minor,77.67289775875048,65.986217296236,88.05268929039114,14.612714257888516,4.835222080929135,13.97036041431403,16.313926265424236,1977-10-14,1
DESPECHï¿,ROSALï¿½,2,2021,10,21,3396,17,133776,160,1,62,6,48,134.65323472390622,G,Major,89.5125898930967,74.62171359283595,74.02498334086157,14.150380981043556,2.618342558176433,9.122260011606553,28.09510327903982,2021-10-21,0
Mary On A Cross,Ghost,2,2019,7,9,4567,14,168635,138,15,144,3,48,102.83212840719196,B,Major,50.75121399939651,54.50974662846289,58.96026673737533,55.98465755328142,25.449991997831848,48.61238936412121,6.978333115841635,2019-07-09,0
Adore You,Harry Styles,4,2021,12,24,4153,5,188868,171,8,171,0,41,99.82541414783664,G#,Major,41.56939557028887,46.37713749559012,32.676883975710595,55.007512321354966,38.172352354561816,51.38791242733628,14.07942197301508,2021-12-24,0
AM Remix,"J Balvin, Nio Garcia, Bad Bunny",5,2002,6,25,4505,19,177111,184,12,151,3,26,99.18780608703165,F#,Minor,54.75006387275852,54.57414812871093,47.695278234861874,44.08521547814432,30.518343528545635,36.13174293905752,11.420493513594844,2002-06-25,1
Malvada,Zï¿½ï¿½ Fe,4,1991,11,7,304,8,75927,117,8,171,1,10,98.27528529543994,F,Minor,51.01288305962718,46.90106771854059,31.14569089222798,53.74376958120256,26.42743711955896,57.20896040363956,8.77162821925614,1991-11-07,1
People Pt.2 (feat. IU),"IU, Agust D",3,2022,1,9,2446,7,58973,96,8,145,2,4,131.722086675337,G,Minor,78.88093764740071,68.261292294707,74.11992841163408,5.757054530434782,3.625686119510772,8.207277402310122,29.87178444599907,2022-01-09,1
Pope Is a Rockstar,SALES,3,2018,8,13,2320,1,152690,36,6,9,3,11,105.13721092807842,E,Minor,52.0754130118814,52.50177254540394,30.21747380328129,45.43784694777159,44.89436247121441,51.84125445027604,8.035921370348072,2018-08-13,1
Midnight Rain,Taylor Swift,1,2004,12,3,2562,0,167545,55,3,155,5,1,130.2116699603888,Unknown,Major,89.47177383234127,72.42578525868679,80.42533636656653,10.486147795287124,9.173890746588908,5.216888051544793,19.94133318850292,2004-12-03,0
Makeba,Jain,5,1983,11,12,2909,0,131802,26,12,83,4,43,139.56144538860963,D,Major,93.08156663851238,70.57425126478635,77.81383381416384,20.880349235083685,9.760732374111097,11.0260881845274,15.622983519409464,1983-11-12,0
Boy With Luv (feat. Halsey),"Halsey, BTS",1,2010,6,18,3704,3,16450,205,10,115,4,24,102.77698159982288,B,Minor,44.20485602119963,49.85369283718596,45.3462166199781,49.97418148035008,31.070774046354632,46.82718489281597,5.777792961729354,2010-06-18,1
Ghost in the Machine (feat. Phoebe Bridgers),"SZA, Phoebe Bridgers",4,1984,10,22,3866,5,6058,52,1,172,8,31,143.96014916992291,F#,Major,82.79595254637512,69.79855238658153,85.74439158468614,18.78226940566304,5.260952661984319,15.422718784575006,24.041866332052905,1984-10-22,0
Tak Segampang Itu,Anggi Marito,3,2022,4,16,3884,15,194245,34,2,195,6,3,144.84549638695825,F,Major,90.74879306292588,71.67940353689168,88.14272008834945,22.43499789798116,7.861025904347104,10.729969228156522,16.15542180067403,2022-04-16,0
It's Beginning to Look a Lot Like Christmas (with Mitchell Ayres & His Orchestra),"Perry Como, The Fontane Sisters, Mitchell Ayres & His Orchestra",3,2011,10,7,3606,4,41984,58,3,135,6,22,96.51954738310566,G,Major,50.79607226997436,43.28250430988003,51.48485183329835,47.10162621855977,42.93645398036067,39.428171376981,10.978139662676192,2011-10-07,0
AM Remix,"J Balvin, Nio Garcia, Bad Bunny",5,2014,2,12,1482,13,47059,268,6,190,5,32,130.29673922114935,F#,Minor,83.79315793271508,76.23490001499484,82.52867724486576,20.828933552588357,9.061537518117202,13.802084895474206,24.11824042672834,2014-02-12,1
Is There Someone Else?,The Weeknd,4,2012,3,25,2546,16,68940,188,0,121,8,14,106.93371983297686,A,Minor,48.94671314458443,53.6501925083588,39.22561213086392,54.134937255929614,46.21760972905862,35.965074770994875,13.95400559604389,2012-03-25,1
FEARLESS,LE SSERAFIM,3,2002,11,14,917,10,50369,229,0,6,6,10,132.7607635641733,G,Major,75.8552752386692,76.80919944534477,74.54849247300464,19.476664818933507,1.192143323329362,13.927224656673806,24.54972226801059,2002-11-14,0
Golden,Harry Styles,4,2015,5,25,4348,14,85284,21,6,177,7,14,133.11995236332532,E,Minor,94.98279076172804,70.89260030003793,73.55846474506615,16.184124515582898,4.417436262636616,19.995215351459112,27.688832275156678,2015-05-25,1
Say You Won't Let Go,James Arthur,5,2022,1,8,99,8,162155,245,1,80,5,24,145.9922895568584,A#,Major,79.80770917225007,74.16318482830144,83.40469975868113,5.227304107699233,2.1444484100185948,10.960944475882108,19.95826544853588,2022-01-08,0
Too Many Nights (feat. Don Toliver & with Future),"Future, Metro Boomin, Don Toliver",4,2019,7,30,4575,2,144255,195,13,184,0,49,103.75288832981671,G,Minor,43.972530903752,50.11228902710158,48.49223786285918,62.350054156653655,42.13162374444735,56.97175962320351,14.757083874390911,2019-07-30,1
Never Felt So Alone,Labrinth,2,2000,7,21,3801,2,86900,116,3,80,8,43,137.5290331439348,F,Major,92.0060528589038,66.05627651883265,72.32444927899337,14.167836089084997,7.790317515119355,5.833309849068984,21.115343037323047,2000-07-21,0
Angels Like You,Miley Cyrus,5,2001,2,12,3164,14,117450,241,7,88,1,44,142.3099204024088,F,Major,80.72298125569223,74.70232794437226,83.60757589403089,22.20011566195452,6.684056119462025,16.50957442210843,16.092121434246177,2001-02-12,0
The Rumbling (TV Size),SiM,4,2002,9,5,1906,1,55496,30,7,25,0,2,93.06155671852316,G#,Major,53.119827873190246,52.490264133561205,42.574009941970985,55.16189767782996,46.03291920800524,55.03996798209352,7.3693381550552575,2002-09-05,0
PRC,"Natanael Cano, Peso Pluma",2,1958,7,16,974,12,3038,121,13,42,3,24,103.11279214410366,G,Minor,46.63982891927003,52.03935294005584,53.7772208684873,41.65821318058668,36.39404922301111,40.943489448045455,11.55797819050574,1958-07-16,1
Take My Breath,The Weeknd,4,2022,11,14,2932,8,135434,267,14,193,0,39,95.9437012654359,G#,Major,42.84334969980181,42.292611937075264,46.94879764865913,67.97881829415138,23.624524684607348,37.92526837707052,13.92989940980757,2022-11-14,0
Yo Voy (feat. Daddy Yankee),Zion & Lennox,1,2017,8,15,1023,4,43377,153,13,36,2,22,143.9756625978817,A#,Major,78.72962126186523,75.04184422339377,83.76434582826474,15.388638266096535,9.081500185572123,13.505110756976345,18.86761377920787,2017-08-15,0
The Scientist,Coldplay,2,2020,3,31,2547,5,120980,246,12,148,2,20,149.9181779263664,F,Major,80.22097059911013,76.40900274695778,73.16414159182752,24.5792756470863,8.485535347956047,5.1076404735397,19.367533177271245,2020-03-31,0
Grapejuice,Harry Styles,2,1981,11,7,754,5,158821,210,0,174,5,19,96.3504656917374,F,Major,49.00943320418971,58.26583458556828,55.47655605302066,62.94736446692499,36.991191170234906,48.72212027149655,6.625692303388085,1981-11-07,0
Titi Me Preguntï¿,Bad Bunny,1,2014,6,10,4358,13,165229,169,15,77,6,25,148.14654440397544,F,Minor,78.51942304318091,70.2930502799092,74.23111014405039,10.238590280303873,6.901830871734167,10.769276926055245,24.397225744307665,2014-06-10,1
WORTH NOTHING,"Twisted, Oliver Tree",5,2004,7,17,193,17,58451,143,9,131,3,21,140.53352845094452,D,Minor,77.13959794898318,75.59842693938673,79.49872495716524,13.998529129360646,1.6633015354328262,12.023940050455067,26.876802195894093,2004-07-17,1
Sin Seï¿½ï,"Ovy On The Drums, Quevedo",5,2013,4,1,4599,0,78381,193,13,155,4,9,148.3427831541737,B,Minor,84.41268587396223,68.75286566628836,70.69454486463702,10.683312548942313,3.1095021522119657,19.55518323234015,26.5764279055486,2013-04-01,1
I Love You So,The Walters,2,2019,5,11,4814,1,110805,206,18,134,7,36,93.02840885454364,A#,Major,51.07791681274412,50.84642853730894,36.28313879639411,54.41028151601795,39.39334334906847,30.75099221386158,11.98172967767071,2019-05-11,0
Yonaguni,Bad Bunny,4,2008,5,26,4776,19,98393,143,18,135,0,49,140.85620570058774,C#,Major,75.12511591306064,61.50073010383435,89.14923529885948,21.734402255791224,8.885410059621453,7.135107711423913,26.12573408310828,2008-05-26,0
Gasolina,Daddy Yankee,2,2008,12,10,2314,5,6201,140,1,83,3,33,144.06778661733702,Unknown,Major,88.83963535212158,78.36635424791768,80.65803778363697,19.60520998835757,3.6194160579372423,19.46107621795232,28.95661156551108,2008-12-10,0
Cupid ï¿½ï¿½ï¿½ Twin Ver. (FIFTY FIFTY) ï¿½ï¿½ï¿½ Spe,sped up 8282,4,2013,5,29,1194,14,167726,241,19,96,3,8,149.3096438047232,F,Major,79.83407790953282,77.01100320361179,89.69050792882845,21.43958666970408,6.691847233501261,16.959980790145238,24.03541502434569,2013-05-29,0
Have You Ever Seen The Rain?,Creedence Clearwater Revival,4,2018,7,8,634,13,93821,228,6,19,2,31,137.10422252056009,Unknown,Major,77.35348764317736,71.01951020654681,76.27092782579294,24.32945075102571,3.0310120787145256,11.524220465429584,26.21393338105696,2018-07-08,0
Novidade na ï¿½ï¿,"Mc Livinho, DJ Matt D",1,1986,1,5,2647,15,178978,148,17,174,4,2,136.62266701236837,F,Major,88.66162779145677,73.14098430510394,70.44802351438304,20.117338050201667,6.189535335039546,10.876883447536509,18.91430595141317,1986-01-05,0
Ojos Marrones,Lasso,1,2001,11,12,1961,8,66629,233,16,120,7,41,108.20404288327276,G#,Minor,56.43128644620518,59.30226470109555,32.10784083945976,50.843601596641165,38.92028816305882,38.50591501887584,12.326216488074715,2001-11-12,1
Bound 2,Kanye West,4,2022,9,17,4999,1,67365,68,14,197,5,44,93.2455947766967,C#,Major,41.04254433287511,48.679461495459925,40.37543776942299,46.98806616859885,32.474955230883545,30.419830537990308,13.713594430489998,2022-09-17,0
Something In The Way - Remastered 2021,Nirvana,2,2010,1,31,2701,13,186161,154,12,92,0,38,136.59518750118835,G#,Major,79.81424148311397,63.155967473757336,82.2835737601491,15.660473029492506,4.079566912323317,14.744172831010667,27.21910600856115,2010-01-31,0
"Apna Bana Le (From ""Bhediya"")","Arijit Singh, Sachin-Jigar",1,2020,5,27,4336,0,129564,14,18,160,4,19,104.1033467584926,A,Major,59.19300907701342,41.989083446885225,52.83186416569083,47.60075816246543,38.41351406435538,34.389467551522195,6.046928738331331,2020-05-27,0
Si Te La Encuentras Por Ahï¿,Feid,5,1968,6,21,1459,12,105941,24,15,76,9,3,93.35451446658668,G#,Minor,58.169363953672814,43.84262831248347,37.79305561763084,45.49922862375321,47.12707580972404,36.778534563541,14.884566918981742,1968-06-21,1
DANï¿½ï¿½A,"Mc Pedrinho, Pedro Sampaio",5,2016,6,5,1203,0,92724,124,11,124,7,6,101.44820550944456,A,Minor,49.30375330286142,50.6743940478739,44.973001595625526,49.76302851625722,21.01088188566831,46.44651156758499,9.479203913750892,2016-06-05,1
Fin de Semana,"Oscar Maydon, Junior H",4,2010,3,16,1311,11,196365,60,0,86,9,18,142.90184220180362,Unknown,Major,93.76353116003048,75.28551624533485,89.13760944045372,15.897073661842771,5.543259504759285,19.9861863844964,17.65446993062246,2010-03-16,0
Todo De Ti,Rauw Alejandro,3,2022,12,19,554,11,38884,154,12,189,2,25,145.61466848891166,D#,Minor,86.408775355931,66.1324569561116,85.9102242029008,15.597493418831716,0.7203583232567712,16.858190214469275,23.902723329471662,2022-12-19,1
Mr. Brightside,The Killers,3,2015,5,26,1138,6,47434,233,15,198,1,41,98.5178124169333,C#,Major,48.57631670976753,45.2706132111871,46.81845519723117,48.74593708173797,32.37879829409082,39.75763920136346,11.639658706555949,2015-05-26,0
Gone Girl,SZA,5,1994,1,22,3207,0,178987,115,7,15,7,49,99.6525679171371,F,Major,57.655696584250975,57.65850156001899,50.86039350441381,42.63898665494962,31.482790505788017,50.15498897758252,13.03480874614936,1994-01-22,0
CUFF IT,Beyoncï¿,2,1960,5,26,198,6,5804,24,2,25,3,3,130.59290589125763,G,Major,89.93530579241079,61.551659163074696,84.97875513251495,13.235012418044374,9.163454010293396,14.55386642859608,26.357266691586982,1960-05-26,0
Dawn FM,The Weeknd,5,2012,2,5,926,6,26298,296,8,135,7,24,92.42811022779952,A,Minor,56.0289299464264,58.69346436308194,58.82760570223198,59.7223253497282,41.38176188881869,51.317596228534384,11.15815280905047,2012-02-05,1
Life Goes On,Oliver Tree,2,2003,3,24,1063,7,71712,243,13,148,4,30,97.12800068730871,Unknown,Major,59.62405802134456,47.48323190673536,38.854756188099216,51.80573682322101,32.5022548695938,35.2692638761975,14.390718153445809,2003-03-24,0
La Bebe,Yng Lvcas,1,2010,3,4,179,4,147671,273,2,197,6,44,92.79050591171882,D,Minor,44.95128418468645,42.845283666685575,53.11709503832604,41.81410635892397,46.42649835807661,49.12826018829711,9.742607517979678,2010-03-04,1
Dreamers [Music from the FIFA World Cup Qatar 2022 Official Soundtrack],"BTS, Jung Kook, FIFA Sound",4,2020,8,11,4072,0,12540,51,14,84,3,36,146.13243409130388,Unknown,Major,88.75490783572923,73.558354649426,88.55054473325801,6.725440424137399,8.895887543081336,19.16621976451465,15.050597212910604,2020-08-11,0
Ojos Marrones,Lasso,2,2015,8,10,2866,10,195608,253,13,138,9,35,105.13728796375833,G#,Minor,56.913785842349725,50.80785831419969,49.95530673404147,54.035457248120025,42.1379633967605,53.0361640900465,11.639374357383431,2015-08-10,1
Smoking on my Ex Pack,SZA,2,2006,9,19,3160,1,67833,266,19,17,8,21,146.69608166742302,G#,Major,93.79391198795882,73.75346008065907,70.26316487702736,23.38467993648681,5.7271851585806655,6.982524187464559,28.646517493087902,2006-09-19,0
Rolling in the Deep,Adele,4,2011,10,16,1957,14,109506,63,13,98,8,11,93.84386106461577,G#,Major,55.26023617228826,49.31667113291811,42.15490957625732,64.40350930364147,28.75600044059692,56.960603014462365,13.750982273697408,2011-10-16,0
Vista Al Mar,Quevedo,2,2016,5,27,4069,14,99367,149,9,58,2,20,101.44348376548255,Unknown,Minor,55.05180866248414,55.40381337294343,57.025384515916,66.26919849019318,43.41178850622505,51.17229822392165,11.144020259283511,2016-05-27,1
Yonaguni,Bad Bunny,3,2012,2,14,4471,7,23141,279,13,38,7,39,149.3340630750222,C#,Major,87.80646148114853,60.20806336961636,72.29057165535113,21.292968283457785,7.575402622586566,18.470299597727102,24.226469346817005,2012-02-14,0
Too Many Nights (feat. Don Toliver & with Future),"Future, Metro Boomin, Don Toliver",2,2019,6,29,996,11,182109,191,0,176,4,9,136.13739450381902,G,Minor,94.50333338468316,77.75412006687118,84.77863223441378,16.314842242957322,4.2482788037318375,18.45976928833838,16.506173813628113,2019-06-29,1
Seven (feat. Latto) (Explicit Ver.),"Latto, Jung Kook",1,2021,5,17,4857,19,83379,199,18,146,7,43,93.6722005530842,B,Major,55.54175552726642,42.75919773921361,59.36390610275954,49.34644077641126,28.77134195303612,37.29494513957266,5.837269190136494,2021-05-17,0
People,Libianca,5,2015,2,16,1667,8,77212,121,13,35,8,17,105.4381898803459,A#,Minor,55.406483600648045,41.265121581465614,44.319774198319976,51.49363689795035,36.14680457641597,57.67077536610667,9.995680132774408,2015-02-16,1
Blinding Lights,The Weeknd,3,2017,7,16,154,18,92916,273,7,56,8,7,133.22671706624172,C#,Major,76.43875565993939,70.21709031443079,85.04755384494815,15.10032187163221,1.7443237706800196,18.07414535146284,16.043667404331163,2017-07-16,0
Miracle (with Ellie Goulding),"Calvin Harris, Ellie Goulding",3,1968,2,1,4126,5,177485,284,15,109,1,11,104.78167964974324,A,Major,46.3921048936579,55.9271646885778,53.77749913976315,57.03086543564896,38.23157156705533,30.10358472718589,9.106229274051188,1968-02-01,0
You Right,"Doja Cat, The Weeknd",1,2022,9,9,264,11,132885,183,0,46,9,15,135.6991129267444,G#,Major,78.51689464328837,78.12432323770045,89.63797051002496,6.521394651811708,7.387729251160895,12.901734806988088,22.358608266210418,2022-09-09,0
No Role Modelz,J. Cole,5,2011,6,22,1964,12,15835,274,4,124,0,30,135.6879513074397,A#,Minor,76.0467422681424,68.86813671584287,89.77296581923511,21.022612860932718,0.4519493094620996,9.042993364543596,18.069162779761967,2011-06-22,1
LA CANCIï¿½,"J Balvin, Bad Bunny",1,2008,1,20,529,4,36869,105,19,133,6,6,94.34087430911832,G,Major,43.38172834756877,43.18195094951848,31.494382069018087,69.73664821625147,32.58603123524608,31.087029906738334,13.008815530766991,2008-01-20,0
Master of Puppets (Remastered),Metallica,3,2014,7,8,1046,12,105755,283,17,136,7,25,90.36201882187788,E,Minor,55.89664074281095,44.97826782117399,58.1249199009248,53.606635833533375,20.81214593093228,48.44630975480398,6.810811462849332,2014-07-08,1
Ella Baila Sola,"Eslabon Armado, Peso Pluma",2,2005,1,7,3683,14,102832,210,10,25,3,42,141.0551589594856,F,Minor,82.26699011537964,69.04754373276946,72.340994500539,14.400348496076305,0.6309267847052635,10.426146173677248,18.26356706221612,2005-01-07,1
ULTRA SOLO REMIX,"De La Ghetto, Feid, Polima WestCoast, Paloma Mami, Pailita",5,2009,10,26,4305,16,177614,174,5,196,1,48,97.69622046518184,C#,Major,42.66668729610754,50.303711066571225,41.84709703844551,45.1280234225327,36.46076507143431,57.51761763833581,9.187401996588129,2009-10-26,0
Brividi,"Mahmood, Blanco",5,2020,12,19,4962,2,136648,206,11,21,6,19,137.45549382636835,G,Major,75.04633222864456,62.182780827269085,86.03261646560384,14.956274540112997,5.14766361163403,8.921746364706062,27.91612821235508,2020-12-19,0
Tattoo,Loreen,2,2005,6,27,4334,9,113764,138,14,197,7,33,147.83803921139958,D#,Minor,81.58251310363597,71.35189344781901,71.37766025979307,20.21302654414629,6.896530211874575,5.003046994973527,20.817052708885225,2005-06-27,1
El Apagï¿½,Bad Bunny,2,2004,2,24,368,0,25112,129,15,117,6,32,147.2350711962849,G#,Major,80.15878435156563,73.46082588163797,88.69888208293952,20.967796607978904,7.844077278986061,11.522501922525072,21.08087481498721,2004-02-24,0
Sweetest Pie,"Dua Lipa, Megan Thee Stallion",5,2012,4,13,4072,19,164189,14,13,86,0,2,148.88477431595774,G,Major,82.05248464005473,63.40729768673052,87.63716934594181,15.666008660977068,6.227210031808329,14.008539679991529,15.524933210471335,2012-04-13,0
Leave Before You Love Me (with Jonas Brothers),"Marshmello, Jonas Brothers",5,2011,10,9,1731,19,143868,167,14,41,0,8,143.92339693060754,G,Major,81.9367389692432,65.41230642999774,80.73437327078294,10.603114538998264,3.730373620602394,8.002868576665087,28.29641767876343,2011-10-09,0
"What Was I Made For? [From The Motion Picture ""Barbie""]",Billie Eilish,5,2017,7,9,1216,11,189827,211,16,188,5,3,95.75796262832688,Unknown,Major,46.87886360820745,55.15410885650478,46.57210019988422,57.75692762738752,32.05772301833564,52.59341302329851,9.68782211494321,2017-07-09,0
Butter,BTS,1,2019,8,31,2283,16,144416,285,13,102,9,5,132.41840694828517,G#,Major,87.17117122326634,62.765271594003245,77.89139832779439,20.722973910853213,7.039266865511676,16.062129824377553,29.67714886633239,2019-08-31,0
Callaita,"Bad Bunny, Tainy",3,2008,9,17,4538,19,199089,198,14,60,8,42,133.9297757609662,D,Major,81.69646902431228,64.07261703039187,76.75909819853509,16.383964644931176,4.717208374337503,12.894037463650267,17.55619825097819,2008-09-17,0
Lavender Haze,Taylor Swift,5,2019,12,30,2266,7,64019,124,10,134,8,40,131.50734734888155,A#,Major,86.21022046735087,73.28869756782899,86.25912063782036,11.68086340046482,8.370075846925802,15.10003074158516,20.238239307790565,2019-12-30,0
traitor,"Juan Cruz Toledo, Huilen Toledo",4,1991,5,6,2909,15,146999,294,0,60,9,43,98.71671830674802,D#,Major,43.30502578487805,46.99785127310473,47.19163825565139,66.56934494381025,28.74437370645221,33.9206513715416,7.457447681525421,1991-05-06,0
SUPERMODEL,Mï¿½ï¿½ne,2,2021,2,16,62,0,154988,52,10,192,1,39,141.9171011299078,G,Major,82.07657379040532,62.032091551942926,82.35591380868986,23.82270508252589,8.97073122191561,18.285183324659187,23.08262778926148,2021-02-16,0
MONTERO (Call Me By Your Name),Lil Nas X,2,2021,4,6,1951,3,70430,272,17,61,7,16,101.80411012983645,G#,Minor,52.47155994154824,59.73319682975442,32.104460387319136,54.74087144008182,44.55358761445449,32.49110275090285,5.363496234179576,2021-04-06,1
DOGTOOTH,"Tyler, The Creator",3,2021,1,4,3925,2,61297,195,1,102,2,17,92.04794727291258,G#,Major,41.20260243270412,44.58257736849821,36.35544031577143,60.81496499195794,49.38360684399984,32.06949164325857,5.945255878563805,2021-01-04,0
Columbia,Quevedo,4,2004,1,20,2140,16,181887,252,7,189,8,13,106.77277530104,F,Major,50.931775466921096,48.84149381553033,30.82895438365217,67.19732181357539,21.785837982015224,49.66013565191509,9.492953341530797,2004-01-20,0
Better Than Revenge (Taylor's Version),Taylor Swift,5,1963,10,25,4137,1,136422,25,19,26,5,7,131.9461157725084,B,Minor,92.09012091355174,61.69052258256941,89.1524052009634,22.481399146440275,4.429993803676834,7.095383576615463,25.754584757871637,1963-10-25,1
Karma,Taylor Swift,1,2007,1,1,4156,4,128677,247,17,139,3,27,136.95490359867435,G#,Major,77.45862623440667,79.94772632048557,70.73326985803676,24.538296284072786,7.659545402877372,7.876340179354788,26.564514087442436,2007-01-01,0
Don't Be Shy,"Tiï¿½ï¿½sto, Kar",2,2016,8,21,339,3,44230,208,4,11,9,25,139.2466151907149,B,Minor,88.58976883365176,65.82499691982581,88.59696318094181,17.249753933654077,1.8230404300272152,6.79255412162383,17.258345553725793,2016-08-21,1
Take On Me,a-ha,1,2010,4,10,4538,15,66657,56,16,127,1,10,107.8527392931194,F#,Minor,53.13941039672568,55.18099927120716,35.14765976114842,48.60508702083191,41.08382945999422,36.32773093215008,10.25588693707653,2010-04-10,1
Apocalypse,Cigarettes After Sex,1,2008,3,16,2571,1,169599,80,17,13,9,15,100.72163070885418,F,Major,42.33836913928633,58.32256360130651,53.14417287079141,58.98049209661086,32.25343429209989,59.02330731792886,8.041377668636036,2008-03-16,0
HAPPY,NF,3,1990,5,19,1474,4,78119,89,11,176,9,2,134.38692322204216,G,Major,77.9818792604808,65.5685145278258,82.59243694555168,10.864668559069424,9.282352860576642,11.127921293699682,25.487531417580907,1990-05-19,0
Father Time (feat. Sampha),"Kendrick Lamar, Sampha",2,1973,7,13,2610,0,140151,95,19,130,3,22,96.73092267954245,A#,Minor,51.165331607004845,46.34756024283692,50.51017894737242,64.73803591115447,45.479676608112094,59.4023446965281,6.226401534635521,1973-07-13,1
Dakiti,"Bad Bunny, Jhay Cortez",3,2005,1,4,888,15,116913,124,19,27,2,9,95.12842752625856,E,Minor,42.315005504888966,48.01581051048979,33.95709605619767,44.686546093288925,25.385743994486887,40.37813241821625,9.68870321035764,2005-01-04,1
MONTAGEM - FR PUNK,"Ayparia, unxbected",2,2022,12,4,2749,1,34572,49,8,159,1,6,101.15914205236732,A,Major,47.50047725977036,41.45197324073837,58.65345319738373,53.59986585629776,44.21829379665087,37.79301234830128,13.127137590942906,2022-12-04,0
Quï¿½ï¿½ Ago,"Yuridia, Angela Aguilar",1,1955,12,31,4803,8,60388,165,13,18,8,47,106.84348818888868,B,Major,50.817966184496576,47.6405603881334,54.93184879904501,47.38063577922691,43.884478837325965,30.938215083422605,14.345060201884664,1955-12-31,0
What It Is (Solo Version),Doechii,5,2002,7,14,3762,10,53102,284,15,166,8,8,148.87331702760085,C#,Minor,77.26712413628175,66.36586212926443,75.3880570411747,21.72829275683385,8.064553653281234,13.76894842155549,28.856933731374813,2002-07-14,1
Dos Mil 16,Bad Bunny,4,2014,11,1,3998,12,43791,16,13,82,0,39,105.4315905726971,C#,Major,48.47729880134927,40.92422420341694,35.42250635115909,49.29804606010419,26.32011333114863,38.390636870170326,10.3684827233877,2014-11-01,0
Vigilante Shit,Taylor Swift,3,2022,12,26,3721,17,108386,116,19,72,8,2,136.05155745639223,E,Minor,89.44778675768579,63.73586392464468,83.64337980685045,24.012151617233823,3.707227832682495,18.23375768385757,28.40985892621483,2022-12-26,1
Dos Oruguitas,Sebastian Yatra,4,2019,7,22,1161,14,84413,228,14,18,4,36,104.65365151651538,Unknown,Major,51.43240744351026,47.46909102866295,48.96543558022435,49.50134786387208,27.65222403582628,37.487822350311454,9.386513836252837,2019-07-22,0
Take My Breath,The Weeknd,5,2003,10,28,3895,14,92066,97,7,114,2,14,99.49862250117516,A#,Minor,47.46206488341499,53.03518022933989,40.78528723454211,48.31372883063707,35.758817584938505,58.95895560472189,14.445468421612723,2003-10-28,1
Arcade,Duncan Laurence,1,2013,11,23,2469,0,73748,118,15,121,2,34,100.74120583094442,A,Minor,55.85288315494871,59.75590040949565,56.302007855359776,60.932056265399495,42.04243525566164,55.80021298788464,5.903592954917043,2013-11-23,1
Dos Oruguitas,Sebastian Yatra,1,2015,11,10,2423,6,172483,290,2,175,1,46,109.10174497609182,Unknown,Major,53.43290352404591,57.13319970227556,50.63304252460952,57.60834545541202,29.46600930246761,35.85961642623553,13.183773048254473,2015-11-10,0
Boyfriends,Harry Styles,1,2017,1,10,1726,12,172590,53,10,125,5,32,109.48552422348033,Unknown,Major,45.117403841659545,44.71686510133926,43.13758427308191,46.32963908364985,23.585835429503813,49.61416406124282,14.188743202626592,2017-01-10,0
Me Arrepentï¿,"Ak4:20, Cris Mj, Pailita",4,2015,2,18,4870,4,89202,110,2,125,5,8,97.5144256762017,Unknown,Major,51.744172724325765,42.7826684594468,59.792076194592255,63.850798598111865,35.750119531367915,34.385699979021496,9.065847977497496,2015-02-18,0
Sial,Mahalini,1,2009,11,17,4481,1,50795,117,17,140,3,38,137.3557848419306,D,Major,83.48144583827715,71.93735501346215,83.24028055208082,14.077838859629455,0.5323114899916481,15.855785909059842,20.59264503876758,2009-11-17,0
Seï¿½ï¿½o,"Shawn Mendes, Camila Cabello",3,1997,12,9,1777,5,3450,142,17,125,3,28,142.66585254480194,A,Minor,88.84507723964617,67.08000444932657,78.7660670564533,19.68594767134579,4.443660756906468,19.522825730240932,28.44618024549177,1997-12-09,1
BackOutsideBoyz,Drake,2,2013,9,23,4317,15,11426,72,5,98,8,32,135.65512947482296,F,Minor,92.29622941777345,65.30223602113487,78.53316736734627,6.367169530633481,4.791563942306588,9.880790657998508,27.59218890647402,2013-09-23,1
STAR WALKIN' (League of Legends Worlds Anthem),Lil Nas X,1,2020,9,8,4980,6,144497,72,4,25,7,14,141.11180363704287,D,Minor,87.87052585706675,73.44579080513583,85.60176802912969,20.684592796488104,9.149963233252809,19.22577206362027,17.621137015892664,2020-09-08,1
Swim,Chase Atlantic,1,2016,12,22,3325,18,48751,17,8,11,3,33,143.6742685131623,G#,Major,94.9738232869209,73.82641597244094,87.21211920858323,24.913381159002117,6.5594421108761605,14.861618205848057,28.354000158628885,2016-12-22,0
Save Your Tears,The Weeknd,3,2008,1,29,3002,7,92245,231,9,30,5,47,144.9929328365258,Unknown,Major,90.19704725784185,62.30958924235647,84.64669445692208,21.798393607598022,9.34085685645298,8.19119065706512,17.113878156536458,2008-01-29,0
X SI VOLVEMOS,"Karol G, Romeo Santos",1,2012,7,23,2842,16,115788,193,7,12,4,37,139.52394154728574,C#,Minor,84.16930421854761,71.43419469312356,73.85735667656465,13.674107094999236,0.8820508659243909,7.945712679156536,28.89831047551448,2012-07-23,1
Everybody Wants To Rule The World,Tears For Fears,1,2014,6,8,4708,17,176913,153,14,138,5,29,144.024965835498,G,Major,88.77121814501908,74.95645967285705,73.25880406116009,13.231064544134124,9.244973508248448,16.856398028478516,19.0700138259754,2014-06-08,0
Good Days,SZA,3,2002,2,8,3834,10,165988,244,1,9,6,21,100.46709581961017,C#,Minor,57.00736062569226,47.61830391262605,39.7821457984945,49.22079154012778,46.02064974734933,31.71724114999588,11.168673116946378,2002-02-08,1
MERCHO,"Migrantes, LiL CaKe, Nico Valdi",3,2017,3,2,666,5,93132,41,18,168,8,7,134.95608605660402,F#,Minor,91.8353609907598,78.44127432486533,74.82322159991882,7.14502309592649,3.1531130709653112,19.50190816149273,18.37056350102453,2017-03-02,1
Softcore,The Neighbourhood,3,2002,6,3,3460,6,88456,166,10,84,0,22,144.6998651155202,D,Major,78.29622452814458,79.03833543585469,79.46640571094376,21.30763727709249,5.90723168021945,7.659342233702407,24.41653651986738,2002-06-03,0
Kiss Me More (feat. SZA),"SZA, Doja Cat",4,2021,11,20,3106,17,103619,75,1,21,3,19,140.1048555076271,G#,Major,85.0516306559973,68.34263999143641,72.11108983985983,18.865846362168533,0.6751865276046554,18.650094176001176,18.69976258721207,2021-11-20,0
Antes de Perderte,Duki,1,2008,9,16,3332,3,21701,141,8,38,8,14,131.03116448082707,F,Minor,90.18430877304424,78.92768591088654,70.78582694959528,22.56578615100335,2.5248962086655027,11.9644591642434,25.32084653863993,2008-09-16,1
Just The Way You Are,Bruno Mars,1,2009,7,18,4921,18,124645,219,6,153,9,17,136.16425943255865,F,Major,90.34812290052416,67.81659776434674,88.10645797135828,17.282934013131417,3.529164748769574,14.956077961923766,18.51605093678571,2009-07-18,0
LOKERA,"Brray, Rauw Alejandro, Lyanno",4,2003,11,19,835,2,2852,230,16,58,6,2,99.10889100486617,B,Minor,41.27261916621676,55.20377319003655,41.2779733871631,60.10646422138372,32.40731154244562,37.63537327139667,5.127630066071004,2003-11-19,1
Marisola - Remix,"Duki, NICKI NICOLE, Cris Mj, Standly, Stars Music Chile",2,1986,5,5,4593,7,46930,183,18,96,3,23,133.03193590471923,C#,Major,86.27853376516025,65.78381998421497,83.3808597353273,7.077848289056934,3.807478299408426,19.113045368571044,15.202048493407936,1986-05-05,0
Last Night,Morgan Wallen,2,2017,5,22,1186,3,109791,54,18,41,6,20,141.20867659945927,F#,Major,85.89882375991363,73.53120287951388,79.42331001544562,14.125918626164369,7.247117819569392,12.966601529706228,17.469218102998383,2017-05-22,0
Save Your Tears,The Weeknd,1,1969,11,17,2821,8,169963,107,2,40,0,41,95.63194076776416,Unknown,Major,51.65393228252296,43.45198180804181,34.476319124191456,57.138026079485925,46.21541125104329,47.619420835108095,5.31427491164513,1969-11-17,0
Malvada,Zï¿½ï¿½ Fe,1,2021,11,2,3031,9,124655,40,5,16,5,36,98.2757143540023,F,Minor,43.44035700440393,52.81297467975392,52.93457773423401,65.62566344860252,27.14230635677472,42.59654221483311,11.674844579908696,2021-11-02,1
PROVENZA,Karol G,5,2019,12,8,2117,10,123878,279,7,35,9,26,141.8885299984118,C#,Major,77.02452299700386,71.8612701070466,71.29257862856858,10.157800023678863,0.234560345432323,12.55947000477044,16.210298862317114,2019-12-08,0
Gangsta's Paradise,"Coolio, L.V.",2,2015,5,12,310,3,120930,259,7,31,7,6,144.48411940204926,G#,Major,77.24479862597093,77.89477865898279,88.09760610702166,20.47281123277164,1.0118413396337855,17.71485223047167,19.826375297233955,2015-05-12,0
Freaky Deaky,"Tyga, Doja Cat",4,2002,8,27,4113,15,188228,109,14,17,0,3,143.75430851125716,D,Minor,90.81620430660207,79.5952832504253,77.40362055247351,17.083357133719893,7.678749892864478,12.3111558755613,29.327813642380413,2002-08-27,1
Let It Snow! Let It Snow! Let It Snow!,Dean Martin,1,2022,3,28,4567,1,49290,30,14,42,5,12,148.71808344673053,C#,Major,75.50040074245251,64.44816352895018,83.92232606452926,16.145092459372897,2.418698415587261,10.957286896963495,20.96468814215513,2022-03-28,0
That That (prod. & feat. SUGA of BTS),"PSY, Suga",4,2013,1,19,2199,18,97634,252,4,182,5,32,130.59419745802745,E,Major,82.98409868415477,72.30302597249032,75.03970915764856,17.77595314366041,4.171703768238356,16.42720940015053,22.002614473651235,2013-01-19,0
Driving Home for Christmas - 2019 Remaster,Chris Rea,3,2018,7,7,3583,2,126339,121,1,54,4,28,104.43143360177848,A,Major,45.17136079349718,49.9226111352348,56.98672048893059,50.00772460308091,42.9571687690171,36.37191623310639,7.091888418508543,2018-07-07,0
Cartï¿½ï¿½o B,"MC Caverinha, KayBlack",4,2017,7,31,4525,10,178913,260,7,145,6,4,134.2127480328473,A,Minor,93.38532243102422,71.07015353722528,70.46635025776162,16.464523105773317,5.0455363570743454,12.55851909055028,26.40018523690472,2017-07-31,1
ZOOM,Jessi,3,2011,2,13,2160,10,197853,81,12,45,3,26,131.8083609126305,F#,Major,87.8484202375424,64.05088042523666,76.74999525260563,24.666388955177325,5.0977805884847625,17.77685870131816,17.211321247131995,2011-02-13,0
New Jeans,NewJeans,4,2000,12,19,2162,9,189667,132,4,116,3,41,104.13197328381028,E,Minor,45.9935925912081,56.68098720280948,53.87787367396773,47.13662486277115,34.28884230484576,30.627220449336686,11.425232728093992,2000-12-19,1
Why'd You Only Call Me When You're High?,Arctic Monkeys,3,2016,8,30,4996,12,199330,136,9,177,1,27,94.83561880518094,D,Major,50.88317522385626,54.79035230528524,39.39573285386359,69.70123315138528,24.216787633366465,37.013090423798346,8.407674658223906,2016-08-30,0
VIBE (feat. Jimin of BTS),"TAEYANG, Jimin",1,2009,7,4,1537,14,105195,36,19,15,8,33,142.15731981764614,Unknown,Major,81.76832114953173,72.17540135415645,84.79080404316035,13.018483866390865,7.043511899273036,13.804968479264645,17.75281169597008,2009-07-04,0
Niï¿½ï¿½a Bo,"Sean Paul, Feid",3,2009,2,24,4641,5,197501,265,17,87,9,32,142.87236359544994,G,Major,89.43729457816895,74.66793805323012,84.33379222888836,14.53766606649941,0.4657113657208689,11.475310685824471,25.059803962846114,2009-02-24,0
Special,SZA,4,2019,11,28,2863,14,165998,84,7,109,0,11,136.56361192913167,Unknown,Major,91.20947779460676,71.59528474104357,77.87894985933033,9.551028008785456,1.1324942486053946,12.612230859918547,22.021409165578284,2019-11-28,0
Quï¿½ï¿½ Mï¿½ï¿,"J Balvin, Maria Becerra",1,2011,6,15,4531,10,93194,197,1,115,9,23,108.84259760422437,G#,Major,54.335337844836246,50.66262460290034,55.4983544061632,61.72895872753324,27.79794162844208,58.682090554044784,8.091831171553935,2011-06-15,0
(It Goes Like) Nanana - Edit,Peggy Gou,1,2001,3,4,968,14,121524,145,5,141,9,32,146.8647956901894,G,Minor,92.81933782604123,75.78823534716255,83.10761479815547,8.214068427235954,5.834744329544712,17.99189379526581,16.5787776698088,2001-03-04,1
Broke Boys,"Drake, 21 Savage",5,2022,8,1,2224,3,27588,295,10,162,7,11,95.46243300978308,D,Major,45.270272725591184,50.675169631968366,57.65083844060318,62.71748947814723,25.965700070127006,41.131023037907454,7.570933379433129,2022-08-01,0
Cold Heart - PNAU Remix,"Dua Lipa, Elton John, Pnau",5,2010,7,8,3308,11,134289,66,13,58,9,0,144.08975097411675,C#,Major,86.74608982879505,63.29463032686243,80.36530627778615,22.93849012716616,6.456557122895818,12.705806508946957,15.871274915215464,2010-07-08,0
Danger (Spider) (Offset & JID),"Offset, JID",5,2010,3,2,1452,12,100390,180,4,24,6,45,107.1655075744152,B,Major,41.548223175602615,46.81573305797,55.564940874949485,63.56187997353032,23.48655516250089,41.55622726837111,6.063886414624442,2010-03-02,0
First Class,Jack Harlow,1,2017,5,11,620,2,22299,112,9,191,7,48,135.19199840140425,G#,Major,76.36387847393914,69.34756261698504,88.52553395088373,24.08165847044437,4.0267488857591065,12.336509738969436,17.694347068796684,2017-05-11,0
I Like You (A Happier Song) (with Doja Cat),"Post Malone, Doja Cat",2,2008,11,3,2357,16,103400,24,17,198,7,5,143.2109886351868,F,Major,75.3686841948866,71.0790113373148,87.27131886588518,23.91584252399677,8.718842616163755,17.69880489848601,29.513236782623927,2008-11-03,0
ULTRA SOLO REMIX,"De La Ghetto, Feid, Polima WestCoast, Paloma Mami, Pailita",1,2022,3,21,1105,8,125691,26,2,13,2,14,96.08835512861192,C#,Major,50.21429877668304,56.37440848526085,43.997126112992895,58.52147347321417,25.733178752459743,44.091978332987,11.29575502757367,2022-03-21,0
Attention,NewJeans,4,2016,8,1,3896,19,68382,263,4,55,3,41,140.9877920400969,A#,Minor,83.79132984506613,65.69219184992477,80.1528088970338,15.317282950693324,1.7544194205773966,11.333675998814336,20.005943085604123,2016-08-01,1
ELEVEN,IVE,5,2006,11,6,1348,7,85691,62,18,190,2,40,104.006254953237,A,Major,41.31759656331754,59.76025706015226,44.43803509608375,57.12701333883682,29.58761957080288,40.795666491257606,5.6953132179987165,2006-11-06,0
Mary On A Cross,Ghost,5,1963,3,24,2864,11,64484,213,14,119,0,10,141.72163934266678,B,Major,89.19316602460476,61.58025829554726,81.11664393239272,17.679011936994513,4.187057878270441,6.212132796597438,22.739828455909265,1963-03-24,0
Midnight Rain,Taylor Swift,2,2017,12,1,3005,3,88004,45,8,144,1,45,107.26607405681956,Unknown,Major,40.07907695976994,49.624827289963264,46.1647100778663,64.21442212604998,48.766627464929385,52.14924754170176,7.327753899627863,2017-12-01,0
Oh My God,Adele,1,1960,4,28,4186,7,109368,185,3,111,8,34,105.42848205209968,C#,Major,49.502537198162855,47.83063551767352,45.03547660680353,63.14774142426466,20.48571935112956,45.53586133462312,8.156072046715492,1960-04-28,0
Born Singer,BTS,1,1991,1,23,3453,6,41485,111,14,134,3,15,90.43838382460795,G#,Minor,52.75915442608448,45.14410411217298,55.59663575557863,69.14938533742423,38.54571280780512,34.200399332195495,13.479790186640404,1991-01-23,1
PRC,"Natanael Cano, Peso Pluma",5,2009,1,6,4115,14,4613,36,9,157,0,4,141.6867778416118,G,Minor,81.92971965738579,79.48852063006923,88.4180614475233,6.807532517559769,2.1945327587810293,13.519517063788197,29.80798037957342,2009-01-06,1
The Business,Tiï¿½ï¿,5,2012,9,11,154,7,48033,258,12,104,0,19,92.01803408954731,G#,Minor,48.69054328979132,47.759901302157004,57.18371934073778,45.60909578130416,21.86685030852283,52.06821155503905,10.535145666340975,2012-09-11,1
The Next Episode,"Dr. Dre, Snoop Dogg",4,2016,11,27,2743,2,38627,281,15,131,1,17,144.60282562841203,D#,Minor,85.0548748728066,64.48868727757862,86.76625575388022,19.19067349962866,5.570278014522312,7.1679118514952425,20.11700169853612,2016-11-27,1
Hits Different,Taylor Swift,1,2002,8,22,2086,10,120510,263,14,128,9,48,91.95820429602102,F,Major,59.57035573793428,41.41394064110421,57.545138624210566,46.02118355176062,20.426469116946333,42.922053113808296,11.244511099101686,2002-08-22,0
Bamba (feat. Aitch & BIA),"Luciano, Aitch, Bï¿½",2,2017,2,16,1868,15,193752,145,8,171,3,34,102.31538983759653,A#,Major,46.26102891919699,40.10538798791983,44.51328375053608,51.36875206941655,22.356346464929317,44.09533196274485,8.791839060307684,2017-02-16,0
Bar,"Tini, L-Gante",5,2008,1,7,387,11,143587,277,4,125,3,1,139.06987412047587,C#,Major,83.57988388517418,72.55124646672486,76.40288260768436,21.114564088849317,5.839707963691797,5.483918961094262,26.67433653143264,2008-01-07,0
Radio,Lana Del Rey,5,1987,1,18,4106,6,76221,288,7,193,3,39,98.35903182656074,D,Major,59.0379419963442,41.834278617274094,32.09178834818164,55.76905132792873,25.17894766043375,38.69206489249315,8.193733539360888,1987-01-18,0
Yandel 150,"Yandel, Feid",5,2016,2,1,2126,0,107372,93,2,8,8,43,141.74578156367423,F#,Minor,82.73893110034743,65.34299072820974,84.09110937822592,13.796126871957489,5.560873250846186,5.640348658037972,25.44898224365039,2016-02-01,1
I Wanna Be Yours,Arctic Monkeys,2,1994,9,7,1355,13,172998,40,7,171,4,13,136.66179651297858,Unknown,Minor,80.32620955049654,60.24819658660692,76.4342494813372,17.299698592742377,1.946477073999228,6.055811626120162,17.72910946429018,1994-09-07,1
Save Your Tears,The Weeknd,1,2018,12,8,3853,12,159306,166,8,197,8,48,142.4363910692217,Unknown,Major,90.90836805219324,60.56268357725308,72.35758091493891,5.108765363315289,8.87979479874858,8.776329001492055,21.59493661800381,2018-12-08,0
LLYLM,ROSALï¿½,3,2013,9,12,3231,15,120775,294,18,54,9,32,130.66425912639417,F#,Minor,84.39994532167393,79.14885003587142,82.29067357402347,20.98855270141271,3.1491943112286136,18.412044874170316,18.13713310749768,2013-09-12,1
La Corriente,"Tony Dize, Bad Bunny",5,2010,3,29,144,6,7197,32,10,180,6,42,132.43407417135853,B,Minor,89.01913346707565,76.31950335043769,72.05000207616943,23.748372907013632,3.9037216858562473,14.369439820202484,17.253017034776047,2010-03-29,1
Rockin' Around The Christmas Tree,Brenda Lee,2,1958,5,16,4348,12,119357,58,1,21,4,30,148.056255337702,G#,Major,79.39861272052137,73.47587221981084,72.1291991821397,14.77473921200865,1.8931088352193792,12.15433670736951,27.95784808225028,1958-05-16,0
Left and Right (Feat. Jung Kook of BTS),"Charlie Puth, BTS, Jung Kook",4,2000,2,7,3833,9,124274,229,2,34,6,48,105.77423905657554,D,Major,59.00989758262736,48.51510353491634,47.16093943906889,45.69538636302702,43.19529758907037,46.3071568772944,10.383431175449754,2000-02-07,0
Moscow Mule,Bad Bunny,3,2011,6,9,4856,9,91368,222,1,138,2,25,92.3125247846159,F,Minor,53.39423780811441,45.340769908967616,59.70542024195648,53.9489928454216,21.153914353152192,41.780145930932015,10.3255227082283,2011-06-09,1
Payphone,"Maroon 5, Wiz Khalifa",5,2000,11,6,1131,8,186104,95,1,165,9,46,141.8323327664649,E,Major,82.15111070480478,64.23772311058191,84.17157884102572,12.196611041645609,2.722469458342533,12.75112235089365,23.10128466248932,2000-11-06,0
Low,SZA,2,2003,2,11,3402,3,7550,208,6,120,7,34,94.399467869465,Unknown,Minor,44.64433269045655,58.97046493519825,56.696459396096536,53.77215793721145,22.07710805014543,45.9504066897609,9.92019775803982,2003-02-11,1
Marisola - Remix,"Duki, NICKI NICOLE, Cris Mj, Standly, Stars Music Chile",2,2013,2,2,87,5,185968,93,3,95,1,34,135.9651018160458,C#,Major,94.03122733399246,78.2187176311524,83.09911691098142,19.188590451537326,1.0784837190404617,14.295822874275624,17.944375011985542,2013-02-02,0
Kahani Suno 2.0,Kaifi Khalil,4,2009,1,8,423,9,100790,182,8,89,4,41,103.0776457406858,B,Major,46.36479506322652,55.800477716249226,54.49385501787633,54.40272484329524,26.20661365070633,36.72563550115611,11.871606803769716,2009-01-08,0
Karma,Taylor Swift,2,1977,8,29,1417,10,98819,36,2,94,6,12,95.8702066724211,G#,Major,41.21492171830155,49.090790275009766,43.10928652239463,61.336683778177104,46.42776420177387,59.63890389787665,8.345622912987086,1977-08-29,0
When You're Gone,Shawn Mendes,5,2002,10,13,4596,17,188473,281,19,125,2,29,133.06337582941353,F,Major,90.95849863770964,60.22642199519543,87.42844751002539,15.2646345059462,8.080063377777462,10.710347105085424,23.07860893646191,2002-10-13,0
Quï¿½ï¿½ Ago,"Yuridia, Angela Aguilar",5,2000,9,8,226,17,75155,282,8,138,1,38,137.41748976058096,B,Major,84.59883809131546,74.84276426757116,71.98239188345153,10.777751554366484,8.526082839238002,19.49362806448854,21.964137828184786,2000-09-08,0
"Sex, Drugs, Etc.",Beach Weather,2,2016,3,21,3161,0,124975,215,9,18,8,48,149.55380329368552,E,Minor,94.18647720419672,60.673596272949325,87.53361099401288,8.003372010562442,4.762062911503387,14.4505045576482,22.217053302753698,2016-03-21,1
Matilda,Harry Styles,4,2005,9,20,3382,13,36886,65,12,186,9,6,138.27658693921194,D,Major,88.35667522146518,76.01848163335684,86.02661925092902,23.618526842411843,3.5109235904310165,9.822546071979708,22.92277553664266,2005-09-20,0
Super,SEVENTEEN,4,2006,12,15,4725,17,153990,51,9,88,0,26,131.64052386748156,G#,Major,80.06092018667809,66.98996556915785,86.13354633297035,14.765042761868106,9.985516574391175,14.890401737363788,17.069324007329623,2006-12-15,0
(It Goes Like) Nanana - Edit,Peggy Gou,1,2004,6,9,635,9,140472,85,5,101,2,14,92.68881660598473,G,Minor,58.21102824177646,53.83232628114956,36.80505844832603,57.92373665350816,34.26221891941431,31.643036382440464,8.251405750073467,2004-06-09,1
B.O.T.A. (Baddest Of Them All) - Edit,"Interplanetary Criminal, Eliza Rose",1,1993,12,1,4006,18,22516,299,1,172,0,6,133.4221146460227,Unknown,Major,92.40620615923774,78.9162463333811,81.27438927368944,8.072744593169169,5.959376482052515,11.1603379736906,24.9373274275449,1993-12-01,0
LUNA,"Junior H, Peso Pluma",3,1982,2,19,1982,3,187879,150,4,108,4,1,140.7842341268312,A,Minor,88.95273641856436,74.06668381893637,73.20306126430128,6.497970812975005,8.271882116931588,15.41523431332413,26.98580864709494,1982-02-19,1
Satellite,Harry Styles,5,2014,3,2,3838,7,15041,234,6,56,9,23,132.3495991802522,Unknown,Major,88.21855357848222,67.15736877050762,77.00057169708685,22.120927819617638,7.681757884087488,7.271586263549054,29.98639478513156,2014-03-02,0
Ditto,NewJeans,1,2016,1,1,1989,8,168024,13,13,199,0,6,143.1518320863171,F#,Minor,90.59110768228214,63.69682733686614,81.84427357698537,15.808188910631705,2.831332934036758,15.335508195779386,27.0500197950408,2016-01-01,1
Novidade na ï¿½ï¿,"Mc Livinho, DJ Matt D",2,2005,6,8,1546,12,108940,160,8,137,1,6,147.7369034728116,F,Major,93.59994182151064,66.13742869578292,73.54758873413878,19.38185080458166,2.23028948168115,15.80218017883454,28.53281960654113,2005-06-08,0
"Link Up (Metro Boomin & Don Toliver, Wizkid feat. BEAM & Toian) - Spider-Verse Remix (Spider-Man: Across the Spider-Verse )","WizKid, Toian, Metro Boomin, Don Toliver, Beam",5,1978,12,19,1529,10,180256,80,2,137,4,30,139.34850818334542,F,Major,90.46241710365068,61.55035839263968,87.80365854203671,5.836528983760944,9.11695291993836,16.646222290558377,16.885336189987633,1978-12-19,0
Rosa Pastel,"Jasiel Nuï¿½ï¿½ez, Peso P",1,2012,12,17,3119,18,114867,203,3,171,3,42,105.36900809415243,G,Minor,55.98121501336183,47.45806607942335,44.22340284604822,42.99851857005419,22.71513389794594,53.35279747375327,5.022873720380315,2012-12-17,1
Privileged Rappers,"Drake, 21 Savage",2,1957,1,25,4697,2,77924,183,18,78,7,39,139.9964297705354,F,Major,86.7123846377743,79.93808121734772,72.00969250661052,10.422494134270565,4.372926374254503,16.496597226278155,23.566676080839727,1957-01-25,0
Numb Little Bug,Em Beihold,5,2018,6,21,2799,6,43949,197,12,141,4,48,135.18325007608183,G#,Minor,75.03950514815304,72.00076875734824,85.69290904623975,23.561952651501787,4.792279589603414,5.989352924029266,29.992699170534504,2018-06-21,1
Infinity,Jaymes Young,2,2003,5,23,1958,18,40272,61,4,19,5,30,148.8630777830981,B,Minor,91.16900325558196,79.17422123723775,77.50636526887763,22.28672518738616,8.755675604420823,15.034802812147849,24.78754069246295,2003-05-23,1
What It Is (Solo Version),Doechii,1,2009,8,12,3318,4,45975,66,13,6,0,27,94.16474291288552,C#,Minor,46.30901796394205,43.02173979423412,37.81763283698682,69.47095323841467,38.16600425809732,34.25423426026985,11.388067310296025,2009-08-12,1
Every Breath You Take - Remastered 2003,The Police,4,2018,5,12,4591,8,1055,297,7,92,5,5,137.14979815849156,C#,Major,75.9592970645398,65.48790444606922,86.35973438865298,21.91945127997795,4.138753236836025,11.61545909648081,28.13932657003597,2018-05-12,0
Vegas (From the Original Motion Picture Soundtrack ELVIS),Doja Cat,3,2008,8,19,4803,1,139887,165,19,136,5,6,100.19250592028108,G#,Minor,43.79086411917341,57.93735993549832,41.92410677832893,68.4419539310141,36.53869976597317,42.78285659388217,10.7354558870294,2008-08-19,1
Di Que Si,"Grupo Marca Registrada, Grupo Frontera",3,1999,11,21,1785,3,142372,121,19,173,1,6,141.8767194098999,A,Major,87.02893127462232,71.43402483396312,77.80587327680334,9.2722595221082,8.650916787489844,17.090239993239507,26.0023891086377,1999-11-21,0
Best Friends,The Weeknd,5,2020,1,20,2140,1,170929,87,14,27,9,12,133.6300498740617,E,Minor,90.29530483482648,61.83232083133986,72.54022788964484,5.044720370833309,1.3915726040238918,10.970338159588705,22.32255575959314,2020-01-20,1
WORTH NOTHING,"Twisted, Oliver Tree",3,2021,11,18,1975,13,164087,298,4,124,4,43,101.90750236454193,D,Minor,42.025054876373744,59.08849940390904,45.93251845335353,64.38399752328272,46.69425290181061,38.89377284173091,10.542278404577754,2021-11-18,1
Running Up That Hill (A Deal With God),Kate Bush,2,2006,5,8,4810,0,8366,213,4,91,0,33,104.51313389733356,A#,Minor,53.83365864524559,44.83193604709383,32.449566264866434,59.19044858036765,38.91239890776485,56.01720118518835,5.66517322069409,2006-05-08,1
Baile no Morro,"Mc Vitin Da Igrejinha, MC Tairon, DJ Win",3,2021,5,10,3210,0,66144,127,6,74,5,48,144.7487641406103,D#,Minor,76.69498527836711,62.29452912828176,77.39349842034747,7.648559951942941,9.919611122089062,7.549969560220397,26.54840327445359,2021-05-10,1
Talking To The Moon,Bruno Mars,5,2013,3,7,1505,5,188848,14,8,180,2,9,149.24692443855844,C#,Minor,91.68041331035248,66.62000680949679,75.42432897285923,19.829946911187616,7.166456308816977,6.829737977538257,27.91978292391393,2013-03-07,1
Snooze,SZA,5,2011,3,29,2767,3,81648,88,19,154,0,47,102.06804085136028,F,Major,41.51715953702405,40.87115877767428,45.877576976558565,43.05487794950252,47.81395783024256,38.061676633994864,11.161581059495184,2011-03-29,0
Conceited,SZA,5,1963,2,20,1725,12,46919,27,14,41,5,41,136.74277377514335,C#,Major,82.30544616011812,76.37422334600599,83.92805542452192,13.59097832603204,6.8664929017488845,8.984108348464016,25.54349903529486,1963-02-20,0
Watermelon Sugar,Harry Styles,4,2009,6,11,3623,8,64685,18,4,88,1,41,144.45983305638816,Unknown,Major,94.91968164731212,66.28612958588118,89.59485634391079,17.6836502305614,6.6862388553244205,15.078074611926814,26.94726700811401,2009-06-11,0
Hope,XXXTENTACION,5,2010,9,21,4479,16,83589,205,14,147,8,21,130.27182802180425,A,Minor,94.90642395307852,76.041550796505,81.2961022849084,12.761755868173204,4.290197015191004,18.9154956688971,17.980666113147464,2010-09-21,1
Boy With Luv (feat. Halsey),"Halsey, BTS",2,2002,10,2,1225,11,129044,94,19,143,9,20,95.00557612159405,B,Minor,41.6375490877232,51.81767535061792,48.16956302701911,50.19317319654142,49.87962438879471,53.54030449637738,5.879121165053355,2002-10-02,1
It's Beginning to Look a Lot Like Christmas (with Mitchell Ayres & His Orchestra),"Perry Como, The Fontane Sisters, Mitchell Ayres & His Orchestra",3,2009,2,25,4292,9,3088,67,1,195,9,15,133.10961492506766,G,Major,84.91210696488858,76.32326291859005,74.77870527687786,17.149357852309887,9.856370942610775,13.298852643298972,17.564954493865905,2009-02-25,0
La Bebe,Yng Lvcas,1,2018,7,11,2804,3,83243,138,14,26,7,35,105.91531995684944,D,Minor,48.385157267831005,48.42914520873976,53.25678780247837,53.58466936929408,29.84118678319603,44.469069724168605,7.822909671008786,2018-07-11,1
Casei Com a Putaria,"MC Ryan SP, Love Funk, Mc Paiva ZS",4,2013,8,15,2834,9,171408,55,1,14,9,35,135.11986121097948,A#,Minor,75.2346524594914,74.80072823208576,73.3818120877434,17.54315949761393,8.204987515723417,9.068418044313637,21.328457570836317,2013-08-15,1
lovely - Bonus Track,"Billie Eilish, Khalid",2,2009,10,17,4253,4,175256,174,3,12,5,1,146.96841713364245,E,Minor,76.83097854149953,72.02251971495726,70.43117222543935,17.8220188557533,8.39145223622268,17.49674482579755,29.33076507993072,2009-10-17,1
Prohibidox,Feid,2,2022,4,23,385,7,51055,85,18,134,2,46,134.49906817047813,C#,Minor,89.93915279533603,66.89142809286831,84.65927065056621,16.932655883193704,0.2663324606194583,9.708734801705306,19.383565828700423,2022-04-23,1
Conexï¿½ï¿½es de Mï¿½ï¿½fia (feat. Rich ,"Rich The Kid, Matuï¿",3,2004,10,31,2714,8,13227,222,17,169,0,17,149.37256458893944,F#,Minor,93.3403947857102,75.24328615373162,84.73732132860978,22.54562618732538,4.716598816848916,19.21115907736968,25.510223284774817,2004-10-31,1
"Calling (Spider-Man: Across the Spider-Verse) (Metro Boomin & Swae Lee, NAV, feat. A Boogie Wit da Hoodie)","Swae Lee, A Boogie Wit da Hoodie, Metro Boomin, NAV",3,2015,9,6,1868,16,139128,60,17,196,9,46,147.72584638546388,Unknown,Major,88.83595072753168,72.75847897590663,85.77302681615447,12.777809735586589,3.809604047234738,18.453960384017925,23.35996383781521,2015-09-06,0
Sunroof,"Nicky Youre, Dazy",1,2018,2,16,3879,13,106880,42,7,23,8,24,132.62817972490214,A#,Major,80.69945842642588,66.90560578890614,71.88030184771907,5.798656990449262,1.9000203775377955,12.72979253658704,19.57172674746596,2018-02-16,0
PERO Tï¿,"Karol G, Quevedo",1,1973,2,18,4275,4,167537,211,18,86,8,1,91.33044137583056,F#,Major,52.263110740937215,53.29437189421401,58.75236538408824,43.43652751978672,47.74448527432925,58.48579870915937,5.4816481804877935,1973-02-18,0
Love Of My Life,Harry Styles,4,2010,9,10,3584,5,38359,10,9,47,2,8,103.30206434753912,G,Major,57.414426240330855,56.38576866040748,45.38525800339831,51.74201475901954,30.463670616303343,34.35885754924887,9.963519310832938,2010-09-10,0
Watermelon Sugar,Harry Styles,5,2012,2,1,2712,8,78550,197,7,157,9,45,109.08786062586417,Unknown,Major,49.0626414025395,46.57491205834787,59.31720784286767,69.04019246213258,35.8848012008895,50.67112702501755,9.165149716712364,2012-02-01,0
Nos Comemos (feat. Ozuna),"Ozuna, Tiago pzk",4,2002,3,27,620,18,124953,28,10,193,5,21,105.80874374247438,F#,Major,54.78655605590705,54.25073086961687,57.387275919655735,69.50021416613808,47.47138627534372,32.5414846687408,7.402856150712043,2002-03-27,0
Sial,Mahalini,4,2020,4,5,3744,2,99835,24,3,88,3,34,139.99402388367636,D,Major,76.68052653997152,64.98700630958169,83.66067411672358,18.47945715569226,4.381843688461711,7.260125182133738,20.207449788187667,2020-04-05,0
Bamba (feat. Aitch & BIA),"Luciano, Aitch, Bï¿½",1,2014,4,14,3267,0,59690,295,13,24,7,45,140.55420204765457,A#,Major,82.65576286573875,61.662987785735446,86.61247853859356,24.54454642007379,3.709827385395671,9.359253712742335,19.753446183418596,2014-04-14,0
Nobody Gets Me,SZA,2,2014,7,23,4759,19,197052,211,14,187,2,1,107.35747446238834,G,Major,56.40441110648808,52.00251111141485,39.06982792904746,44.817823654672125,38.42745688797381,32.352480426127975,6.109719640107873,2014-07-23,0
Lï¿½ï¿½ï¿,Stromae,1,2005,2,21,2290,2,85694,168,10,17,6,39,107.41327879780454,D,Minor,50.29403126823618,56.73354691956843,40.462276974030175,53.54030986671315,36.37621973977914,52.346609047899925,8.76157111350648,2005-02-21,1
Haegeum,Agust D,5,1975,12,1,3903,5,148424,51,17,19,3,19,93.33175762602052,G,Major,59.22814065077861,57.59731157743587,49.241434388459126,58.520508405878765,23.951862590326087,32.16807641815769,12.35778745658289,1975-12-01,0
Heat Waves,Glass Animals,5,1975,9,21,1912,11,165051,246,1,87,8,9,105.79358016881947,B,Major,55.64431868602715,56.29910735359668,44.30361609652317,46.404712979697045,25.209490746729436,31.503801528404267,12.915403778709075,1975-09-21,0
Mami Chula,"Quevedo, Jhayco",5,2019,5,2,2098,11,105090,122,5,15,1,47,106.44526797944896,G,Minor,46.014375034575735,51.26030658551003,55.139628911389416,65.53053556457647,32.24543402520375,32.87725650415404,8.035992438066348,2019-05-02,1
Betty (Get Money),Yung Gravy,3,2011,5,24,472,19,77504,115,4,9,6,34,92.44420032675168,C#,Major,47.13419148799807,41.79005635847466,42.369548002704974,50.36171772204736,21.942376999147942,43.51470630545562,5.546682346242181,2011-05-24,0
Counting Stars,OneRepublic,5,2006,10,5,669,5,105657,197,11,72,7,27,143.47308063036385,C#,Minor,88.57093263625042,63.7283602727542,80.15717648015203,23.9119455975911,0.0692042170566797,11.006864534494069,29.80572439317652,2006-10-05,1
Born With A Beer In My Hand,Morgan Wallen,2,2005,8,19,729,3,87372,156,13,80,3,16,143.80591722014788,Unknown,Major,77.16298074463094,69.15598087590823,71.54602899952557,8.086964998673897,4.432571097938832,18.149393855759108,25.55955172665016,2005-08-19,0
Payphone,"Maroon 5, Wiz Khalifa",1,2011,12,8,4721,3,168031,236,15,189,2,1,132.6083194551846,E,Major,94.6772281097704,65.59195450310031,85.5326749653186,24.120707511353668,7.114346956535663,10.136585700443852,27.29012929870453,2011-12-08,0
Hot Shit (feat. Ye & Lil Durk),"Kanye West, Lil Durk, Cardi B",4,2014,3,17,2632,19,95405,278,19,26,0,5,132.3687073285492,A,Major,80.80657901378288,73.80266230130415,83.09636457443644,16.995157372695857,0.5609985004916007,15.38943748614245,18.94723964575839,2014-03-17,0
Overdrive,Post Malone,3,2019,12,28,1727,14,57266,201,1,150,3,49,140.01291703765392,C#,Major,83.95842598187693,60.183257385110736,87.38795572677788,8.6755127425718,6.441167861407577,16.489597492601554,21.32215060843282,2019-12-28,0
"I'm Tired - From ""Euphoria"" An Original HBO Series",Labrinth,4,2012,4,22,2766,3,66603,252,13,102,9,18,97.02459765692028,Unknown,Minor,58.66341755695744,44.99621684367669,32.03835088194166,51.42589261254237,29.74398895567842,53.27762034983477,11.198963664352888,2012-04-22,1
Lover,Taylor Swift,2,1967,10,1,1012,4,146930,200,16,149,8,17,144.45046338468427,G,Major,89.38107007201162,67.1140881720111,73.42295878828567,18.90966960869225,8.352715748932953,15.195725892241596,18.59885775917516,1967-10-01,0
El Merengue,"Marshmello, Manuel Turizo",5,2000,9,25,207,14,153234,240,16,185,1,18,138.82458835421014,G#,Minor,91.05393139880935,62.33296756441821,72.15571258149933,8.084467900969399,8.335918103588995,11.90852600271996,21.18459260485925,2000-09-25,1
Fin de Semana,"Oscar Maydon, Junior H",2,2002,8,28,2710,3,10203,206,13,179,0,12,143.11856814206135,Unknown,Major,93.94666549525208,72.85789919926032,88.8794642443379,23.91433312939644,8.374904040331838,7.970197481254855,26.02899620696196,2002-08-28,0
Labyrinth,Taylor Swift,2,2005,11,17,3816,4,158652,297,1,32,6,45,148.0372372354224,Unknown,Major,82.43925720008207,67.26927611129801,85.70456815300182,19.84857176069024,8.594971324900825,14.764120686909727,19.86206576143028,2005-11-17,0
Take Two,BTS,3,2009,7,2,3338,16,103479,177,15,14,2,7,148.5157834715008,G,Major,76.69499094821242,62.99440520012399,83.80270220682777,8.558903954069752,5.270541086595428,11.448154991484683,23.89905310920503,2009-07-02,0
"Phir Aur Kya Chahiye (From ""Zara Hatke Zara Bachke"")","Arijit Singh, Sachin-Jigar, Amitabha Bhattacharya",5,2018,9,11,4325,3,39148,203,2,43,9,20,137.01820815695183,E,Major,91.71438015487163,70.98206785350868,89.98329617407964,20.57947747147341,0.3151548082626454,10.056275966855212,29.886357500033697,2018-09-11,0
Antidepresan,"Mabel Matiz, Mert Demir",5,1970,12,16,1742,1,135855,141,0,160,4,8,134.14495160132117,B,Minor,91.848465706027,78.54867050991189,79.84388950884939,19.60394542791704,2.0999236385701323,16.977950615067172,15.40149554188103,1970-12-16,1
Primera Cita,Carin Leon,4,2011,6,15,2943,16,140838,190,3,30,5,5,107.2016650441518,A#,Major,45.91593017554079,59.11138557293029,33.33364614518244,40.36553449519891,20.894210736243952,51.78200088013419,12.86650800250266,2011-06-15,0
Maan Meri Jaan,King,3,2012,12,6,1715,14,6247,293,11,159,5,21,99.3574281005886,F#,Minor,48.54147977592184,48.40295724310625,36.527499213914695,64.43890317887069,33.8533803681595,35.613680172616995,6.647666231101023,2012-12-06,1
Do I Wanna Know?,Arctic Monkeys,1,2000,9,27,4453,18,183218,104,8,107,7,0,130.98387141069506,F,Major,84.08377811445979,77.08174778435085,88.67568810747015,13.532287451269127,7.418649934663123,11.637068275322584,28.2145260177434,2000-09-27,0
DOGTOOTH,"Tyler, The Creator",5,2003,10,12,3557,6,172045,217,3,110,0,7,144.28753384327368,G#,Major,76.58431269867617,66.1078321504373,75.27333840852879,13.02967569100231,5.9906230951945,10.829990722682272,16.26768884523122,2003-10-12,0
Tak Ingin Usai,Keisya Levronka,5,2017,5,22,826,11,19935,201,15,124,0,30,93.59221931675177,Unknown,Major,56.33474580899188,49.52916490026577,55.148649199667325,51.20000642678466,44.20450542629459,36.59595540996872,9.248155262905168,2017-05-22,0
THE SHADE,Rex Orange County,2,2004,12,23,1364,18,163156,126,10,100,3,12,145.89826182881276,F,Major,84.01996592987359,61.248730106622034,79.98592084315729,5.182695553240302,3.962131251568775,5.801876646064851,19.12498276668069,2004-12-23,0
Apocalypse,Cigarettes After Sex,3,2021,6,20,2826,14,183087,276,13,29,8,12,96.7973033492896,F,Major,46.06002813997575,46.620754077592174,58.43045167744502,50.30236869463883,24.971430779830914,50.47048598890402,8.150896927203627,2021-06-20,0
Rockin' Around The Christmas Tree,Brenda Lee,5,2004,4,14,2912,4,148338,136,0,46,7,5,90.41532427231309,G#,Major,44.73569125927223,40.52283659681336,52.5139418870028,58.14325861786019,25.17334521687156,34.462780930923,9.352474974159897,2004-04-14,0
F2F,SZA,2,2000,5,3,1438,11,30684,106,9,33,2,0,93.82184808336768,D,Major,47.36443112407457,43.4751256599762,40.12861712150088,68.69127374899014,29.938269843552387,35.67686748741932,14.659308631350248,2000-05-03,0
Las Morras,"BLESSD, Peso Pluma",4,2004,10,27,1601,17,92113,63,10,170,5,17,104.07287005500068,A,Minor,41.53929059903127,48.38712181203218,30.2718954135082,59.55402130362407,48.71610276316389,56.976425505770735,8.543142237455614,2004-10-27,1
pushin P (feat. Young Thug),"Young Thug, Future, Gunna",2,2011,4,27,171,12,121048,181,8,127,5,1,106.47687758319248,C#,Minor,54.64405467089186,56.34171236931572,33.7847697911233,49.294143188253045,33.2370381597323,33.335280647393205,5.517197215265731,2011-04-27,1
Wild Flower (with youjeen),RM,5,2005,2,16,1052,19,37434,193,12,143,5,39,103.49975499496514,G#,Major,50.76235644512517,40.26030039993635,40.27342701854404,40.30085483389983,48.41873515292241,47.47753924592454,12.797161391115877,2005-02-16,0
Viva La Vida,Coldplay,4,2022,9,3,2118,15,183178,242,3,185,5,43,109.1045927677302,F,Minor,55.714254883361626,58.83257129755884,34.70184118431311,40.19829734724608,39.647311985320826,57.69372491856218,7.288118821639066,2022-09-03,1
love nwantiti (ah ah ah),Ckay,1,2022,1,29,1662,1,163974,99,1,177,4,30,149.14312793651442,F,Minor,85.89388882701454,65.53428024870102,81.18808904127509,6.963501705712625,1.454117837764597,14.148047469020126,24.67085664821061,2022-01-29,1
Notice Me,SZA,2,1974,4,6,1659,19,40635,130,4,121,5,32,101.36083032563202,F,Major,48.520093462367605,58.56271627559573,34.74095738919163,56.86623268347492,37.152507291614846,52.77950232656696,8.833168132529332,1974-04-06,0
Volando - Remix,"Sech, Bad Bunny, Mora",5,1994,4,6,3402,3,31306,297,19,84,1,33,94.67077464018416,F#,Major,50.81530878939719,52.19210400203383,31.53782779529692,49.55107594720316,21.094828535192075,39.94009885569766,14.932955660373434,1994-04-06,0
We Don't Talk About Bruno,"Adassa, Mauro Castillo, Stephanie Beatriz, Encanto - Cast, Rhenzy Feliz, Diane Guerrero, Carolina Gaitan",5,2022,10,24,535,14,125613,34,0,108,5,48,142.36489353414757,Unknown,Minor,77.53645301183424,69.53482450875552,85.86584499463086,5.106639651947537,8.230660615599424,15.744570364552112,19.043243527616056,2022-10-24,1
"Stay With Me (with Justin Timberlake, Halsey, & Pharrell)","Calvin Harris, Halsey, Pharrell Williams, Justin Timberlake",3,2017,5,21,1242,5,148631,78,7,185,6,8,147.43970514333088,A,Major,90.9764486798089,61.8352398803642,88.70867094138714,7.988110667120665,4.194977534695415,9.196288253007982,19.84826081142945,2017-05-21,0
"Villano Antillano: Bzrp Music Sessions, Vol. 51","Bizarrap, Villano Antillano",2,1975,6,25,2758,12,58708,105,14,81,3,25,141.41275562120893,C#,Minor,76.7531002610042,61.930903184126805,83.86532339394186,8.658061265373178,8.730160483726973,15.720663505154926,17.259965320876994,1975-06-25,1
Another Love,Tom Odell,4,2002,9,9,3514,10,81098,226,5,184,3,8,93.25608953189683,E,Minor,46.59222094598286,42.1812048934048,55.04889727266229,42.86359558921285,20.780916233410707,56.22789182051834,7.246726667593543,2002-09-09,1
Mistletoe,Justin Bieber,3,2013,8,24,3187,4,125291,21,6,5,4,49,140.49747990586346,F#,Minor,80.09759468766323,61.95810397328256,74.90930310850598,9.506659250551436,0.0821824917278879,15.384580295689569,29.041550971082103,2013-08-24,1
Dua Lipa,Jack Harlow,4,2002,9,14,3334,17,46352,64,16,94,0,35,143.87187189245105,B,Major,94.28644235544785,60.57267644345836,89.18990603938407,12.394316552921708,9.118930139837689,5.351729004346747,19.337205758169908,2002-09-14,0
Donï¿½ï¿½ï¿½t Bl,Taylor Swift,3,2019,5,30,2310,5,132011,142,4,176,0,46,132.7418160852887,A,Minor,87.64801251817576,68.57471029591638,70.87652707006164,5.591844383901623,9.578379801423312,19.56396362164872,27.978449779263435,2019-05-30,1
Gone Girl,SZA,4,2022,7,20,3101,16,56005,154,15,173,4,48,141.5600273272184,F,Major,82.9386559753339,70.91393583510981,73.22243506980357,18.874955217194294,4.141388708657344,13.407686282923224,17.843303130182626,2022-07-20,0
TULUM,"Peso Pluma, Grupo Frontera",2,2004,6,26,3392,6,109409,204,16,138,4,22,144.7067127184207,F#,Major,83.371745621757,79.95640448005177,89.88490902115518,22.28615482634483,8.488769074131625,11.504993687383712,16.938833564838028,2004-06-26,0
As It Was,Harry Styles,1,1980,10,9,1623,7,179596,263,7,100,2,41,96.26830166831324,F#,Minor,50.260278573549854,40.1948957080018,39.91013499536828,51.93216725051175,22.841571044343947,59.3368239380769,12.750206302808074,1980-10-09,1
Life Goes On,Oliver Tree,1,1986,8,27,2782,10,90920,283,7,45,6,37,109.08003827428082,Unknown,Major,54.69749044626684,56.198222351295456,52.008928738713976,45.60081728519827,42.43119734861516,49.97205653932132,8.714067468058822,1986-08-27,0
AM Remix,"J Balvin, Nio Garcia, Bad Bunny",3,1975,8,26,634,6,146563,181,13,45,0,39,143.94744380011943,F#,Minor,78.99302031001069,63.94311567275727,75.59141583656564,12.099166152616055,9.310029361912688,13.478069433511113,15.27834017789526,1975-08-26,1
Knife Talk (with 21 Savage ft. Project Pat),"Drake, Project Pat, 21 Savage",2,2019,3,29,2742,10,101994,233,16,155,0,47,130.8380499447704,F,Minor,91.59041424212964,73.88188606308604,78.60582651601112,11.61272326878808,1.5781930963585222,13.641651387749976,22.23775977980457,2019-03-29,1
Malas Decisiones,Kenia OS,3,2011,6,18,1770,9,198537,124,15,71,6,12,95.79857217775856,G#,Minor,43.518341189020575,56.3186634373978,49.184923527839366,46.13944627557652,41.4060763110012,34.536945338723285,7.677137369028931,2011-06-18,1
Los del Espacio,"Big One, Duki, Lit Killah, Maria Becerra, FMK, Rusherking, Emilia, Tiago pzk",2,2012,6,23,4736,14,61512,241,2,82,0,9,138.20959279973923,Unknown,Major,82.6005480951679,76.04522668676665,74.23959409557813,22.30312072062808,3.0811787437124,19.69004871943047,21.42760559323021,2012-06-23,0
Still Don't Know My Name,Labrinth,2,2011,5,9,3822,17,86927,289,14,87,9,19,137.5474570144968,F,Major,85.441860604586,70.22673163285853,83.41148829872208,12.485271977359863,8.925789204318711,16.93495801507251,25.46545632126183,2011-05-09,0
Gangsta's Paradise,"Coolio, L.V.",2,2004,7,7,3266,0,44951,115,14,63,6,22,135.62753260482594,G#,Major,91.53856811239352,76.93368988057415,71.81094256145687,11.974184742336508,2.9259494723288317,5.8783351489629885,21.55296737131593,2004-07-07,0
Payphone,"Maroon 5, Wiz Khalifa",1,1971,8,9,2906,19,34996,41,15,29,8,30,108.63544061676512,E,Major,45.51357682130615,48.67486148234397,33.841367298332,68.90904235405151,40.84966848770443,40.73941682252124,10.91883163942545,1971-08-09,0
BESO,"Rauw Alejandro, ROSALï¿½",4,2019,12,6,1428,12,155911,182,19,152,1,18,105.71776979165608,F,Minor,50.57490980417785,43.04823638553751,40.71653753502077,53.02731647979956,39.21901841389445,40.62520746840102,8.003775504670747,2019-12-06,1
Pussy & Millions (feat. Travis Scott),"Drake, Travis Scott, 21 Savage",2,2001,12,29,766,13,29480,174,12,146,0,20,130.98930632689073,E,Minor,76.79943544112392,64.94813274200189,73.18213045227182,10.89408995730978,2.387195068385627,5.432673510608517,29.80754909996909,2001-12-29,1
Ferrari,"James Hype, Miggy Dela Rosa",4,2009,5,24,2565,9,16667,128,4,42,0,18,90.11198019633224,C#,Minor,50.8719075644903,48.31850541091383,54.85234501762719,61.2552123859512,47.90866906405877,47.31705725611522,8.18092370298059,2009-05-24,1
Wake Me Up - Radio Edit,Avicii,1,1985,12,22,3915,16,140523,38,0,25,5,42,149.5469155903756,D,Major,83.2494700643922,60.4003362546894,73.5748207860784,16.362878153041812,8.66929754174285,13.047480377808302,25.02791838992847,1985-12-22,0
Freaky Deaky,"Tyga, Doja Cat",2,2009,3,18,4572,0,121836,62,18,182,8,6,94.92695103443252,D,Minor,52.45550470442004,41.48131411571823,37.71935998263216,66.71797847876127,47.42789358432314,54.89727363675571,8.333367715252749,2009-03-18,1
XQ Te Pones Asï¿,"Yandel, Feid",1,2022,8,10,4365,14,127184,267,16,88,6,17,145.96620990310188,A#,Major,83.2937794238209,76.38496873165188,74.52362721748344,17.642543312920935,3.785320877433784,11.086403514913314,24.95779858827278,2022-08-10,0
Get Lucky - Radio Edit,"Pharrell Williams, Nile Rodgers, Daft Punk",1,2008,7,19,2338,7,92908,51,9,196,1,13,94.33459366100942,F#,Minor,44.49635577112176,55.428794257980286,47.96183871577166,45.54535088195215,30.4757950927272,35.55649000414788,8.22609220071989,2008-07-19,1
X ï¿½ï¿½LTIMA,"Daddy Yankee, Bad Bunny",4,1994,3,24,1885,12,172861,240,12,10,1,2,90.46931263605626,G,Major,58.25119886241821,44.89077954250365,34.539997416609,54.22357098738576,41.53278617916578,38.59629959437555,8.935152479024211,1994-03-24,0
Open Arms (feat. Travis Scott),"SZA, Travis Scott",3,1995,1,1,688,7,139732,105,7,80,9,27,133.19783605247804,A,Major,81.63216486378067,66.34071177780179,81.01074663981107,19.87837673278289,7.173664556968191,6.114545914782598,23.19209583353218,1995-01-01,0
Every Breath You Take - Remastered 2003,The Police,2,2006,9,20,4596,0,27993,283,19,6,0,3,101.81038081147712,C#,Major,57.23974221767412,47.42921531050145,39.15437259657231,44.9888124265971,36.84027032557147,53.98752144572224,12.148668682494485,2006-09-20,0
"Here We Goï¿½ï¿½ï¿½ Again (feat. Tyler, the Cr","The Weeknd, Tyler, The Creator",5,2007,5,19,412,7,122759,295,19,167,0,47,105.62750022595937,C#,Major,45.89893872062402,49.48406526192814,48.93672798938481,67.63112642033035,20.1334878641536,52.740625043183925,14.51667992571843,2007-05-19,0
California Breeze,Lil Baby,5,2021,9,26,4717,10,78071,169,12,28,3,48,132.8895097256039,F,Minor,78.81235419621449,73.7818306277168,70.53402571630593,18.02494521258479,1.9707609270889888,7.810439100046703,25.769396420656435,2021-09-26,1
Lavender Haze,Taylor Swift,1,2013,12,20,4203,2,167705,95,1,125,4,35,90.5253259880438,A#,Major,58.81262366710256,59.12128565181798,58.29349752923199,57.09981465756488,35.011998239290065,39.94439969320834,10.276584321405664,2013-12-20,0
Blessed-Cursed,ENHYPEN,4,1976,6,23,400,15,153748,104,5,34,2,22,91.96110616385688,E,Minor,45.32618003105074,45.72595517689416,51.55315444298395,41.26458976089552,35.9960101329856,38.51729152445611,14.394669612058422,1976-06-23,1
A Veces (feat. Feid),"Feid, Paulo Londra",5,2015,3,18,2007,0,115014,59,19,89,5,48,94.0689099555002,C#,Major,40.63240359666362,42.38531349061019,43.7888710338069,69.53260264401757,23.54002282231486,56.84200790812473,7.647606153819806,2015-03-18,0
Numb,"Marshmello, Khalid",4,2019,7,23,4358,8,181245,112,17,128,6,23,148.19175338741104,Unknown,Minor,82.46031211404802,77.04308227431376,82.40367156240526,23.275107868148574,2.9250031297233035,8.216340856040926,29.668266436617166,2019-07-23,1
Christmas Tree,V,3,2018,8,7,3299,16,115630,194,18,86,6,47,93.12938382632277,F,Major,44.90637131749268,57.459412517392586,52.111699047744864,43.16409030810372,24.61591193249232,45.19112155425353,11.185736066680878,2018-08-07,0
Seven (feat. Latto) (Explicit Ver.),"Latto, Jung Kook",5,1998,9,19,2925,15,152435,98,6,189,3,8,131.13361348924292,B,Major,88.07864890722408,63.46735779522099,81.87956201953489,18.832564917266765,2.3167827195994803,18.47253136655676,19.679348719125315,1998-09-19,0
Ya No Somos Ni Seremos,Christian Nodal,4,2014,4,25,4687,6,28554,239,9,64,7,22,143.72173657796887,G,Major,89.37658007831763,63.96134239507555,85.80241809077386,24.36435126866532,0.0867580025404435,19.485306580030507,18.097832784587958,2014-04-25,0
Need To Know,Doja Cat,5,2007,5,12,2573,5,191340,200,4,104,5,38,108.4060367617391,C#,Major,52.22116534817502,54.65488530427315,43.27467390728316,57.46609000408371,22.680724823629877,50.5975679652345,7.2725113122230685,2007-05-12,0
Danza Kuduro,"Don Omar, Lucenzo",4,2010,11,9,3126,5,64571,92,6,84,2,40,139.87839933922717,Unknown,Major,93.72508716001872,61.663207006559865,77.93715972583112,9.83907336741512,0.9442397448077288,11.63218461680868,20.561130081225684,2010-11-09,0
Life Goes On,Oliver Tree,4,2005,9,5,4483,4,20399,279,4,188,9,41,130.4116375230711,Unknown,Major,84.72726897799433,68.72203713643937,71.69797901474944,14.378399231879824,2.451267493152172,19.95665982592909,21.560375500662968,2005-09-05,0
TQM,Fuerza Regida,3,2021,7,26,1401,14,56519,60,18,158,8,5,146.39441894405434,F,Minor,82.92036156409337,72.32282062940945,74.54589614285072,12.606196211080096,4.996363347630592,18.39198134300171,20.162680278325045,2021-07-26,1
Otro Atardecer,"Bad Bunny, The Marï¿½ï",1,2012,9,6,3101,9,84387,65,2,185,9,8,95.50336196673284,D,Major,53.41730040051752,52.72096888847226,51.07158539227428,51.1745932181138,45.61303850765038,58.57011857508304,13.539159983986464,2012-09-06,0
Dynamite,BTS,2,2013,4,18,4423,8,127252,155,14,67,3,27,135.87462816607865,F#,Minor,84.46151193107288,63.58742802158489,80.67670506485177,12.97011946974076,9.214880913253364,14.396526231619845,15.366236915333754,2013-04-18,1
Normal,Feid,3,1998,12,12,2810,17,28868,155,2,116,7,21,106.44983260660295,E,Minor,47.61136710775644,52.10498041418266,58.40473839358902,50.31681624270777,44.382324965642326,55.786333570737725,12.179033891307409,1998-12-12,1
Malvadï¿½ï¿,"Xamï¿½ï¿½, Gustah, Neo B",5,2018,2,5,2092,3,1467,157,3,66,1,12,143.57937701410555,F#,Minor,76.45925837376183,74.57804231142677,70.06705536031889,12.732568555886736,0.4988178304208723,7.310904658137239,23.894404500877076,2018-02-05,1
Save Your Tears (with Ariana Grande) (Remix),"Ariana Grande, The Weeknd",4,2002,1,15,2751,14,150231,192,5,177,3,8,99.26944217403944,Unknown,Major,56.01929862132782,57.042445982016574,56.45418626318788,45.535880387496846,35.90714525351892,51.67779675710717,10.889661679083993,2002-01-15,0
AMG,"Natanael Cano, Gabito Ballesteros, Peso Pluma",1,1956,12,8,4850,6,78540,124,11,177,8,26,145.00273668935358,B,Minor,84.85393543203809,74.85099608080967,88.41096273424273,15.45049741361207,7.175019720453265,8.628020084654992,16.971190088633115,1956-12-08,1
Somebody That I Used To Know,"Gotye, Kimbra",4,2010,7,18,245,11,153053,250,11,140,4,19,91.37977597112685,Unknown,Major,47.65152447557911,44.37959725624325,54.21362449751939,45.15741662066826,25.72832830636724,38.23663279939996,9.66466286397241,2010-07-18,0
Gatita,Bellakath,5,2019,9,15,939,17,16813,111,2,106,3,49,145.96995597414974,G,Major,87.72952965753373,74.45422374684267,78.03746970412638,5.079817786250265,9.401199093162829,10.487941749160916,26.44961294716996,2019-09-15,0
Set Me Free Pt.2,Jimin,1,2017,5,3,4579,18,119537,57,0,130,6,38,97.77928789903562,Unknown,Minor,44.16682774524352,52.9060157869025,39.61558867017919,59.43509247680282,40.26047607307967,52.30268371923303,6.198348169727183,2017-05-03,1
Heartless,Kanye West,3,2009,2,7,1176,19,94658,222,9,167,0,18,132.5145475340955,A#,Minor,92.17456664834192,64.31599784404223,86.17941118327126,24.617136253313728,2.015488932212641,5.155880789503842,22.859877067964824,2009-02-07,1
Those Eyes,New West,2,1961,4,7,3496,4,15956,218,19,70,2,18,139.88435442623998,E,Major,78.10351016247178,64.29146128000123,71.34103136273326,24.22810242696545,8.340329233438945,13.368099597036265,17.692926108591976,1961-04-07,0
Calm Down,Rï¿½ï,5,2000,11,7,2918,7,34453,266,19,142,2,20,132.4944569649995,B,Major,92.65013172447522,62.79717532309712,77.49708837604409,18.84182290018474,9.361960194524508,9.42961577344788,16.22227458608492,2000-11-07,0
Sure Thing,Miguel,4,2006,4,23,3028,11,57669,275,0,184,3,15,100.2139828417671,B,Minor,42.39549158774399,43.48341952810265,50.96879124897398,46.23412851283611,26.82132251247397,38.8323480310385,7.636098974256318,2006-04-23,1
Counting Stars,OneRepublic,4,2022,2,21,4031,16,88607,63,3,65,1,31,102.93756607622652,C#,Minor,53.946752850605286,54.66253554812148,32.936169379396944,64.45283499603084,25.019262759890545,43.03129409410256,11.909163399700972,2022-02-21,1
B.O.T.A. (Baddest Of Them All) - Edit,"Interplanetary Criminal, Eliza Rose",4,2013,3,15,4307,7,1729,179,16,118,1,40,90.780638537036,Unknown,Major,48.47886877073687,47.2840783481425,54.21385012387685,43.69698368111712,31.82167325838572,48.508961446266646,9.793981901706845,2013-03-15,0
Conceited,SZA,1,2013,6,28,1267,15,148947,242,13,174,6,11,98.14088210360823,C#,Major,54.71687075012628,57.69979997036521,36.371515736642536,65.42842749269384,20.77797210490513,32.419086238958485,8.005293048466442,2013-06-28,0
It's Beginning To Look A Lot Like Christmas,Michael Bublï¿,3,2010,10,3,4433,12,90768,17,3,11,4,23,134.09256783893497,E,Major,93.3957635111218,72.43428598863339,84.32274937885131,20.260420281619385,6.787229652396867,9.347519338063634,22.33931960780774,2010-10-03,0
Merry Christmas Everyone,Shakin' Stevens,3,2003,6,24,3248,14,34162,157,17,22,1,25,102.15251005322268,C#,Minor,43.10299995758177,52.889679118556,33.93017004828202,65.95323361652315,40.79351090386552,54.673821372749856,12.180903028891898,2003-06-24,1
La Bebe - Remix,"Peso Pluma, Yng Lvcas",3,2001,12,12,3742,2,40486,135,10,174,2,40,145.97406081705088,D,Minor,87.16946911629891,77.37303489380847,73.83512831786423,18.330640887016763,1.2410414186237606,6.532686401688945,17.094252532941322,2001-12-12,1
BILLIE EILISH.,Armani White,5,2021,8,23,1155,10,119613,155,19,132,9,33,109.67845422491214,C#,Major,52.80552231517561,49.792423782947125,38.59994577927131,44.164474623484224,38.76111924203147,37.89316146542197,12.857651398458124,2021-08-23,0
Money Trees,"Kendrick Lamar, Jay Rock",5,2005,10,16,4524,19,133624,207,19,151,8,16,96.42188011852042,E,Minor,55.20197335836107,54.840544110799485,34.48077506789577,63.21884822715101,48.675048978634806,47.44388664471544,14.412028238224403,2005-10-16,1
"Arcï¿½ï¿½ngel: Bzrp Music Sessions, Vol","Arcangel, Bizarrap",5,2011,1,25,4865,9,69503,34,11,94,4,1,138.52773813193423,B,Minor,85.6680200577535,64.5137443424817,75.41442091059663,22.815386119695216,3.052554033738233,7.7530315257985745,16.564970856199864,2011-01-25,1
Thought You Should Know,Morgan Wallen,2,2016,12,30,2369,18,193373,172,18,107,3,2,137.5183073775141,F#,Major,81.77687345798796,71.68291091309403,84.19837206633633,11.10260998955012,0.3312766773877584,6.336450548036264,19.71100019717946,2016-12-30,0
El Rescate,"Grupo Marca Registrada, Junior H",2,1986,10,24,4529,5,187203,171,5,58,8,5,105.52977959033925,G,Minor,45.33655186921946,54.35298597847638,53.44539799505053,65.08178560097983,31.68561662882049,45.145175276271694,13.59106570746824,1986-10-24,1
Sure Thing,Miguel,4,2021,4,13,125,12,103697,34,3,40,1,5,141.60533328460673,B,Minor,79.73375865011766,70.2038735501269,84.6675503718105,18.70048845351667,2.296856425482781,15.481507188682263,25.14937344995336,2021-04-13,1
Daylight,Harry Styles,4,2002,2,10,2920,0,143762,239,15,66,2,28,136.5864538825171,Unknown,Major,75.31146697840224,60.31516192572372,70.28391044287696,15.67907172038394,3.97068334092338,11.935614959140292,25.473807198904588,2002-02-10,0
Sobrio,Maluma,1,2020,6,15,211,10,154237,183,7,44,8,22,95.70907072929062,F,Major,47.76283868652961,50.56004417177729,52.48326953948032,59.20992381026434,40.03224731821358,50.64721515872195,11.51898506887941,2020-06-15,0
25k jacket (feat. Lil Baby),"Gunna, Lil Baby",1,2018,5,2,1984,12,113267,178,4,172,9,23,136.36530389293307,F,Minor,86.90269504558046,62.84013470614303,73.83545572989513,23.804100382167363,5.8845904207128,17.48889680586625,17.683488287351445,2018-05-02,1
Pepas,Farruko,2,2017,11,21,4127,13,110313,89,12,51,1,20,135.82596637909228,G,Major,78.1041426597265,64.21155852311895,85.708514823591,11.915374351887415,5.92764066091,6.470023509953903,24.246682519312635,2017-11-21,0
ceilings,Lizzy McAlpine,1,2007,1,22,2237,16,185802,298,15,106,2,46,133.85016508203597,A,Major,84.13754148741884,73.79802959444605,89.80500146509009,17.429772945328313,0.4832592669270441,8.53488371289787,22.79212638206349,2007-01-22,0
Sparks,Coldplay,4,1975,3,6,2672,14,108752,258,13,94,5,47,143.3738632684564,C#,Major,82.13238081874697,69.15581253683246,76.207581737419,9.202481119873536,8.42344082840043,13.17768778126362,24.29230593398845,1975-03-06,0
ýýý98 Braves,Morgan Wallen,3,1957,5,27,1475,4,98149,61,14,36,3,29,109.24935273908795,D,Major,43.97263544398213,48.37992076106019,59.00116770009125,66.78549980832614,28.510645868655796,48.56920132099998,12.9700191636757,1957-05-27,0
Have You Ever Seen The Rain?,Creedence Clearwater Revival,3,2015,11,13,831,4,162139,129,0,181,8,42,138.99708524078466,Unknown,Major,77.33535376060756,60.66246683982054,75.85813923151883,8.140620062121624,7.509496719297234,5.437198280112451,16.30273405288555,2015-11-13,0
After Hours,The Weeknd,4,1979,2,20,2059,7,198063,179,9,50,5,16,103.39108422356504,F,Minor,47.07459765630924,50.38396912328732,46.92146000746786,42.12932617314876,24.82892433706254,55.36716907000255,10.1092195323176,1979-02-20,1
Stand By Me (feat. Morgan Wallen),"Lil Durk, Morgan Wallen",1,2007,6,24,3958,18,118806,48,11,143,9,23,143.9252895952344,B,Major,89.38403045784167,66.23823656180669,73.28151434290282,23.38791567263048,4.334809707944932,18.80073505450988,27.60515884126396,2007-06-24,0
Mon Amour - Remix,"Aitana, zzoilo",1,2018,2,6,92,15,30166,64,8,16,6,14,108.4313161283652,D,Major,47.23266495539641,59.681097393341474,34.32074119667236,61.75821093984109,29.98050240240231,33.16871275619705,6.679981123611175,2018-02-06,0
Ferxxo 100,Feid,1,2013,12,30,177,3,153329,165,5,165,3,13,109.894466355259,G#,Minor,47.20484829744191,58.757522267104825,31.87095924245568,57.15100781914653,25.443849641824364,43.26050825303071,13.14563621135476,2013-12-30,1
Tacones Rojos,Sebastian Yatra,2,2010,7,8,2341,16,10622,27,18,66,7,29,91.27937011149076,B,Minor,44.16242976268935,49.30999191159333,52.81876833747243,48.02033826289074,23.528405685997893,39.426606778094,6.692011987541271,2010-07-08,1
Eu Gosto Assim - Ao Vivo,"Gustavo Mioto, Mari Fernandez",2,2005,2,11,3603,14,39458,137,12,122,0,28,96.971078430416,Unknown,Major,47.54530392514464,50.13752512585003,57.54634409213577,63.64836185680179,26.875578359555597,42.46166874727048,9.743334331381105,2005-02-11,0
Rush,Troye Sivan,3,2011,4,11,1467,7,161375,44,10,11,0,26,147.5381557515728,F,Minor,79.05511761893986,64.23531611261038,82.2800762505051,17.866033753591655,8.900423927787022,11.531667919237623,24.13145345061577,2011-04-11,1
Just The Way You Are,Bruno Mars,3,2007,7,30,3649,2,80748,118,2,133,6,25,139.03835165660448,F,Major,92.36028891085876,67.5421520656468,85.1956975397437,20.53684958479428,6.0509981046838925,17.120198401586308,21.546664277711333,2007-07-30,0
Love Yourself,Justin Bieber,2,2002,6,5,970,12,49098,285,11,164,2,47,106.96042947018466,E,Major,57.98031017022204,50.86029324938119,43.24437982766937,47.14627373534663,27.80826148994096,43.47201945897881,14.15558896404044,2002-06-05,0
Ojitos Lindos,"Bomba Estï¿½ï¿½reo, Bad B",3,2012,2,7,4919,18,160940,251,17,48,3,37,148.41166325395864,D#,Minor,79.67067934762412,63.07725895330256,77.91088398284379,23.770000631147997,4.253323996346918,18.03661482886131,18.675807144932087,2012-02-07,1
Leave Before You Love Me (with Jonas Brothers),"Marshmello, Jonas Brothers",5,1966,1,8,2564,6,93494,178,1,42,6,41,98.6065087037498,G,Major,55.374451835789344,40.42562735636079,45.586818555328165,53.97316109503231,20.098902236968527,51.32236637912477,12.667175364628037,1966-01-08,0
Chale,Eden Muï¿½ï,2,2009,1,12,3046,16,101932,221,14,112,7,43,98.85709952091642,G#,Major,45.76328245230893,47.34053984692272,45.821053861944335,55.22414279785513,39.561772820844894,39.3771211152888,12.75756242329833,2009-01-12,0
Erro Gostoso - Ao Vivo,Simone Mendes,3,2017,2,12,2144,19,90319,253,10,76,1,29,97.29893930252209,F#,Major,57.44660327627393,50.43839601093417,53.411512380607846,40.31676060533623,39.01448093237021,51.54402225773916,9.618151303743865,2017-02-12,0
Do It To It,"Cherish, ACRAZE",5,2010,10,18,1862,13,167934,197,10,120,2,39,148.25053615243064,B,Minor,75.78001633495268,69.40041300290143,73.85373026812591,18.41678357173441,3.6061975022531954,13.331780563953428,17.238609725859092,2010-10-18,1
Miï¿½ï¿½n,"Tini, Maria Becerra",5,2021,3,15,1563,9,13519,98,6,117,5,7,142.56687839206262,D,Major,90.33479260641,76.27210343443103,71.29574713074638,11.567325447461778,9.851181155355873,18.94541310258248,17.92169384681812,2021-03-15,0
Get Into It (Yuh),Doja Cat,1,2017,7,3,4245,6,51712,180,8,197,3,4,135.11963106699005,G#,Minor,86.3375085900758,77.65435728721394,70.82545355105916,21.75847731249337,7.903633328836815,5.668570530281155,15.882627286358918,2017-07-03,1
White Christmas,"Bing Crosby, John Scott Trotter & His Orchestra, Ken Darby Singers",1,2004,5,14,857,17,187659,12,16,92,3,13,136.8089805536767,A,Major,83.72766602809787,76.43159558592876,71.59248679472704,19.534778225293987,4.379151379993937,19.931281320681144,28.70788190319906,2004-05-14,0
deja vu,Olivia Rodrigo,5,2022,5,27,4022,15,171388,20,17,6,1,30,102.74145216095168,A,Major,56.7748351615799,52.58438019263221,46.19352677629941,56.21544194710504,27.26612056584967,41.76929736637469,6.28318670475093,2022-05-27,0
Cupid ï¿½ï¿½ï¿½ Twin Ver. (FIFTY FIFTY) ï¿½ï¿½ï¿½ Spe,sped up 8282,1,1987,3,19,594,0,50043,295,10,196,0,30,94.00164963680186,F,Major,53.76057684701969,51.363673572055816,33.35230757794255,55.41269146058073,29.976357134595887,30.39823568828365,14.741984517892291,1987-03-19,0
Every Summertime,NIKI,3,2002,11,11,3994,17,93589,91,7,79,5,28,137.65633166904811,F#,Major,91.79389055802294,69.89835482180469,74.11939031170658,18.995421688053035,1.2820290988360905,19.77599479449607,15.636649382185492,2002-11-11,0
Rockin' Around The Christmas Tree,Brenda Lee,5,2008,5,12,3823,13,64769,92,2,173,9,37,149.92841006550378,G#,Major,93.83810096218784,66.25450805478266,70.52525358388668,16.51121850936913,8.850977671334485,10.642396443203964,25.572676749470943,2008-05-12,0
Danger (Spider) (Offset & JID),"Offset, JID",2,2017,8,15,2637,9,186582,228,7,105,9,12,102.93414971418636,B,Major,40.5069111787742,51.72229395181737,55.22199629430044,67.80637093331933,39.54531930635244,43.49259176196568,10.186762286228166,2017-08-15,0
I Like You (A Happier Song) (with Doja Cat),"Post Malone, Doja Cat",5,2001,12,3,4608,3,56376,71,12,106,4,21,99.54256141513282,F,Major,45.74411929558537,45.068503583739,41.585796747701416,52.07672513275085,37.751855120751166,56.213393610217416,12.155930132572156,2001-12-03,0
Mal Feito - Ao Vivo,"Marï¿½ï¿½lia Mendonï¿½ï¿½a, Hugo & G",5,2018,4,24,4608,17,21426,78,16,50,8,39,133.98832213780042,Unknown,Minor,93.52279091187889,61.21182112518233,71.55763582419593,23.395963596402236,5.042827333878311,18.394499814715303,21.16614556112573,2018-04-24,1
Holly Jolly Christmas,Michael Bublï¿,4,1977,5,1,3477,7,91006,10,17,127,8,40,91.76890201100244,G,Major,42.565632733584366,40.26650485998628,52.44098099002646,68.47050965236915,39.34786550049769,50.0497365422342,8.105895976801468,1977-05-01,0
We Don't Talk About Bruno,"Adassa, Mauro Castillo, Stephanie Beatriz, Encanto - Cast, Rhenzy Feliz, Diane Guerrero, Carolina Gaitan",4,1977,8,15,1136,9,133892,209,17,91,1,45,97.24962657702778,Unknown,Minor,41.49858978415988,57.95966879576909,47.41144318580828,48.46721645667254,23.671933656703374,36.67533008846635,13.966061093854092,1977-08-15,1
My Universe,"Coldplay, BTS",2,2002,4,29,2031,0,56599,101,9,163,4,21,100.39651229150994,A,Major,49.75167104076468,55.161823650096565,33.583518813949425,52.3522610132716,28.46745593190273,42.30313661473225,10.116956415227488,2002-04-29,0
Makeba,Jain,5,1989,12,28,1395,11,178668,275,1,17,4,42,143.09890214072382,D,Major,93.56076089142536,64.6049977509839,77.46166033606019,23.231528410583675,3.0989622267361883,10.089559614620365,17.84586101106268,1989-12-28,0
Attention,NewJeans,1,2010,7,20,477,15,53565,226,11,150,3,19,141.0237208864374,A#,Minor,81.96811684774514,77.60335506639478,84.35775715054521,17.11967671475625,7.990801431878744,12.929345847016258,28.775300676340045,2010-07-20,1
Dynamite,BTS,5,2018,9,10,3237,7,152260,193,18,172,7,10,137.9519597579202,F#,Minor,88.66426012131521,76.68467483851379,86.87285952516123,6.644501046419764,2.283589084864528,7.795919045414668,21.43786568250526,2018-09-10,1
Life Goes On,Oliver Tree,3,1976,10,31,461,13,40660,119,16,78,9,0,105.72127092417114,Unknown,Major,49.050466290082895,45.29667055457044,48.964205865877325,59.25108617106396,27.17685921315777,57.16645420100637,14.549714598494404,1976-10-31,0
Before You Go,Lewis Capaldi,2,2013,10,24,1026,6,145402,38,14,51,7,26,130.1519215089527,D#,Major,84.20282347171143,65.98211297467051,74.57898430658496,16.51593082155013,6.867219239326681,5.617634109179277,29.953033975298712,2013-10-24,0
White Christmas,"Bing Crosby, John Scott Trotter & His Orchestra, Ken Darby Singers",5,2003,4,4,1414,14,126362,14,12,112,3,43,94.89460986841576,A,Major,45.3996706981931,52.62807756091928,32.3926758567151,58.14025983675555,35.22297540569245,49.70720748923821,13.396004628783938,2003-04-04,0
"Nobody Like U - From ""Turning Red""","Jordan Fisher, Josh Levi, Finneas O'Connell, 4*TOWN (From Disney and Pixarï¿½ï¿½ï¿½s Turning Red), Topher Ngo, Grayson Vill",3,1979,2,12,286,10,67505,275,17,197,7,14,144.06017186881954,A,Minor,81.57494816021554,79.43430462512396,87.82249028656419,7.09457447531487,8.230455134939898,14.316734025388303,23.793643653975828,1979-02-12,1
Happy Xmas (War Is Over),"John Lennon, The Harlem Community Choir, The Plastic Ono Band, Yoko Ono",4,2002,3,7,3154,4,139638,184,12,179,6,2,134.61130297456572,D,Major,93.56839721795863,78.26140016356374,87.00103676717737,10.132173384921908,7.213424054812927,5.464939873793494,26.96440425688808,2002-03-07,0
SNAP,Rosa Linn,4,2000,2,14,3779,10,83699,180,14,93,7,43,145.09538319297698,Unknown,Major,82.08230280155662,65.63776274568643,76.55603077315193,20.318538482360395,5.267736141576222,16.28652205944887,21.397016501379504,2000-02-14,0
Lilith (feat. SUGA of BTS) (Diablo IV Anthem),"Halsey, Suga",3,1989,12,2,2288,19,98893,159,13,77,5,9,106.70201759830692,A,Minor,50.99497898384281,44.5271273743768,39.14607872980983,44.706046375285446,31.53982346752517,51.8131135516482,8.662765889752288,1989-12-02,1
I'm Not Here To Make Friends,"Sam Smith, Calvin Harris, Jessie Reyez",3,2020,6,11,430,6,18236,53,15,176,5,33,107.80258172617118,Unknown,Major,51.45159125548883,56.965380615072185,51.00719906721461,45.76221095076144,40.8017762888457,41.726316616431774,12.050814070132528,2020-06-11,0
traitor,"Juan Cruz Toledo, Huilen Toledo",1,2021,5,27,3043,16,69198,215,15,149,7,37,105.26971679673058,D#,Major,46.34809127524135,50.07959254736433,51.65866606967274,61.49968053198555,42.648931279222666,45.13644295486797,11.51161393243769,2021-05-27,0
un x100to,"Bad Bunny, Grupo Frontera",5,2003,9,9,4278,14,146284,60,2,81,4,40,103.06845765719578,F#,Minor,58.52687536101129,57.8479722982301,37.76774715343812,69.18917408532472,39.18155329182756,33.587303721971665,14.136478505690642,2003-09-09,1
"Shakira: Bzrp Music Sessions, Vol. 53","Shakira, Bizarrap",3,2020,5,12,2433,2,24565,288,7,165,9,40,144.6895471089356,D,Minor,83.1433066359974,65.73212890832403,77.2239966522929,20.300828808267728,1.1149409002237654,17.05107554488324,22.27951686755354,2020-05-12,1
Es un Secreto,Plan B,2,1988,5,19,3752,11,14332,98,19,179,6,39,145.72021925410652,F#,Minor,81.80560303950958,70.2591269453684,88.17443869889273,6.907034866428847,2.188891765750366,16.15090278972488,16.82851880373237,1988-05-19,1
Labyrinth,Taylor Swift,2,2001,8,10,2390,5,195763,121,4,87,2,18,134.46918754210887,Unknown,Major,76.38318486954755,79.46715753235982,89.75551674608862,9.29313486924167,0.7031556172987374,9.974868208836956,22.014275694587475,2001-08-10,0
Cupid ï¿½ï¿½ï¿½ Twin Ver. (FIFTY FIFTY) ï¿½ï¿½ï¿½ Spe,sped up 8282,4,1964,5,23,2604,4,52736,206,5,191,2,16,107.17358230321584,F,Major,48.83773385239511,56.30568094688617,37.04330926292612,65.97744471215708,24.265128005249142,40.25123451765752,10.157718621328742,1964-05-23,0
Normal,Feid,1,1965,5,5,1319,5,181909,283,5,50,4,42,138.28590047015513,E,Minor,94.69517579767572,60.878791744451554,88.65171931553574,10.53903778812293,6.685026080273248,9.049866955997292,25.959434784419976,1965-05-05,1
"Shakira: Bzrp Music Sessions, Vol. 53","Shakira, Bizarrap",5,2006,9,17,2954,12,187815,201,14,46,3,18,130.64510782538702,D,Minor,79.46188919249035,65.33169914568678,89.74865771948062,16.0259234864869,5.94194169912786,5.507570362834303,21.49848676007397,2006-09-17,1
Superman,"Eminem, Dina Rae",5,2013,9,16,482,4,190704,177,11,102,3,18,132.83250313241004,E,Minor,90.3224989975362,78.52620100231785,75.27037279143082,22.711752104080468,0.6932791834546226,12.876835953577526,19.45115254436238,2013-09-16,1
Selfish,PnB Rock,5,2013,3,23,4201,6,144969,275,5,141,6,46,137.0844067973255,C#,Minor,88.06067233865724,65.48385743162099,78.62157570237173,13.891881315753718,6.192049201805552,16.78854194625569,26.693011182274955,2013-03-23,1
Moth To A Flame (with The Weeknd),"The Weeknd, Swedish House Mafia",5,2014,6,19,3139,8,188470,210,19,92,6,42,96.29633265389096,Unknown,Minor,47.06123868436117,46.492681038505566,36.49913305776408,52.121854757989446,37.75629064500566,43.32933038148843,10.489413849980057,2014-06-19,1
Forgot About Dre,"Eminem, Dr. Dre",1,2001,3,22,1138,7,49310,94,5,185,0,0,140.79234790616255,G#,Major,84.27119440806166,65.41905962319477,80.19864412822753,13.941047731212745,5.728546787847259,5.876007859032307,17.596344359528434,2001-03-22,0
Selfish,PnB Rock,4,1971,11,23,3538,14,182379,179,5,177,1,41,93.0591117546184,C#,Minor,46.093038729435406,50.428491167452975,33.913178965369426,69.42398514269357,43.99878408489462,52.89799091757351,10.475374349528092,1971-11-23,1
"Cayï¿½ï¿½ La Noche (feat. Cruz Cafunï¿½ï¿½, Abhir Hathi, Bejo, EL IMA)","Quevedo, La Pantera, Juseph, Cruz Cafunï¿½ï¿½, Bï¿½ï¿½jo, Abhir Hathi",4,2011,8,20,3982,8,86168,247,4,91,1,40,141.07134332651532,F,Minor,76.0476756971041,60.58567251661909,79.96475234138883,24.57199313294719,6.506893835013678,13.327572472424894,29.503296046072933,2011-08-20,1
Cupid ï¿½ï¿½ï¿½ Twin Ver. (FIFTY FIFTY) ï¿½ï¿½ï¿½ Spe,sped up 8282,2,2020,1,5,140,18,148953,204,19,81,7,15,104.14546005391789,F,Major,48.77919857539396,57.17079967126608,37.52299733498302,57.82183263438557,31.700585453134035,31.85975399106716,5.849499345739812,2020-01-05,0
I Can See You (Taylorï¿½ï¿½ï¿½s Version) (From The ,Taylor Swift,3,1988,9,28,2654,19,31751,65,0,59,5,38,141.58779312324282,F#,Major,90.48920237182917,78.23099884691291,78.82186905192196,19.27980970137373,1.4147585531035,7.118828503866688,24.37981457227088,1988-09-28,0
Antidepresan,"Mabel Matiz, Mert Demir",5,2020,4,2,2837,18,115083,188,11,42,4,26,146.89001688076834,B,Minor,90.40602755118977,76.94555938107075,78.62621460823887,19.72143046795073,9.058044366862228,16.88341866630924,16.90145946620519,2020-04-02,1
Cupid - Twin Ver.,Fifty Fifty,1,2012,5,13,1856,12,159080,280,18,168,9,14,141.74697128581727,B,Minor,79.94538208933467,78.14935143755676,86.2072401611586,10.423611966191553,8.333190578924851,15.903974373083615,24.783544079007417,2012-05-13,1
SPACE MAN,Sam Ryder,3,1968,5,25,1299,18,100780,193,4,137,7,24,105.4257787854462,B,Major,54.30430975226756,52.65316882543279,46.76178361533153,66.56172176652808,43.95161084727559,35.634574120991616,13.203359300884998,1968-05-25,0
Circo Loco,"Drake, 21 Savage",1,2009,3,15,589,4,81287,264,13,25,7,46,96.37912501740364,C#,Major,50.8130641775476,48.74282687382444,35.0477680480504,44.12608475626279,41.96506580139396,38.02275699371254,10.68846441837097,2009-03-15,0
Unstoppable,Sia,4,1973,12,11,2071,14,64543,15,5,97,3,36,101.19490074686595,A,Major,45.59764660833845,54.49717789901459,44.20562871287321,57.22628303287273,25.610037789709043,55.82506744809575,14.26236551718453,1973-12-11,0
Seu Brilho Sumiu - Ao Vivo,"Israel & Rodolffo, Mari Fernandez",4,2012,12,19,142,15,34513,54,19,160,1,18,90.82770542031383,F#,Major,50.09807199620156,54.10057633582662,48.9023532025662,66.53146844399757,42.31650426496165,47.34320407955644,11.76925854236231,2012-12-19,0
Sigue,"Ed Sheeran, J Balvin",4,1995,6,2,2986,19,37094,55,9,16,3,3,131.99991442091567,G,Major,90.7257388951383,78.17019705518769,89.95987402464934,10.02861408527789,6.609796101127058,5.7987089699140615,21.223406784508263,1995-06-02,0
Fuera del mercado,Danny Ocean,1,2015,2,11,2717,9,57683,122,4,78,4,15,132.06618830730315,G#,Major,79.56424291703995,61.51552645261945,86.53056645552884,15.171292390108906,2.0114391406998697,14.319239136302023,24.040266560780783,2015-02-11,0
Donï¿½ï¿½ï¿½t Bl,Taylor Swift,5,2007,12,13,972,10,121906,85,17,129,7,10,132.87923315937834,A,Minor,76.38957218977093,73.26367090023987,87.2297555246797,15.221740696369483,3.0618025086387246,13.284883443923462,16.24692447814262,2007-12-13,1
Monotonï¿½,"Ozuna, Shakira",2,2009,5,18,3003,10,194740,133,0,13,3,37,134.1890481513492,Unknown,Minor,87.92567961121856,68.28134659996448,89.48660009322994,5.934817494978713,9.787598033630172,10.844215855527732,20.413042543527773,2009-05-18,1
Layla,"Schï¿½ï¿½rze, DJ R",5,2022,12,31,4816,18,62828,180,18,67,7,1,149.62648870072397,F,Minor,83.28686026158374,67.60306554574643,79.48046083482049,6.512473796292135,8.431517390840295,12.101111852276636,20.8212032454073,2022-12-31,1
"Arcï¿½ï¿½ngel: Bzrp Music Sessions, Vol","Arcangel, Bizarrap",5,2008,9,27,1394,13,139945,95,17,51,7,17,146.0275647318723,B,Minor,75.26827569322599,76.47853423203111,76.69874795071354,8.84266700252072,9.301913212430822,6.842834933502308,20.101937279340657,2008-09-27,1
Double Fantasy (with Future),"The Weeknd, Future",4,2016,4,5,3658,16,119081,208,13,183,9,21,105.16921959281204,A,Minor,53.803961522558936,48.62256312496216,46.66419555098416,48.855543746115,43.3519398749234,44.40358609613804,9.04577391376668,2016-04-05,1
Novo Balanï¿½,"Veigh, Bvga Beatz, Supernova Ent, Prod Malax",5,1988,4,2,2915,14,112482,59,11,99,1,27,95.91081947737226,D#,Minor,40.697080089421256,46.70052627647933,52.80173919747135,52.22059749435383,20.002051397855787,44.09337889241574,10.245874863689789,1988-04-02,1
All For Us - from the HBO Original Series Euphoria,"Labrinth, Zendaya",5,2015,6,19,54,11,52205,153,7,135,6,26,106.73082749651655,D#,Major,55.29825999856971,40.11192927505152,44.86554540614658,40.3305566865221,23.069503850296694,42.58413144777672,6.87919439323062,2015-06-19,0
Snooze,SZA,4,2014,3,18,4791,1,19713,185,9,80,3,31,106.82938536197634,F,Major,59.74803644967314,52.96174774186712,32.14508522248114,67.12554331049753,34.92610219859951,44.59675025869974,14.94518344995052,2014-03-18,0
Master of Puppets (Remastered),Metallica,5,2012,12,20,2794,7,34430,242,10,143,3,16,109.74502592965597,E,Minor,58.09140276443943,51.18743445324337,48.720441892706205,60.22648935337397,47.18862355980396,57.970360162675775,11.706950958306871,2012-12-20,1
WAIT FOR U (feat. Drake & Tems),"Drake, Future, Tems",4,2003,8,18,3215,4,78410,72,15,6,7,33,132.96686891793377,C#,Major,75.90901720361788,73.59013950824009,87.65437150823456,19.083857495877027,2.4243382265988203,12.612847993131972,19.501474079877653,2003-08-18,0
Stargirl Interlude,"The Weeknd, Lana Del Rey",3,2016,7,7,4066,10,136898,291,15,89,1,26,96.44724764004386,F,Minor,52.72727929190779,49.45850130933012,32.90283149019396,55.209242571596775,36.837886159991776,54.27503390454376,13.705632582799424,2016-07-07,1
Love Again,The Kid Laroi,5,1996,1,19,1621,2,154069,52,8,145,8,38,138.3356989385352,B,Minor,89.8570427714301,67.84040143403165,78.6186940194353,8.89907261843436,2.066094227423584,13.649029287457614,26.82447451752097,1996-01-19,1
Acapulco,Jason Derulo,3,2015,10,20,802,10,38692,60,1,135,8,38,99.93488468189923,A#,Major,48.05465401298627,44.27232296589241,32.07365463793987,67.5038144105537,41.76318797468487,53.54340131406921,8.318033006937625,2015-10-20,0
I Know - PR1SVX Edit,"Kanii, PR1ISVX",2,1974,9,23,3292,11,173782,209,13,14,4,42,98.82266368149372,B,Minor,42.49732630130688,52.27387313127899,30.337196882228888,57.49530788109986,29.14168938548001,44.59277742805808,6.857154228615291,1974-09-23,1
Sugar Rush Ride,TOMORROW X TOGETHER,5,1990,1,15,1224,17,150841,34,18,110,7,20,131.92432738379748,A#,Minor,94.44320389654928,62.06162846400324,79.6176352367705,14.199752423954642,8.860800688667766,11.787070734607603,26.69815774960285,1990-01-15,1
CAIRO,"Karol G, Ovy On The Drums",5,2002,6,29,3870,16,187230,90,6,53,8,36,98.98971035081398,F,Minor,56.29278074625039,51.21645367753382,55.36498259806324,68.14587356632855,40.07278721355968,40.751765995345735,11.963112676739373,2002-06-29,1
Dance The Night (From Barbie The Album),Dua Lipa,4,2010,7,10,3334,3,29674,183,2,46,8,30,94.62481483353456,B,Minor,51.61467448920685,43.106912890446544,38.06134732524688,43.68296927302815,22.431482472071966,31.50716802605959,10.52096236226062,2010-07-10,1
Leï¿½,Marï¿½ï¿½lia Mendo,1,2022,11,12,1246,3,196388,128,7,176,3,8,107.59922632791933,F#,Major,45.95112354754272,58.84359749709009,52.88929549786792,61.23632788603673,46.86824099612414,34.582703273609084,5.894509014199437,2022-11-12,0
After LIKE,IVE,4,2014,5,14,838,1,37985,261,2,88,2,22,109.48766881772652,Unknown,Major,57.61317725716939,41.18562515337729,34.72312762740218,63.5018130427555,29.823511427867945,30.899006791679295,5.002906291507598,2014-05-14,0
All Of The Girls You Loved Before,Taylor Swift,4,1962,11,10,2352,9,137352,297,19,121,9,21,91.3611653779383,D,Major,55.27412507728177,42.52170729051596,48.12697071128668,69.93713329984115,20.9374308627428,35.96188832702006,7.724970862156287,1962-11-10,0
Agudo Mï¿½ï¿½gi,"Styrx, utku INC, Thezth",1,2018,3,28,1554,0,166007,98,1,105,0,42,146.1228028899326,F#,Minor,89.74873665966186,64.13338487764612,77.28754711380157,5.524609698554732,7.115374650083064,17.1165114713091,26.62896580480065,2018-03-28,1
Only Love Can Hurt Like This,Paloma Faith,2,2012,6,19,4961,15,43233,23,4,37,2,6,135.0285240911229,G#,Major,87.79685357375874,61.37022324244439,75.1245981317913,22.9360676575938,0.0204285663644965,15.63334558265387,24.28072726069967,2012-06-19,0
69,"Nicky Jam, Feid",4,2013,8,17,4246,15,88947,81,8,52,1,40,101.6840028443872,G#,Major,46.90333493938586,50.19052619461219,33.07942104496348,65.25719319133732,42.00900408335363,31.956341326698265,11.517929978239977,2013-08-17,0
Starlight,Dave,1,2004,1,27,2383,5,194174,126,16,190,1,45,141.13402584324254,G,Major,86.29175837637297,64.18191444946766,75.79709347345262,11.768132103560998,8.551452369286412,11.776563469355022,29.792703943039825,2004-01-27,0
Boy's a liar Pt. 2,"PinkPantheress, Ice Spice",1,2016,11,16,629,15,67195,244,12,23,0,46,148.67096782455425,F,Major,80.42737685315672,60.78867110606171,86.47395490341493,22.421237468319827,4.353972659479698,15.87910767425695,23.136839245492304,2016-11-16,0
Little Freak,Harry Styles,4,2022,12,10,3747,17,156864,204,16,187,3,31,143.41686313065964,D#,Major,79.84038100577251,65.95771883214931,83.42348845188108,24.82069581722156,7.273119126452723,9.160567650013594,28.257158513760483,2022-12-10,0
505,Arctic Monkeys,2,1979,1,27,1229,9,51563,97,14,138,3,27,132.49080131776464,Unknown,Major,94.17383389193412,60.08884030570331,85.93300083579332,17.20965970016777,6.877273670388663,12.321346381169924,24.571165500883247,1979-01-27,0
TRUSTFALL,P!nk,4,1982,6,5,2794,12,26606,296,12,190,8,30,101.2571178683826,G#,Major,50.95178699646496,55.633448113597495,49.01010718387955,66.98562973241252,25.731230155535957,34.552161386031855,7.318785912608156,1982-06-05,0
Abcdario,"Junior H, Eden Muï¿½ï",2,2013,12,8,3245,19,181554,13,9,196,2,3,145.96104189339582,G#,Major,86.91006682434592,61.936962954067326,87.40058704415378,24.927237028672856,2.918326844748228,18.42812848857159,15.092489343501,2013-12-08,0
MONTERO (Call Me By Your Name),Lil Nas X,4,2000,11,4,3146,16,148745,102,15,128,7,15,105.52941881211008,G#,Minor,54.02399170277676,57.59712995508131,37.67644525228256,65.94836366897867,20.468272034723235,53.10193121957877,9.801870913248912,2000-11-04,1
JGL,"Luis R Conriquez, La Adictiva",3,1977,8,28,4812,7,78023,23,4,146,3,0,108.91244358032012,G#,Major,41.3045013642556,50.82157158780582,30.136051282048346,45.74714689685475,41.32024041632678,33.05611620612749,10.392012265298616,1977-08-28,0
Donï¿½ï¿½ï¿½t Break My,The Weeknd,1,2003,1,28,1365,16,47322,80,11,51,8,39,93.39092271392946,A#,Major,42.54102827131677,42.965043496477705,59.671552215196925,60.954905363454266,36.72666718116576,50.66234968384086,13.368470007901246,2003-01-28,0
Gasolina,Daddy Yankee,2,2007,1,26,2774,4,57196,55,18,94,4,2,146.88451827485352,Unknown,Major,86.03237929833986,70.76603694065213,89.76790143072199,17.704598348690837,7.907092567594491,16.910308717965492,25.353629317059948,2007-01-26,0
You Right,"Doja Cat, The Weeknd",2,2016,4,4,204,13,99313,39,12,162,8,34,143.83185247771897,G#,Major,88.9085309896231,76.39088425812477,77.5788995480266,24.43509399519606,0.175448681976954,18.2161659616619,19.435991953374725,2016-04-04,0
"All The Way Live (Spider-Man: Across the Spider-Verse) (Metro Boomin & Future, Lil Uzi Vert)","Future, Lil Uzi Vert, Metro Boomin",2,1987,10,13,654,3,13103,116,3,142,3,46,135.19073199366062,A,Minor,78.56633718795332,67.84504283847045,74.35028017648872,17.29867067126578,6.0508392041923775,15.163760294028537,28.151055258631324,1987-10-13,1
Crazy What Love Can Do,"David Guetta, Ella Henderson, Becky Hill",5,2000,3,13,3254,13,187341,149,10,76,4,15,94.43674893702722,E,Minor,58.46355787674456,53.77672996307803,42.53844485029637,57.16101801332853,45.62891394006454,51.65294638031754,7.229485724190497,2000-03-13,1
POP!,Nayeon,3,1995,8,23,2627,7,102850,155,0,81,1,32,92.76674610917196,D,Major,49.517092535885375,55.02979502254334,41.68184478927439,49.00981862280304,41.78575972087619,48.73018256938822,13.19818892246534,1995-08-23,0
Talk,YEAT,4,2014,4,14,4069,18,100441,269,15,165,6,48,132.5060407111225,E,Minor,84.69703501119953,75.48751562864543,72.46903777877924,21.001854853982437,7.472240567497051,15.25614786613574,23.63368514207109,2014-04-14,1
Ain't Shit,Doja Cat,1,1970,7,11,2049,4,90551,256,15,15,9,27,107.68131970338612,D#,Major,53.78417456592212,44.36790267032684,59.8411846333324,43.85994030184583,42.94966245156521,38.441091959855065,14.270250178552356,1970-07-11,0
Area Codes,"Kaliii, Kaliii",2,1975,1,23,1595,1,76188,161,3,174,3,17,136.24838677462992,C#,Major,87.17556652474228,77.35587366511487,76.79045864373518,6.705158733257786,0.2012246596139089,7.064616438312518,19.489193481940525,1975-01-23,0
Dream On,Aerosmith,1,2019,11,25,2733,11,24502,181,12,42,4,3,148.29316053408365,F,Minor,93.32836759756512,61.15900885116943,73.77054291744595,22.325711726771186,3.468820507881377,14.444904858824668,26.95915711083274,2019-11-25,1
Jingle Bells - Remastered 1999,Frank Sinatra,4,2000,6,20,3761,14,69195,262,12,24,3,23,137.26361749666148,G#,Major,87.26858432573073,77.06813628786564,81.0768123179555,10.384206093455006,8.357999633201453,8.657035748875673,16.94239947222796,2000-06-20,0
O.O,NMIXX,1,2018,2,25,1798,6,64051,274,3,189,3,10,145.53243826461085,B,Minor,82.94502707343341,77.8005593967863,87.59182212654821,14.71590058142874,7.54711232806787,13.949353080795262,23.772639245104536,2018-02-25,1
Sem Alianï¿½ï¿½a no ,"MC Xenon, Os Gemeos da Putaria",3,2011,1,28,3712,19,90326,162,11,33,6,29,99.4916616289142,C#,Major,49.44264601305977,55.00340994690177,35.473032527947595,63.66475958859367,21.5385524843593,53.10307260076989,12.844088314214046,2011-01-28,0
About Damn Time,Lizzo,5,2014,6,21,654,14,148189,214,14,39,7,15,137.5591241990037,A#,Minor,82.3804942252453,70.00141845812762,82.08327190102915,23.85124183364254,4.004378690918369,18.649909665896367,20.021670860037236,2014-06-21,1
Say You Won't Let Go,James Arthur,1,2019,8,16,4560,9,183220,193,9,124,3,40,94.32410472707042,A#,Major,50.28258087398786,54.8063123444224,37.78880442059603,68.15815400656388,49.498281285913535,34.238224659510294,10.359209654944516,2019-08-16,0
Smoking on my Ex Pack,SZA,3,2017,4,26,2436,7,124074,142,13,90,4,17,145.32907728292903,G#,Major,86.96378177440941,66.80619872398199,85.24712449888297,16.920592535480864,8.218947237488537,14.691682870084753,19.72697992315961,2017-04-26,0
Just The Way You Are,Bruno Mars,5,2018,4,22,705,5,56534,272,13,166,4,28,133.97325920476047,F,Major,91.90692661467097,75.98106906361838,82.04574802902494,7.127500894489927,1.481600946425864,13.29803915254729,20.307242832986034,2018-04-22,0
DOGTOOTH,"Tyler, The Creator",1,2002,7,23,349,11,174957,180,19,35,3,9,137.5451193497572,G#,Major,85.81750783286672,60.03464030127488,86.23990675253566,12.386703264290064,1.2313172174898934,7.033417171342473,18.331560341157378,2002-07-23,0
Yonaguni,Bad Bunny,5,1968,2,13,2521,15,69120,259,10,13,5,46,106.95050546675756,C#,Major,57.310393613154815,45.91673960197356,56.98523162140293,42.84257579637507,26.308950426267383,49.86835855577042,13.26079710245162,1968-02-13,0
Hype Boy,NewJeans,4,2013,8,25,1259,14,10586,185,2,155,2,9,148.20803068783368,E,Minor,81.30005856053117,70.86521742332569,82.78802022833969,24.07688357093373,2.0244486152998054,13.811622055533904,18.008545056380733,2013-08-25,1
X SI VOLVEMOS,"Karol G, Romeo Santos",3,2018,11,1,851,15,129812,264,9,66,3,33,134.30770625856627,C#,Minor,88.78144398065527,71.86333311720607,85.4584049079638,19.728634709258976,3.325693548630313,14.870703540681236,26.659485626783766,2018-11-01,1
Stargirl Interlude,"The Weeknd, Lana Del Rey",3,2015,10,19,4664,15,57218,136,5,61,8,35,95.4798405289094,F,Minor,58.23863532859839,57.08168706850816,37.04110871275794,59.55500391573621,39.70907227486565,59.7933280223851,7.333725162560366,2015-10-19,1
Ensï¿½ï¿½ï¿½ï¿½ame ,Bad Bunny,4,2014,7,18,2223,0,47893,263,18,10,2,45,106.63445268070028,G#,Major,43.992557452739405,58.21690431533017,44.63027109834927,69.3380088856139,32.9175190519123,47.83039762117911,13.67733082079165,2014-07-18,0
Un Finde | CROSSOVER #2,"Big One, FMK, Ke personajes",4,2016,2,24,4765,14,118626,99,0,93,5,36,145.97041012870008,B,Major,76.17051434140312,61.11666691714122,71.84409461453615,13.019478044787023,7.918342870932165,9.501654772403576,21.89428927774606,2016-02-24,0
Rosa Pastel,"Jasiel Nuï¿½ï¿½ez, Peso P",2,2000,10,11,3892,6,50007,164,11,80,3,8,106.32576104259282,G,Minor,51.63399968770018,45.39877053000304,34.19962563279675,51.46839871705127,23.804762329840276,41.03821531860753,6.99249128129324,2000-10-11,1
Under The Influence,Chris Brown,1,2009,12,15,3895,13,85840,273,10,160,2,44,93.39727622721487,A,Minor,42.63963632813399,50.25900281317488,35.50275906469388,67.97796110895287,41.12630833636459,55.29734660994556,11.206519928590197,2009-12-15,1
2055,Sleepy hallow,4,2020,7,9,2340,6,3746,69,17,192,9,42,98.03352760497408,F#,Minor,44.936642443831005,52.12591036456213,39.151447505364885,65.95330225963743,44.18504966746725,46.91046806812958,7.067294292408351,2020-07-09,1
Before You Go,Lewis Capaldi,1,2018,5,26,190,0,188180,232,0,105,3,26,140.60148440455828,D#,Major,91.7244772871894,62.85372536705039,75.16588096115568,17.577215533229964,6.059541197770676,15.886304370022945,29.586541760868663,2018-05-26,0
Blank Space,Taylor Swift,3,2005,6,24,1386,19,22041,295,0,198,0,32,108.3119445408973,F,Major,45.611085571646186,42.942835633396754,36.24123661661899,57.08211697083839,25.729459643097982,38.526250053299705,11.529596249693704,2005-06-24,0
Yet To Come,BTS,1,2019,8,29,3208,4,25290,224,10,71,4,16,103.78763444806344,C#,Major,42.9024250681419,55.04062942360213,57.61254727653818,55.221672063776,43.351944285264295,37.24118601899927,13.009946230946092,2019-08-29,0
Auntie Diaries,Kendrick Lamar,3,2009,7,10,2758,2,33575,104,9,96,6,34,92.51343278505055,G,Major,40.32977611577506,41.59325230242793,31.788893370073275,47.17067343789578,30.144978013155384,30.968360296907203,7.533397275804557,2009-07-10,0
Hey Mor,"Ozuna, Feid",2,2012,2,9,3602,7,82006,218,15,172,9,17,107.98873066477336,C#,Minor,58.47918791080863,54.720304618234586,39.38562405925866,65.99704205519866,34.17692932771768,49.407633680313324,9.59420042845556,2012-02-09,1
Love Again,The Kid Laroi,2,2013,9,21,2508,11,91593,87,15,42,8,33,136.35461652282004,B,Minor,84.21558083177577,77.7225437348062,84.29256432692294,13.09722470957268,5.984321808176217,19.9384308123282,18.02749030837243,2013-09-21,1
Ya No Somos Ni Seremos,Christian Nodal,2,2011,3,25,2333,10,43320,20,17,53,6,20,99.87556335793968,G,Major,50.84730563332558,44.28535860393059,46.7379572393978,40.07872619022497,32.99824584106053,59.40472003527312,11.678668723120571,2011-03-25,0
Double Fantasy (with Future),"The Weeknd, Future",5,2012,5,31,3849,11,77664,212,6,199,7,31,96.07868520232752,A,Minor,55.6674189124341,55.81766717587114,47.32435795623079,61.9720487458415,22.934584373330985,39.231808637738055,9.222657603648422,2012-05-31,1
Fim de Semana no Rio,teto,3,2019,12,9,4272,12,170486,99,0,134,3,34,137.39661392030004,C#,Minor,80.69264456546759,60.25187888324479,77.90360868827457,14.553884379612418,9.771631051055008,14.909518859730056,22.74950728098542,2019-12-09,1
ýýýýýýýýýýýý,YOASOBI,5,2018,9,14,2618,6,46653,294,16,130,2,34,97.99048797703132,C#,Major,48.50780085953334,52.66342058244479,33.088893042303305,60.77891559272484,49.80095782629018,42.289561747986674,10.974195511246734,2018-09-14,0
Snow On The Beach (feat. More Lana Del Rey),"Lana Del Rey, Taylor Swift",4,2016,11,22,2823,11,152523,95,3,12,8,19,148.30267805352793,F#,Minor,76.41840650134624,70.73717150674707,71.67657221332875,10.495892500873136,5.707174164764794,19.66663982171292,18.9904580835249,2016-11-22,1
Matilda,Harry Styles,2,2017,12,7,2136,16,44610,48,1,14,8,6,130.28341964535895,D,Major,85.99038152299548,61.74549345146883,75.1233196483341,23.487523315344195,9.77712949047366,18.85932474720902,27.36984357338565,2017-12-07,0
Bored,Billie Eilish,2,2017,3,3,349,5,126099,246,4,182,3,2,141.3417428500462,G,Major,93.34935023611746,60.13728971327562,72.71645594514321,12.05007373304283,7.051707003658936,18.47872194980624,28.182743114784984,2017-03-03,0
Born Singer,BTS,2,2000,2,11,2500,5,80126,163,2,136,6,15,96.43790924449112,G#,Minor,52.826825796725856,55.56859907139335,48.76770297085564,56.0002351193437,29.149926240319573,45.13868144066667,10.44766661881676,2000-02-11,1
En Paris,"El Chachito, Junior H",4,2007,7,1,3954,16,160837,38,8,137,2,24,132.51981790892447,D#,Minor,86.64756724672124,62.44848682271535,83.30033033026479,19.80049631608751,4.2133503357024695,13.278485183906378,29.190823123114846,2007-07-01,1
Ley Seca,"Anuel Aa, Jhay Cortez",5,2009,3,19,4669,1,115517,299,1,77,9,8,108.69511119775508,G#,Major,40.01169777198601,50.01458803042117,50.74430481999632,52.51461003407172,46.40775064426391,54.58773154918661,8.67955800865896,2009-03-19,0
Honest (feat. Don Toliver),"Justin Bieber, Don Toliver",1,1972,10,16,4825,5,32098,281,16,128,6,32,138.3064591056947,G#,Minor,76.99620499184704,69.27854551748572,86.36145204634116,8.712138142135224,8.664379732188163,7.726704846918164,27.06576730975103,1972-10-16,1
Neverita,Bad Bunny,3,2009,1,4,2749,12,182070,280,12,122,2,31,133.19000378180806,A#,Major,93.97593731622256,77.4852105675445,83.72346958665132,9.617017253745164,2.737191614382132,5.946412383590157,19.698556305614915,2009-01-04,0
What It Is (Solo Version),Doechii,1,1977,10,23,3969,6,142161,148,11,120,9,28,145.5516366376542,C#,Minor,75.7602380118851,66.41375472751217,88.03953831978761,7.47111938536457,5.631547586648246,9.54413739497707,17.482337263922243,1977-10-23,1
Lover,Taylor Swift,2,2021,3,8,4665,0,30123,43,0,199,1,30,103.37469461075963,G,Major,43.105622532126254,45.89919699878513,34.85337490946245,50.15449678001545,35.917234427951,45.978589384086,13.92025534112575,2021-03-08,0
Hope,XXXTENTACION,3,2006,10,22,1028,15,59827,201,17,187,3,10,103.58613229186412,A,Minor,50.11990948155432,55.37149262456805,54.48058984918136,60.66843751701279,37.6119769166702,45.41615198434393,10.722039583876136,2006-10-22,1
Ley Seca,"Anuel Aa, Jhay Cortez",2,1972,3,13,1012,17,66357,53,5,28,7,2,109.88321166919032,G#,Major,59.43274309580022,52.890143833630674,39.53466342377696,43.56990663534179,46.00492338514659,51.26690377962472,13.488422613605366,1972-03-13,0
Lost in the Fire,"The Weeknd, Gesaffelstein",5,1962,5,24,52,6,169553,299,10,118,6,31,140.36634905568272,D,Major,86.92318141050688,64.3347912331854,88.96888675552697,13.237580967875298,3.8286248085778753,7.759326232908204,23.233733187806088,1962-05-24,0
Cruel Summer,Taylor Swift,3,2013,7,18,4407,6,38656,58,3,108,1,27,107.06031447618328,A,Major,59.752304735354095,56.25461140722558,38.07303387217121,50.926358266924055,24.268929203123584,35.322605649276404,6.117296312513279,2013-07-18,0
Car's Outside,James Arthur,1,2012,11,26,2222,5,74076,179,19,148,1,0,143.0000773158598,A,Major,84.93933917046864,69.76136686631082,83.52980196417482,11.662820504944763,1.6310298602909046,19.97271451933898,29.79731159537757,2012-11-26,0
Ditto,NewJeans,3,2010,11,30,4525,5,173192,42,0,116,7,22,104.06638569081063,F#,Minor,49.8071502423619,55.84072416198336,45.45958133347006,62.96475101006661,45.01517031012412,46.94120825667599,12.03398347650801,2010-11-30,1
Jimmy Cooks (feat. 21 Savage),"Drake, 21 Savage",3,2018,12,15,3976,16,14771,34,5,110,5,7,149.41489490951233,Unknown,Major,85.16714937670984,70.14709193314962,74.32080603650775,8.602666139075934,0.583958895359793,17.72206623647216,20.225918348238324,2018-12-15,0
Sin Seï¿½ï,"Ovy On The Drums, Quevedo",3,1992,11,20,4787,18,38106,274,12,175,8,17,143.02764823950866,B,Minor,91.97981038445398,70.71011738644279,86.81523799139103,15.700087229732054,8.181921131309725,12.155641522957875,28.56641705594092,1992-11-20,1
Last Last,Burna Boy,4,2011,5,4,498,9,194745,18,2,121,8,31,144.4425827382315,D#,Minor,76.23492379534574,69.08181380431346,83.68886297776663,9.771045430693166,5.846929252111847,13.035049959897844,24.789929850401705,2011-05-04,1
Just Wanna Rock,Lil Uzi Vert,4,2016,6,26,1904,11,19032,88,15,188,8,10,138.2075693806682,B,Major,78.86469316361504,64.84702220977016,88.84395762435301,16.331800056478517,3.867019261912109,5.751761702658341,21.18432370693076,2016-06-26,0
Nxde,(G)I-DLE,1,2010,6,16,1293,9,179756,240,19,143,8,37,135.2001726563467,E,Minor,94.83685904152108,65.26425432366399,82.31734303919454,11.427086309418131,5.134033021785154,18.60714716824085,19.526856962445148,2010-06-16,1
I Wanna Be Yours,Arctic Monkeys,5,2013,4,17,1323,9,125322,74,16,183,3,5,147.00443329188602,Unknown,Minor,92.53380328981996,76.05127957216331,81.2996532546013,13.610313604092186,5.161822074513892,13.96553799486668,27.79824289310799,2013-04-17,1
Just The Way You Are,Bruno Mars,2,2004,4,25,406,10,83668,158,13,88,1,48,97.0922643357908,F,Major,45.81860064172888,48.21524915550296,48.27568107155823,52.19442009922069,27.12991200733393,35.67122187242009,13.808837583233531,2004-04-25,0
Plan A,Paulo Londra,2,2013,11,26,2725,4,52460,115,10,171,5,36,135.78115569341645,Unknown,Major,85.32763626274647,74.4118893047899,75.90800418136214,13.812259469049346,2.893931713571224,14.821641577953052,21.09909776854433,2013-11-26,0
Purple Hearts,"Kendrick Lamar, Ghostface Killah, Summer Walker",5,2003,10,1,3080,3,173296,129,13,149,9,15,93.26550416324706,D#,Minor,42.1271808370272,53.72193505991072,58.41917810392143,54.97288067121278,30.92953326012105,55.62702537627244,7.010035415342282,2003-10-01,1
lovely - Bonus Track,"Billie Eilish, Khalid",4,2020,2,3,211,16,116599,252,3,23,6,10,93.92676431833982,E,Minor,47.49622153056786,40.96836162246476,53.50455808314503,55.86881595939022,39.34266348850829,37.96349688950258,6.84469318004086,2020-02-03,1
What It Is (Solo Version),Doechii,1,1964,4,6,4866,15,31814,55,5,15,1,0,145.7586634530636,C#,Minor,83.00747440938805,64.93089718767305,79.67478402749455,19.197975976362684,0.0043007661027716,9.098003158939584,19.302495378582517,1964-04-06,1
Still D.R.E.,"Dr. Dre, Snoop Dogg",4,2014,3,1,4572,15,178370,136,10,98,7,49,147.73587940206673,B,Major,86.03718088869746,75.61499106407658,74.32515339671514,12.099101685182696,3.309846642124272,7.371458051844811,27.700255987727413,2014-03-01,0
Sprinter,"Dave, Central Cee",1,2002,11,12,560,12,64542,260,15,86,8,42,94.77418958524709,C#,Major,53.137459906933344,49.83609294740178,49.18671327717222,47.62188462035175,37.84785492088324,49.60447821214845,11.206628796031854,2002-11-12,0
CAIRO,"Karol G, Ovy On The Drums",3,2006,10,14,1005,13,165278,158,18,185,9,39,130.59429668421282,F,Minor,78.83271116700104,75.51589139293391,78.41357516755531,24.106583078908464,0.432477229796242,14.799092225590789,27.936380083310027,2006-10-14,1
Titi Me Preguntï¿,Bad Bunny,1,2013,10,9,585,7,166134,80,13,26,7,9,138.41999447446022,F,Minor,78.50701801786985,70.35684872478335,86.0238433354589,19.62137702713169,1.0634662356391933,8.547396648679626,26.907652990415837,2013-10-09,1
cardigan,Taylor Swift,5,2021,2,20,537,1,82792,227,7,81,4,11,140.59415276475332,Unknown,Minor,88.64023662191869,79.98354170240225,77.83539451021625,11.582532903137515,6.706939642523549,12.459143471870636,17.96873246212482,2021-02-20,1
"Annihilate (Spider-Man: Across the Spider-Verse) (Metro Boomin & Swae Lee, Lil Wayne, Offset)","Swae Lee, Lil Wayne, Offset, Metro Boomin",2,2009,10,25,215,12,79085,137,6,167,3,7,142.98515720307338,B,Minor,92.2221425841015,67.81926124984982,87.50699386865818,10.031100134021912,9.26468199022065,13.068129202395784,26.43491205031344,2009-10-25,1
SloMo,Chanel,3,1981,3,4,2344,13,34039,113,5,31,0,38,140.12824680933582,C#,Minor,82.94950857211428,77.8473311714308,78.81838465819594,23.554765686085,8.025148599927336,10.425242931033232,29.4483188370939,1981-03-04,1
Silent Hill,"Kendrick Lamar, Kodak Black",5,2015,7,28,1597,0,138561,11,6,73,5,31,141.33376521507887,C#,Minor,78.7392214682857,73.5014043766051,82.63980806826382,8.854696832772134,7.076876321512868,8.586615976046028,24.916384234680685,2015-07-28,1
POLARIS - Remix,"Feid, Mora, Saiko, Quevedo",3,2017,1,11,1625,13,43891,160,7,142,9,18,136.90300801297087,G#,Minor,90.02825461286886,71.33393058652524,84.252583253597,11.945399886837745,0.8870354390271407,19.195144053151587,16.695705033724245,2017-01-11,1
Every Summertime,NIKI,3,1995,10,21,3376,10,139141,218,11,100,8,15,149.57967995769656,F#,Major,75.07194021553524,65.49518343870868,79.26655928307227,13.59345041248708,4.4369858694693285,7.388386663355987,17.74697267192616,1995-10-21,0
Something In The Way - Remastered 2021,Nirvana,1,2007,4,22,2296,7,146774,29,3,176,5,36,138.71236987469953,G#,Major,91.65796023874,68.94698053350616,75.06597438550598,23.786684847590287,7.10344325745009,16.89418507231882,24.778065335787648,2007-04-22,0
Way 2 Sexy (with Future & Young Thug),"Drake, Future, Young Thug",2,2008,4,19,2240,19,61802,100,18,34,9,43,100.1766020950385,B,Minor,50.53406569460692,57.28519799886858,38.437329763929135,53.81418854788392,36.71624026355028,39.66643947942733,12.367411513182256,2008-04-19,1
"Calling (Spider-Man: Across the Spider-Verse) (Metro Boomin & Swae Lee, NAV, feat. A Boogie Wit da Hoodie)","Swae Lee, A Boogie Wit da Hoodie, Metro Boomin, NAV",5,2020,5,8,2843,15,162249,252,17,178,5,4,140.79965146911078,Unknown,Major,76.61807467069876,68.57260033297865,80.93721467354598,19.11236261645664,9.727760101981822,12.96550142294923,24.70627063293034,2020-05-08,0
Tattoo,Loreen,1,2010,6,21,4809,13,76914,282,5,84,7,34,139.0673487896011,D#,Minor,90.33608655171284,77.61485610610794,79.18251530414577,7.838086330447187,7.134382439552992,13.894017082157328,16.372945896662777,2010-06-21,1
Back To December (Taylor's Version),Taylor Swift,2,2011,6,30,4878,6,14252,294,9,195,6,3,135.34178198561952,D,Major,77.89591415069539,68.47230850787963,75.4805002172925,16.60840221270141,1.7776353992828595,7.472878010858176,17.53867703259209,2011-06-30,0
"Hey, Mickey!",Baby Tate,5,2011,6,5,1864,0,20782,256,7,127,7,13,101.90506548547376,D,Major,45.992979818673945,48.4107777046341,43.45385606614547,68.63581777622025,38.76765277525591,49.170870534406376,14.159894706155567,2011-06-05,0
Ai Preto,"L7nnon, DJ Biel do Furduncinho, Bianca",1,2017,12,14,1158,6,83095,49,0,43,4,45,98.84238592923026,F#,Major,46.16797353494197,53.97690878174783,55.02616365349867,68.18591495845992,33.48553383380827,43.97231175503141,12.737257597757232,2017-12-14,0
Cupid,Fifty Fifty,2,2002,2,22,1386,9,164247,27,11,58,9,5,140.40813395099605,D,Major,93.95487507610429,63.16123320595211,76.88835366964197,13.114093721277571,2.53474905490961,16.64131614282067,27.027900237513244,2002-02-22,0
Todo De Ti,Rauw Alejandro,2,2002,4,4,2816,7,70523,87,1,42,6,36,138.50984139800158,D#,Minor,75.68939634692349,73.74006572100996,87.63461297461184,20.99233268115653,1.9713855806338176,11.13808711622972,24.64988497990168,2002-04-04,1
Anti-Hero,Taylor Swift,1,2007,12,27,4977,8,113139,44,5,109,3,47,130.1250001844374,E,Major,89.98023632438178,75.7076884532204,82.74591546206747,16.60386646209208,9.656534658549033,6.715739654246331,16.116120174711316,2007-12-27,0
JGL,"Luis R Conriquez, La Adictiva",1,2002,11,12,389,11,149229,81,15,126,7,13,140.08973360270835,G#,Major,82.95124716520691,78.02124679193493,71.80731915552101,19.48697908965725,0.8684539981749084,6.851260204355054,16.75535477960115,2002-11-12,0
Polaroid Love,ENHYPEN,5,2010,5,23,4414,9,24349,79,16,77,9,26,142.5426195626867,G,Minor,92.0831409278291,63.62945645838344,85.09726504066244,11.810399922455368,7.420654196163547,11.569443313705438,28.211621093316577,2010-05-23,1
Princess Diana (with Nicki Minaj),"Nicki Minaj, Ice Spice",5,2022,5,22,3459,12,2884,12,8,126,1,5,143.28023198891194,A,Major,90.16186354293608,69.77752668522368,80.40845897033766,15.369827139052603,5.660187949838279,13.385726786157818,28.87115912311845,2022-05-22,0
PUFFIN ON ZOOTIEZ,Future,5,2014,3,29,2777,7,23433,109,15,129,4,33,132.14595946171093,G#,Major,76.89657618510961,67.99656981907809,76.21919371925775,15.970537608609243,5.628809912938163,18.670028548886428,23.199904153807385,2014-03-29,0
Creep,Radiohead,1,2022,10,28,853,0,167049,214,1,70,9,27,136.9339783085419,G,Major,75.70058005433101,77.49492505718081,88.89728008823568,22.04394259516492,4.878316225986657,11.267964638631486,23.950221600582147,2022-10-28,0
Creepin',"The Weeknd, 21 Savage, Metro Boomin",1,2017,12,10,389,1,118297,18,16,74,5,13,104.65358384028524,C#,Minor,50.89953189037635,58.95030972275806,30.43170338390707,40.69162774767165,36.42708008372813,35.266267938563985,12.411530735758667,2017-12-10,1
Savior - Interlude,Kendrick Lamar,4,2005,2,19,240,19,63088,50,11,123,4,34,138.23401683087332,F,Minor,85.06330340360392,71.68657969856034,88.28038060785421,23.11947449568136,0.0268450974570633,5.364723881410099,20.48946279231054,2005-02-19,1
Agudo Mï¿½ï¿½gi,"Styrx, utku INC, Thezth",4,2000,7,22,2002,8,177205,113,12,161,5,14,148.692068451321,F#,Minor,79.22899150923939,66.22864082623353,80.36582896924268,10.273685827402996,7.90845293072393,15.78204290215194,16.53277552831508,2000-07-22,1
Desesperados,"Chencho Corleone, Rauw Alejandro",3,2012,5,28,3954,1,23654,216,1,167,0,49,96.38463331465933,C#,Minor,59.910012809151794,40.10785632188925,42.80403620176035,48.34837668989394,32.47053824243149,52.41545237033184,5.483561426203688,2012-05-28,1
Counting Stars,OneRepublic,4,2002,5,26,1557,6,117475,291,5,186,6,42,108.12778994466645,C#,Minor,46.492138058814106,58.22368986407594,53.55940804236218,61.5631527107528,40.28742239716624,45.13754652231632,9.213569216237742,2002-05-26,1
Si Te La Encuentras Por Ahï¿,Feid,2,2016,11,17,3064,17,123747,50,17,169,4,39,99.30845703557448,G#,Minor,43.84802386976475,54.98894207165275,49.6611177804422,49.46021137650533,22.449905510107463,57.13567424863252,14.24246219037164,2016-11-17,1
Boy's a liar,PinkPantheress,5,1955,10,2,4996,14,136731,198,17,115,1,49,138.4264660196068,F,Major,81.85008653042563,73.33530496995606,88.39872718891242,18.32086041672765,2.6161134621843374,9.246014561342648,29.811042329165875,1955-10-02,0
Jhoome Jo Pathaan,"Arijit Singh, Vishal Dadlani, Sukriti Kakar, Vishal-Shekhar, Shekhar Ravjiani, Kumaar",5,2005,7,17,3940,15,154301,92,19,132,9,21,141.29163237950758,G,Major,87.87319532861042,69.5483654888597,83.18333446397241,5.222535606505538,9.06702011532438,11.292097439714864,19.080700521341697,2005-07-17,0
Alien Blues,Vundabar,5,2000,2,4,4991,9,156402,229,1,35,2,16,93.51408200050204,D#,Major,50.88475803850625,47.24397295933704,50.24484684100553,55.09971066566205,27.949440241259083,38.1554673255425,14.597218080391531,2000-02-04,0
New Jeans,NewJeans,1,2000,5,5,3633,3,145519,191,4,143,2,40,106.81228749334446,E,Minor,49.83891666428674,51.33883186557431,50.01470690434029,49.01024651893767,26.530519532816307,39.97115393203078,6.118115023588637,2000-05-05,1
You Belong With Me (Taylorï¿½ï¿½ï¿½s Ve,Taylor Swift,4,2002,9,3,57,8,131494,77,10,149,5,0,103.62773894452148,F#,Major,46.22320467905331,47.2576408048041,47.60602466346421,57.81240916979704,47.36513621857316,58.96792611760647,9.423525067398002,2002-09-03,0
"Would've, Could've, Should've",Taylor Swift,1,1992,6,6,1636,17,45083,133,14,22,8,44,94.53139950232156,G,Major,59.14899982739283,46.50006286560679,57.88278952424783,49.068529072743765,35.413342928407026,44.55099476387917,14.645072955499105,1992-06-06,0
"Kesariya (From ""Brahmastra"")","Pritam, Arijit Singh, Amitabh Bhattacharya",1,1976,1,26,456,15,185402,180,11,76,7,24,99.68545315381849,Unknown,Major,58.319757108776734,55.16992218071418,56.60823841959358,44.19098727688811,26.35859453743153,40.23213584274211,6.731686222583044,1976-01-26,0
Falling,Harry Styles,5,2005,6,26,2556,5,80257,13,15,167,4,39,102.01842942289964,E,Major,49.207853139610485,52.00891088135712,55.274520658759954,57.63099221841514,20.835345166326235,58.76954323578624,12.629712712606796,2005-06-26,0
Marisola - Remix,"Duki, NICKI NICOLE, Cris Mj, Standly, Stars Music Chile",3,2002,1,22,4435,9,83341,264,18,119,1,6,141.26915428262652,C#,Major,93.86913025423536,78.03963854887239,76.46667939517279,8.350332828834809,0.9775923264847132,14.466608595550404,27.93280868530476,2002-01-22,0
One Dance,"Drake, WizKid, Kyla",4,1982,6,9,3883,13,77933,173,8,150,3,15,130.8239415559266,C#,Major,78.0230414306713,77.78315451447668,71.5224234700311,7.590318253555591,6.956192003961734,16.16821361935704,24.31183880446197,1982-06-09,0
Boyfriend,Dove Cameron,5,1973,3,5,1813,5,29268,204,3,57,1,14,132.32800822215677,G,Minor,81.12846700095729,75.31440866924069,78.43660476054598,13.787370999260595,7.655896327279581,14.824887292154711,17.014470037204774,1973-03-05,1
Late Night Talking,Harry Styles,1,2007,9,27,2147,5,21584,277,15,150,2,2,107.9411501899259,A#,Major,42.11049406129479,49.746394696715534,38.12472180257411,50.53555868403047,25.757785012076223,30.139095615338768,7.348242744964063,2007-09-27,0
Chale,Eden Muï¿½ï,4,2008,2,11,4457,0,32244,99,16,44,4,10,96.17023612081223,G#,Major,42.47132175209388,57.87002014306451,59.53359884952155,46.24299802074258,27.836603334861717,56.914336927455366,8.082164931758168,2008-02-11,0
Cool for the Summer,Demi Lovato,5,2010,3,22,1244,19,110938,142,17,148,8,38,144.82869909815798,F,Minor,86.36976818265269,65.42705848245608,89.92013775023074,23.63865028855974,9.10500340123048,13.697740558599495,20.83304838683883,2010-03-22,1
Do I Wanna Know?,Arctic Monkeys,4,2014,6,21,4138,10,152017,215,15,86,1,23,109.52577527914256,F,Major,53.90246703894174,56.089271293735045,36.762201631795584,53.793528912908975,45.49696828874404,35.084218666684954,12.154565219941912,2014-06-21,0
Watch This - ARIZONATEARS Pluggnb Remix,"sped up nightcore, ARIZONATEARS, Lil Uzi Vert",3,2018,12,27,699,16,4375,99,3,61,8,8,143.2499413073959,B,Minor,80.56733339070496,66.86495492541528,81.76277528237839,11.59820110671756,9.536158209552072,8.511028377042695,26.185279937503143,2018-12-27,1
Nxde,(G)I-DLE,5,2016,12,5,3631,11,145155,200,1,191,2,34,95.94139342716082,E,Minor,59.82591974989025,40.47127867232079,51.56596043989068,42.88203034560114,48.36712262947087,58.18198608077435,10.037558945422058,2016-12-05,1
Shape of You,Ed Sheeran,1,1997,6,17,2755,1,16022,220,1,164,1,29,142.4072594741876,C#,Minor,87.92746982896793,78.16141360678543,85.07823863597173,18.97374394624579,9.157263430218263,7.615371919286069,19.88047909133257,1997-06-17,1
thought i was playing,"21 Savage, Gunna",2,1974,5,15,2914,8,188958,147,18,36,8,34,104.53032792409334,C#,Major,45.689890867573205,43.08437484618834,59.35343014395247,52.8643396471002,40.323217890089,57.30471774627277,7.175709897162802,1974-05-15,0
Mr. Brightside,The Killers,2,2002,5,7,842,12,51638,283,2,160,6,47,131.78680313485378,C#,Major,91.55634820830468,72.84568310272299,84.34618706091793,8.829993039227125,2.928825725046613,18.311031138274004,19.768286559654204,2002-05-07,0
JGL,"Luis R Conriquez, La Adictiva",3,2015,11,15,4547,19,170747,106,15,130,5,20,133.47850855052775,G#,Major,93.95154518850886,78.21928002952305,77.75335239564711,14.804199030124789,6.452801100453703,14.613605044059373,15.238458198942816,2015-11-15,0
Heather,Conan Gray,4,2006,3,19,893,17,185719,128,7,186,3,46,91.6343441939713,F,Major,40.9348257805643,55.790786326728536,35.621468686066905,47.12263552448968,22.61199501939623,31.277834316590862,10.242084116581337,2006-03-19,0
Malvadï¿½ï¿,"Xamï¿½ï¿½, Gustah, Neo B",2,2006,8,23,933,17,64177,157,5,176,3,1,91.7093371250106,F#,Minor,50.83582079767684,47.70253305877642,59.016552437642645,42.87863591099156,47.34970456531108,42.858537350523456,8.805108016306022,2006-08-23,1
Contection,"GODZZ__-, Zakaria",3,2018,11,3,2262,2,173998,244,10,19,2,5,138.95247392982048,A#,Minor,76.69989747665677,69.51519076799983,83.85867082857666,7.678624081241281,0.8589268844922504,9.177220551300485,18.86777153992285,2018-11-03,1
Se Le Ve,"Arcangel, De La Ghetto, Justin Quiles, Lenny Tavï¿½ï¿½rez, Sech, Dalex, Dimelo Flow, Rich Music",3,2022,5,18,1205,8,55431,117,6,162,7,5,107.9273013271022,G,Minor,41.63439087089395,40.7113091064432,32.10037983022279,62.62285591087108,28.169034724320458,32.18487695633301,13.082525727557748,2022-05-18,1
"Arcï¿½ï¿½ngel: Bzrp Music Sessions, Vol","Arcangel, Bizarrap",1,1978,8,18,2372,1,183864,51,16,147,2,45,100.59969617598492,B,Minor,45.01429272201884,40.69019592775239,42.60750687226541,55.67637748150068,23.897362300367973,44.59788289262457,7.790635468556277,1978-08-18,1
Last Night,Morgan Wallen,2,2013,9,16,2109,5,102568,85,7,54,7,31,141.57662891655855,F#,Major,91.32014659341075,77.74062290365617,72.53967272104397,14.405340879179986,3.0407864985958244,5.68010632889504,24.337599900485586,2013-09-16,0
Stan,"Eminem, Dido",2,1984,5,2,2089,11,35183,153,0,66,1,32,106.83742373728148,F#,Minor,51.925008577340925,55.405842496947045,44.58266452684141,44.0347662271827,34.00364328577273,39.713696856142,8.916453147300212,1984-05-02,1
Blind,SZA,4,2017,1,8,2595,14,61537,228,12,30,9,18,109.63056119967048,A,Minor,57.70577996024185,58.262377259734045,46.29889401628565,52.42288400054549,39.38173553802632,51.068764228197466,11.90227921036215,2017-01-08,1
A Veces (feat. Feid),"Feid, Paulo Londra",2,2002,11,22,1366,6,185817,272,6,78,5,1,141.90949558254417,C#,Major,82.476176066846,77.74499113074963,85.75621994095324,7.196019788340737,0.197449747208539,10.679128156308405,28.65469297223862,2002-11-22,0
Hype Boy,NewJeans,2,1988,5,17,964,12,28341,131,10,32,6,42,140.06170443816671,E,Minor,76.41627570528026,77.42173948143066,79.03356736290257,16.98177719398457,9.733489557355908,5.647327400444749,18.788570071945728,1988-05-17,1
Master of Puppets (Remastered),Metallica,5,2008,9,11,1448,14,9552,142,5,70,0,23,133.71583382950877,E,Minor,82.00466237578463,69.14621156761359,75.78811186314381,14.107848065968252,5.740869622345155,8.916439623516847,27.567818527262038,2008-09-11,1
Ya No Somos Ni Seremos,Christian Nodal,5,2002,8,28,3518,10,86864,139,7,65,2,36,141.54195054011117,G,Major,80.80474405071045,63.54427685413993,75.81449845539174,8.026864008536801,6.725085209964613,19.36405975254741,24.238722859669664,2002-08-28,0
Sigue,"Ed Sheeran, J Balvin",2,2011,1,21,1663,4,45907,47,13,79,8,14,91.61306790644232,G,Major,41.69304954668916,44.24182817191132,38.13932321099578,58.47793603204937,33.253272346459994,44.46091722130553,10.85994059937106,2011-01-21,0
Bite Me,ENHYPEN,3,2012,8,20,1228,0,171537,221,14,174,1,39,135.15280080899532,C#,Major,89.62140183063896,72.43156336315425,81.30433066326586,15.196120209963292,4.199118194268423,17.47821257475394,23.722231044436995,2012-08-20,0
Excuses,"Intense, AP Dhillon, Gurinder Gill",1,2010,9,16,366,6,138127,278,6,111,3,40,98.66111660138868,F,Minor,42.85671380613137,56.224371198114746,59.16826926527379,44.98009689861762,42.50701108461969,37.88577739642594,11.880119168914277,2010-09-16,1
Chance,Paulo Londra,2,1956,2,3,3909,4,188814,207,14,168,1,9,103.35538561950148,C#,Minor,58.89032652668197,49.10601425901515,41.1352972947786,45.57540138284979,48.013423205840624,33.33898171076164,11.00167253158061,1956-02-03,1
Monotonï¿½,"Ozuna, Shakira",3,2001,9,9,2490,13,84381,173,5,132,9,31,97.63745265535132,Unknown,Minor,40.542473054153874,55.21119206422524,47.07847987479275,59.22211698233967,49.80083245048192,31.36746365874989,10.163364349673191,2001-09-09,1
Talk that Talk,TWICE,5,1980,10,15,2390,3,148361,112,11,152,0,31,148.23349049520667,D#,Minor,77.09567088831108,77.70464450470755,84.0392956950044,13.6247108583518,2.433735202439804,7.030478617058431,23.93168532626627,1980-10-15,1
Area Codes,"Kaliii, Kaliii",4,2010,7,25,3504,7,69115,129,8,32,5,37,91.07108625051744,C#,Major,54.84260360044768,43.088071408735935,30.909923856464324,57.21117462059222,24.525792724614256,57.58291840436132,6.797492847073404,2010-07-25,0
Mother I Sober (feat. Beth Gibbons of Portishead),"Kendrick Lamar, Beth Gibbons",5,2018,11,23,4028,0,149049,221,3,118,8,49,136.56414363834728,G#,Minor,93.54026937299643,60.55170012232792,88.64329288418102,23.61967118614619,5.124056322142625,13.655137679859685,18.99877452035273,2018-11-23,1
Ojitos Lindos,"Bomba Estï¿½ï¿½reo, Bad B",2,2004,6,18,4649,15,72962,234,17,52,8,32,133.56876568313683,D#,Minor,84.37199000102392,73.2507267767962,88.02263845387725,23.447992543573044,3.040388204970025,10.37553914187471,22.096073597437805,2004-06-18,1
Love Language,SZA,3,2005,10,29,4882,5,167429,162,7,30,3,1,100.03472087909208,A,Minor,56.74527049807594,40.73149600363309,32.108492856273465,63.2072550012514,31.404653659633965,59.39242286027097,12.3627080644337,2005-10-29,1
Malvada,Zï¿½ï¿½ Fe,1,2021,4,23,1647,8,97800,196,7,73,6,46,132.86365918525306,F,Minor,88.11340803194145,60.557757203961145,74.10716384699857,5.753071383362116,2.135595830871768,17.122071368848566,24.85800132179844,2021-04-23,1
Best Friends,The Weeknd,3,1986,7,3,4649,8,137309,181,9,133,3,41,144.92846359429464,E,Minor,79.38126763301884,78.44208307340159,72.28832455416178,10.45890004432531,2.6372308818122114,14.63855809318347,29.06465239641046,1986-07-03,1
Mi Bello Angel,Natanael Cano,3,2007,7,21,4536,13,54856,220,7,42,7,18,107.9623423296509,A,Minor,42.92624999785966,54.348607708497255,36.32678914583471,46.24913795789774,39.209942370221,35.08044403908639,13.303591227497815,2007-07-21,1
Mon Amour - Remix,"Aitana, zzoilo",1,2012,7,5,4429,10,165744,93,14,89,9,12,92.68530763623234,D,Major,49.18049134940226,57.22872118495646,59.15597127044292,67.13024334432703,46.700639124460224,54.21216867078023,6.569708515860128,2012-07-05,0
Hot Shit (feat. Ye & Lil Durk),"Kanye West, Lil Durk, Cardi B",3,2018,6,15,3317,9,37776,101,18,190,0,32,142.24822533080584,A,Major,75.20023480201513,64.92642815387978,71.0692294531965,14.053523678079538,4.18301031996955,10.432130549626578,17.45547246211684,2018-06-15,0
Dark Red,Steve Lacy,5,1967,2,15,2656,7,150515,245,6,124,3,48,90.50486971016382,F#,Major,42.86759505117196,42.81323614916365,58.18963091018993,48.02110313187435,46.34073431227317,56.55746733106716,7.197184757286301,1967-02-15,0
Levitating (feat. DaBaby),"Dua Lipa, DaBaby",1,2022,12,17,3903,1,80676,168,12,149,2,28,97.17816257204602,F#,Minor,50.7325258047344,45.79576368464011,41.6388344198345,56.620361407048335,34.779299465148696,48.47595614194562,10.997982532088797,2022-12-17,1
Apocalypse,Cigarettes After Sex,1,2017,1,20,1380,6,168429,230,0,99,1,32,131.69349033905547,F,Major,78.41719538545901,76.25625851262446,70.09800896681789,19.54578027155809,8.659421400057226,17.120352161842355,24.61065912293084,2017-01-20,0
In My Head,Lil Tjay,5,2016,1,20,1641,14,88591,119,6,131,6,31,108.72450345679997,C#,Major,41.37823479256945,49.09261516901036,38.19906181452048,59.92930058501389,43.929608493678,45.41841546160938,5.298044417914888,2016-01-20,0
LET GO,Central Cee,1,2002,6,1,2193,7,8429,46,16,153,1,0,130.22448151708352,D,Minor,82.81525410323762,74.70330384900606,84.04931757506768,6.952923535042186,2.908536999497864,8.92969225460495,20.617554103101064,2002-06-01,1
Swim,Chase Atlantic,1,2015,12,23,2279,18,66279,28,11,24,0,29,107.73715410268343,G#,Major,46.55583468137502,56.519835889209205,34.640425443195674,66.21236630160612,30.61987804261113,41.42952764740859,12.00572469908426,2015-12-23,0
Merry Christmas Everyone,Shakin' Stevens,4,2012,8,29,293,4,24121,247,4,118,6,29,92.3950239106094,C#,Minor,49.33779647178331,52.75430984910844,36.1664769631428,49.39730875164123,36.80390216836756,42.04272901845819,8.598495609989822,2012-08-29,1
Let It Snow! Let It Snow! Let It Snow!,Dean Martin,5,2021,5,16,2045,13,5484,116,19,7,3,11,149.77298225851234,C#,Major,82.4154189479283,70.4131701904268,86.8013007198463,7.414390808538873,9.712721635179976,15.435702897829104,16.178485232221973,2021-05-16,0
Christmas (Baby Please Come Home),Darlene Love,3,2007,10,10,3208,5,169525,215,5,184,6,24,148.2045458021207,D#,Major,90.951996836191,71.06361177364708,82.24747050278776,21.33103980358441,5.585416206146484,18.68025431478796,21.08626556248587,2007-10-10,0
Dandelions,Ruth B.,4,2018,4,29,3725,13,94302,81,7,28,2,32,106.60395212184343,C#,Major,59.72451086720002,44.65234143339856,58.54713392576503,66.76918702706588,38.71337338541056,43.83928134996732,11.573123731742228,2018-04-29,0
Cruel Summer,Taylor Swift,4,2010,11,14,2662,5,164557,254,0,131,0,33,94.6137045400668,A,Major,45.9890863041935,45.60129243613009,59.14241078526487,63.34172289449917,39.5039391047424,34.574902988277174,13.78012483835016,2010-11-14,0
Murder In My Mind,Kordhell,5,1959,3,11,2491,12,126783,91,18,135,9,26,134.17150026277554,A#,Major,75.10287612595695,61.88891354784626,86.78428889147065,23.860342593817983,5.51847212904687,5.826644434776876,16.408974362260604,1959-03-11,0
Search & Rescue,Drake,3,2021,10,8,3193,1,77885,297,3,173,4,3,149.18625164168162,A#,Minor,91.04128813569096,78.09951485367229,74.2806094357842,14.15802516191875,6.6315240218294615,17.078376924819366,20.884405136325213,2021-10-08,1
Contection,"GODZZ__-, Zakaria",2,1970,5,5,895,18,80637,57,5,126,7,46,143.54828426555693,A#,Minor,85.21143960471869,74.28408759142026,89.17062342328256,15.526178265716194,7.218938869261253,18.10339026048793,25.480240303680365,1970-05-05,1
Sweetest Pie,"Dua Lipa, Megan Thee Stallion",2,2013,2,8,4519,14,53935,107,19,191,2,19,99.76383922767504,G,Major,51.63727962430856,48.58785773615463,56.036419540886826,42.169451092008174,26.625457125387307,42.9801550128437,13.668132115250382,2013-02-08,0
Jingle Bells - Remastered 1999,Frank Sinatra,5,2010,5,23,3436,11,116681,142,3,168,9,5,137.0856509684781,G#,Major,91.12609658142227,71.56675082892488,78.15193840849598,21.40848161437533,4.72258048317015,7.775340752817454,22.211243536457022,2010-05-23,0
Gatita,Bellakath,5,2010,10,2,73,4,10488,227,8,168,2,28,92.97379383852817,G,Major,42.04203027028211,50.83219383991778,40.66009841953239,44.26126706645819,30.918874003993142,38.68177143070584,10.32857722566843,2010-10-02,0
Novidade na ï¿½ï¿,"Mc Livinho, DJ Matt D",5,2005,11,25,4272,5,48079,233,13,96,1,21,92.74849071984202,F,Major,48.58460374654981,43.925283732302304,58.3407062710105,64.67103460090385,27.673496720814235,44.09007576349306,9.096249467681158,2005-11-25,0
MONTAGEM - FR PUNK,"Ayparia, unxbected",2,2012,2,10,1225,14,37516,192,1,20,5,3,104.23853802023676,A,Major,48.33831535385203,40.82432927792134,35.18371740917078,53.543490823042575,37.55575664881296,57.11995155131963,6.70699142673966,2012-02-10,0
The Joker And The Queen (feat. Taylor Swift),"Ed Sheeran, Taylor Swift",3,2006,9,12,1728,16,64368,51,2,76,0,16,109.41883036311869,Unknown,Major,41.04677597187766,53.091455751857765,59.71077333793284,67.37725322046526,47.25725207843514,30.36417368065988,9.46896145144852,2006-09-12,0
Numb Little Bug,Em Beihold,4,2001,2,28,4363,4,187930,216,19,192,5,26,130.66410136139547,G#,Minor,84.01964366610927,69.68897859009725,84.2876085046338,21.62948337470399,9.580156458289611,12.755678194542632,21.61180728981291,2001-02-28,1
Smokin Out The Window,"Bruno Mars, Anderson .Paak, Silk Sonic",5,1990,1,20,2060,12,108596,68,17,91,9,10,94.60948639615908,D,Major,46.36886375176144,59.49612709404244,54.48685937693781,50.19826024058332,44.99516478392157,34.040579123636164,13.753541813830768,1990-01-20,0
love nwantiti (ah ah ah),Ckay,5,2020,10,12,1541,11,30461,44,6,171,0,2,135.87243250835903,F,Minor,89.29876897331715,77.80311388820405,75.88603184403873,18.08089415438191,4.41528007324386,13.718041221096724,17.290615753158693,2020-10-12,1
The Color Violet,Tory Lanez,4,1994,6,2,1962,1,72858,54,19,158,4,21,98.16039858287093,F#,Minor,56.98032293124078,58.26922737473275,42.67128700709252,54.31065559367396,33.187021928352856,40.5732300263881,8.38272996664142,1994-06-02,1
Una Noche en Medellï¿½,Cris Mj,2,2005,6,23,4072,5,138513,193,14,43,9,16,97.07900942439484,A#,Minor,40.43528557239783,44.364026223921165,58.27976353211385,67.96913173110937,36.80923019988765,39.78946461040163,7.4446099042471,2005-06-23,1
HEARTBREAK ANNIVERSARY,Giveon,3,2015,5,4,1063,6,148169,284,14,104,0,32,95.2636334908502,Unknown,Major,53.28543615464652,55.0703753337088,32.60410997145581,68.90563096382317,43.907243049432026,36.09677093631968,13.564554261863734,2015-05-04,0
Jhoome Jo Pathaan,"Arijit Singh, Vishal Dadlani, Sukriti Kakar, Vishal-Shekhar, Shekhar Ravjiani, Kumaar",4,1981,4,14,1164,19,99008,165,2,46,9,33,131.0613288683205,G,Major,92.66857953720584,64.99803630547159,82.37800754457575,13.327677102714324,6.112495162809079,8.749606608161756,18.67978563193547,1981-04-14,0
Gangsta's Paradise,"Coolio, L.V.",4,1955,1,17,4090,0,51496,31,3,139,5,40,97.7959304101794,G#,Major,55.08543232996059,53.85052623946855,30.593887701125468,69.90045014167256,26.17097788032409,55.996397856852106,5.7567766380888985,1955-01-17,0
Sem Alianï¿½ï¿½a no ,"MC Xenon, Os Gemeos da Putaria",4,2016,2,7,1610,8,74343,46,16,68,6,1,91.90879752880522,C#,Major,59.52691906210799,47.561415294698726,36.1746577672793,59.26511414155979,28.969421914666405,37.292234799135606,5.795649472359078,2016-02-07,0
MOJABI GHOST,"Tainy, Bad Bunny",2,2017,8,21,4110,6,154965,188,1,17,2,11,98.68878057692488,F#,Minor,54.64390377905036,43.193415063528455,41.56481744982643,67.62650707153145,44.6045710052836,54.85520832547736,8.829266957987361,2017-08-21,1
Wake Me Up - Radio Edit,Avicii,4,2015,2,26,474,14,53311,169,4,122,2,42,100.36693486640654,D,Major,41.54413624551941,51.14124480099154,32.4156471598487,55.68213279572653,33.28406509750087,56.191165100252405,11.38839246480328,2015-02-26,0
Levitating,Dua Lipa,3,2012,4,6,117,3,27298,193,18,145,1,29,143.43156783082023,F#,Minor,77.62791194615104,60.31628546869351,86.02829836188297,24.74868033533437,9.970563436741418,17.29952042906691,27.905049632001276,2012-04-06,1
Best Friends,The Weeknd,5,1995,9,23,1293,0,118011,137,2,38,0,3,106.9417985332334,E,Minor,58.11863005580354,52.01263967301416,38.157697821379,56.93005385435311,21.59530141218112,43.81816257179147,11.35570833488608,1995-09-23,1
I Love You So,The Walters,2,1973,10,21,2107,6,6944,274,1,178,6,15,135.33878384989745,A#,Major,91.26429330226722,62.28012806544648,84.66518921791253,8.38040475102611,7.274695119246598,8.642941878423464,23.459602323332327,1973-10-21,0
Daylight,Harry Styles,2,2003,11,2,3829,13,110874,200,17,92,6,21,95.4725329366874,Unknown,Major,40.42682766630599,41.74094307143616,50.99974912900882,57.165876679576535,32.51600443027523,39.63151911349354,8.734642830589852,2003-11-02,0
"Nobody Like U - From ""Turning Red""","Jordan Fisher, Josh Levi, Finneas O'Connell, 4*TOWN (From Disney and Pixarï¿½ï¿½ï¿½s Turning Red), Topher Ngo, Grayson Vill",4,2016,10,8,4811,0,149764,120,12,92,6,38,140.20801521533713,A,Minor,82.89197086590075,60.73619368029292,81.65004365454277,13.113384387412776,4.327061378739985,15.324517434538818,16.10233935223658,2016-10-08,1
A Holly Jolly Christmas - Single Version,Burl Ives,3,2007,6,17,4522,0,72402,294,2,186,9,46,101.9708006928108,Unknown,Major,50.17178004696998,50.40130183697755,37.08718527929159,63.24085345117979,45.76257862365557,36.09985733117151,8.160577304951765,2007-06-17,0
RAPSTAR,Polo G,4,2010,6,7,390,1,69167,24,11,155,1,38,101.82761192737108,F#,Major,59.7550067938616,58.61280655383939,53.0011186425818,45.35360101062145,43.108225656190704,49.10378669023072,6.199888871929935,2010-06-07,0
Get Lucky - Radio Edit,"Pharrell Williams, Nile Rodgers, Daft Punk",1,2010,4,24,4678,10,25638,98,10,133,8,7,143.08336966364712,F#,Minor,83.89184431444086,72.83042319382734,71.64356335817808,22.37586983879181,4.3037681667907535,6.909841603605029,19.64153576240595,2010-04-24,1
Out of Time,The Weeknd,4,2003,4,1,2407,2,120312,297,11,184,7,0,131.61037225418124,Unknown,Minor,94.82054587726762,76.0808135847147,87.13917544434176,9.075583560195778,6.409553179806217,9.129741314032133,17.40727610612745,2003-04-01,1
Blessed-Cursed,ENHYPEN,3,1993,11,27,3711,0,182096,10,11,33,5,4,144.53983668635323,E,Minor,92.97652389585554,68.10202246522113,87.67527367178093,22.1265513398214,8.397140729812635,6.9441565607805655,19.9967443257733,1993-11-27,1
People Pt.2 (feat. IU),"IU, Agust D",4,2006,8,20,2052,8,162414,111,9,5,6,16,146.31556269534866,G,Minor,94.5795350359328,67.06282581931863,78.69604888736097,6.978175417017054,0.451812705880853,11.153132577283971,19.73806363766544,2006-08-20,1
Daddy Issues,The Neighbourhood,3,2011,5,5,2599,7,24190,15,11,130,7,2,108.47804011771366,A#,Major,48.728413341016456,56.58524659117936,54.891933944706935,67.1567611354603,25.836338532189306,50.92100686041346,9.584246374868457,2011-05-05,0
Hits Different,Taylor Swift,4,2013,6,19,2743,16,55942,105,0,171,9,13,146.98651041094584,F,Major,82.32421327236067,78.55540291553702,79.5470663813754,14.79641036431428,2.730359613793284,9.022466973399707,27.073520513823365,2013-06-19,0
Kill Bill,SZA,3,2016,3,29,3413,12,141140,200,0,105,5,21,143.66460158630034,G#,Major,94.4947926157062,60.99131886208687,85.31113471495678,22.494647901724385,5.509935271334435,5.1740052356989965,27.150975763001117,2016-03-29,0
Best Friends,The Weeknd,1,2006,2,5,1735,4,93277,149,1,180,6,49,92.4463566010839,E,Minor,51.34383092126647,47.32613247572794,30.2262229105192,64.81411761154291,37.70710592830414,53.51090098126463,8.728724991792895,2006-02-05,1
Curtains,Ed Sheeran,1,1980,3,13,2669,13,18187,101,18,57,7,43,134.76311104841497,F#,Minor,84.97278607445905,60.897321299225744,73.37649552346171,20.45334683428997,3.8453509440445535,5.152843944275152,23.442562594320066,1980-03-13,1
Christmas (Baby Please Come Home),Darlene Love,5,2016,1,14,1517,7,77647,236,7,159,8,10,102.53629754603644,D#,Major,42.73012453559922,42.34600274227535,54.03162357017921,47.870730644629525,32.00033618024105,50.31709570384797,6.316502431868107,2016-01-14,0
